1	kurzer	ADJA
2	Bericht	NN
3	/	$(
4	wie	PWAV
5	sich	PRF
6	Hauß= Vaͤter	NN
7	und	KON
8	Mütter	NN
9	/	$(
10	auch	ADV
11	jedermänniglich	ADJD
12	in	APPR
13	dieser	PDAT
14	gefährlichen	ADJA
15	Pest = Zeit	NN
18	verhalten	VVINF
19	und	KON
20	mit	APPR
21	Arzneien	NN
22	versorgen	VVINF
23	soll	VMFIN
24	.	$.
1	dem	ART
2	lieben	VVFIN
3	Armut	NN
4	zu	PTKZU
5	gute	ADJA
6	/	$(
7	aus	APPR
8	treuen	ADJA
9	und	KON
10	wohlmeinenden	ADJA
11	Gemüt	NN
12	vorgestellt	VVPP
13	durch	APPR
14	Martinum	NE
15	Heer	NE
16	/	$(
17	Medikus	NN
1	Doktor	NE
3	und	KON
4	Stadtphysikus[6]	NN
5	zu	PTKZU
6	Görlitz	NE
7	.	$.
8	nebst	APPR
9	einem	ART
10	Anhang	VVFIN
11	vieler	PIAT
12	nützlichen	ADJA
13	und	KON
14	in	APPR
15	diesen	PDAT
16	Fällen	NN
17	bewährten	ADJA
18	Pestmittel	NN
19	/	$(
20	wie	PWAV
21	auch	ADV
22	drei	CARD
23	ihrer	PPOSAT
24	sonderbaren	ADJA
25	tugendhalben	NN
26	unschätzbare	ADJA
27	Remedia	NN
28	wider	ADV
29	die	ART
30	Pestilenz	NN
31	höchstheilsamlich	NN
32	zu	PTKZU
33	gebrauchen	VVINF
34	Görlitz	NE
35	im	APPRART
36	Jahr	NN
37	Christi	NE
38	1680	CARD
39	.	$.
1	bei	APPR
2	dieser	PDAT
3	,	$,
4	betrübten	VVFIN
5	und	KON
6	gefährlichen	ADJA
7	Pestzeit	NN
8	dem	ART
9	lieben	VVFIN
10	Armut	NN
11	zugute	PTKZU
12	/	$(
13	schreibe	VVFIN
14	ich	PPER
15	diese	PDAT
16	Hausarzneien	NN
17	/	$(
18	mit	APPR
19	welchen	PWAT
20	sich	PRF
21	ein	ART
22	jeder	PIAT
23	Unvermögender	NN
24	und	KON
25	armer	ADJA
26	Hausvater	NN
27	/	$(
28	oder	KON
29	andere	ADJA
30	Person	NN
31	wenigen	PIAT
32	Mitteln	NN
33	in	APPR
34	oder	KON
35	außer	APPR
36	der	ART
37	Stadt	NN
39	versehe	VVFIN
40	;	$;
41	und	KON
42	dies	PDS
43	zu	PTKZU
44	thun	VVINF
45	/	$(
46	auch	ADV
47	dem	ART
48	Gewissen	NN
49	nach	APPR
50	/	$(
51	wird	VAFIN
52	ein	ART
53	jeder	PIAT
54	schuldig	ADJD
55	und	KON
56	verbunden	VVPP
57	seyn	VVINF
58	;	$;
59	welche	PWAT
60	Arzneien	NN
61	auch	ADV
62	jedermann	PIS
63	mehrenteils	ADV
64	in	APPR
65	seinem	PPOSAT
66	Gärtlein	NN
67	hat	VAFIN
68	/	$(
69	oder	KON
70	haben	VAFIN
71	kann	VMFIN
72	/	$(
73	oder	KON
74	da	ADV
75	sonst	ADV
76	leicht	ADJD
77	ohne	APPR
78	sonderliche	ADJA
79	Unkosten	NN
80	zuweg e 	ADV
81	bringen	VVINF
82	wird	VAFIN
83	/	$(
84	auf	APPR
85	dass	KOUS
86	doch	ADV
87	einiger	PIAT
88	massen	NN
89	anderer	ADJA
90	unordentlicher	ADJA
91	selbst	PDS
92	zu	PTKZU
93	Unrecht	NN
94	erdichteter	ADJA
95	Gebrauch	NN
96	verhindert	VVPP
97	werden	VAINF
98	möge	VMFIN
99	.	$.
1	wer	PWS
2	demnach	PAV
3	auch	ADV
4	sei	VAFIN
5	/	$(
6	der	ART
7	unvermögend	ADJD
8	/	$(
9	und	KON
10	in	APPR
11	Pestnot	NN
12	gerät	VVFIN
13	/	$(
14	nächst	APPR
15	andächtigem	ADJA
16	Gebet	NN
17	zu	PTKZU
18	GOtt	NN
19	/	$(
20	dass	KOUS
21	er	PPER
22	wolle	VMFIN
23	schonen	VVINF
24	/	$(
25	und	KON
26	nicht	PTKNEG
27	nach	APPR
28	Verdienst	NN
29	ablohnen	VVINF
30	/	$(
31	bereite	VVFIN
32	dieses	PDAT
33	/	$(
34	oder	KON
35	lasse	VVFIN
36	es	PPER
37	bereiten	VVFIN
38	/	$(
39	nämlich	ADV
40	:	$.
41	(	$(
42	1.	ADJA
43	)	$(
1	nimm	NE
2	Alantwurzel	NN
3	/	$(
4	Großklettenwurzel	NE
5	/	$(
6	Liebstöckelwurzel	NE
7	/	$(
8	Schöllkrautwurzel	NE
9	/	$(
10	Pestilenzwurzel	NE
11	/	$(
12	(	$(
13	oder	KON
14	Neunkraftwurzel	NN
15	)	$(
16	Angelikawurzel	NE
17	/	$(
18	Wacholderbeeren	NN
19	/	$(
20	jedes	PIAT
21	1.	ADJA
22	Lot	NN
23	/	$(
24	diese	PDAT
25	alle	PIAT
26	/	$(
27	oder	KON
28	doch	ADV
29	die	ART
30	meisten	PIAT
31	/	$(
32	welche	PWAT
33	du	PPER
34	haben	VAFIN
35	kannst	VMFIN
36	/	$(
37	schneide	VVFIN
38	klein	ADJD
39	/	$(
40	gieße	NN
41	guten	ADJA
42	starken	ADJA
43	Weinessig	NN
44	darauf	PAV
45	/	$(
46	in	APPR
47	einem	ART
48	irdenen	ADJA
49	/	$(
50	oder	KON
51	gläsernen	ADJA
52	Gefäß	NN
53	oder	KON
54	Flaschen	NN
55	/	$(
56	3.	ADJA
57	oder	KON
58	4.	ADJA
59	zwerch	ADV
60	Finger	NN
61	hoch	ADJD
62	/	$(
63	vermache	VVIMP
64	das	ART
65	Gefäß	NN
66	oben	ADV
67	wohl	ADV
68	/	$(
69	und	KON
70	stelle	VVFIN
71	es	PPER
72	auf	APPR
73	den	ART
74	Ofen	NN
75	/	$(
76	nicht	PTKNEG
77	zu	PTKZU
78	warm	ADJD
79	/	$(
80	auch	ADV
81	nicht	PTKNEG
82	zu	PTKZU
83	kalt	ADJD
84	/	$(
85	rühre	VVFIN
86	es	NE
87	alle	PIAT
88	Morgen	NN
89	untereinander	ADV
90	/	$(
91	und	KON
92	wenn	KOUS
93	es	PPER
94	drey	CARD
95	oder	KON
96	vier	CARD
97	Tage	NN
98	gestanden	VVPP
99	/	$(
100	so	ADV
101	gieße	NN
102	den	ART
103	Essig	NN
104	ab	PTKVZ
105	/	$(
106	es	PPER
107	kann	VMFIN
108	auch	ADV
109	wohl	ADV
110	unabgegossen	ADJD
111	alles	PIS
112	beisammen	PTKVZ
113	gelassen	VVPP
114	werden	VAINF
115	.	$.
1	von	APPR
2	diesem	PDAT
3	Pestessig	NN
4	brauche	VVFIN
5	ein	ART
6	Erwachsenes	NN
7	jeglichen	PIAT
8	Morgen	NN
9	zur	APPRART
10	Verwahrung	NN
11	vor	APPR
12	der	ART
13	Pest	NN
14	einen	ART
15	halben	ADJA
16	Löffel	NN
17	voll	ADJD
18	/	$(
19	und	KON
20	so	ADV
21	er	PPER
22	es	PPER
23	wohl	ADV
24	vertrüge	VVFIN
25	/	$(
26	wohl	ADV
27	einem	ART
28	ganzen	ADJA
29	Löffel	NN
30	voll	ADJD
31	/	$(
32	oder	KON
33	nehme	VVFIN
34	früh	ADJA
35	etliche	PIAT
36	Stücklein	NN
37	der	ART
38	im	APPRART
39	Pestessig	NN
40	liegenden	ADJA
41	Wurzeln	NN
42	/	$(
43	und	KON
44	genieße	VVFIN
45	sie	PPER
46	.	$.
1	Uber	APPR
2	diß	PDS
3	kann	VMFIN
4	bisweilen	ADV
5	früh	ADJD
6	etliche	PIAT
7	Bissen	VVFIN
8	Brot	NN
9	mit	APPR
10	Butter	NN
11	/	$(
12	Salz	NN
13	und	KON
14	frischer	ADJA
15	Rauten	NN
16	genommen	VVPP
17	werden	VAINF
18	.	$.
1	denn	KON
2	des	ART
3	Salzes	NN
4	Kraft	NN
5	in	APPR
6	der	ART
7	Pest	NN
8	auch	ADV
9	nicht	PTKNEG
10	gering	ADJA
11	zu	PTKZU
12	achten	ADJA
13	.	$.
1	wer	PWS
2	ausgehen	VVINF
3	will	VMFIN
4	/	$(
5	oder	KON
6	soll	VMFIN
7	/	$(
8	esse	VVFIN
9	zuvor	ADV
10	etwas	PIS
11	/	$(
12	bestreiche	ADJA
13	Mund	NN
14	und	KON
15	Nasen	NN
16	mit	APPR
17	dem	ART
18	Pestessig	NN
19	:	$.
20	item	NN
21	kann	VMFIN
22	ein	ART
23	Schwämmlein	NN
24	in	APPR
25	denselbigen	PDAT
26	eintauchen	VVINF
27	und	KON
28	im	APPRART
29	Mund	NN
30	halten	VVINF
31	.	$.
1	2.	ADJA
1	wer	PWS
2	aber	ADV
3	den	ART
4	innerlichen	ADJA
5	Gebrauch	NN
6	des	ART
7	Pestessigs	NN
8	nicht	PTKNEG
9	wohl	ADV
10	vertrüge	VVFIN
11	/	$(
12	wie	KOKOM
13	denn	KON
14	nicht	PTKNEG
15	ein	ART
16	jedwede	PIAT
17	Arznei	NN
18	mit	APPR
19	Essig	NN
20	bereitet	VVFIN
21	verträgt	VVFIN
22	/	$(
23	der	ART
24	bereite	VVFIN
25	oder	KON
26	lasse	VVFIN
27	sich	PRF
28	bereiten	VVFIN
29	diese	PDAT
30	Latwerge	NN
31	:	$.
32	nimm	NE
33	Wacholderbeersaft	NN
34	8.	ADJA
35	Lot	NN
40	/	$(
41	Knoblauch	NN
42	/	$(
43	und	KON
44	frische	ADJA
45	Rauten	NN
46	/	/
47	jedes	PIS
48	4.	ADJA
49	Lot	NN
50	/	$(
51	diese	PDAT
52	zwei	CARD
53	klein	ADJD
54	geschnitten	VVPP
55	stoß	VVIMP
56	oder	KON
57	reibe	VVFIN
58	es	PPER
59	zusammen	ADV
60	in	APPR
61	irrdenen	ADJA
62	Gefäßen	NN
63	mit	APPR
64	Zugießen	VVINF
65	ein	ART
66	wenig	PIS
67	guten	ADJA
68	Weinessigs	NN
69	/	$(
70	bis	VVFIN
71	es	PPER
72	zu	PTKZU
73	einer	ART
74	Latwerge	NN
75	/	$(
76	oder	KON
77	fast	ADV
78	dicken	ADJA
79	Brei	NN
80	werde	VAFIN
81	/	$(
82	verwahre	VVFIN
83	es	PPER
84	wohl	ADV
85	in	APPR
86	einem	ART
87	irdenen	ADJA
88	Gefäß	NN
89	oder	KON
90	Glas	NE
91	.	$.
1	und	KON
2	hiervon	PAV
3	nehme	VVFIN
4	ein	ART
5	Erwachsener	NN
6	alle	PIAT
7	Morgen	NN
8	zwei	CARD
9	Messerspitzen	NN
10	zur	APPRART
11	Bewahrung	NN
12	vor	APPR
13	der	ART
14	Pest	NN
15	/	$(
16	ein	ART
17	Unerwachsener	NN
18	eine	ART
19	Messerspitze	NN
20	.	$.
1	wohl	ADV
2	aber	ADV
3	tut	VVFIN
4	der	ART
5	Hausvater	Hausvater
6	/	$(
7	der	ART
8	vor	APPR
9	sich	PRF
10	und	KON
11	die	ART
12	Seinigen	PPOSAT
13	beide	PIAT
14	Arzneien	NN
15	/	$(
16	Pestessig	NN
17	und	KON
18	Pestlatwerge	NN
19	bereitet	VVFIN
20	/	$(
21	und	KON
22	einen	ART
23	Morgen	NN
24	innerlich	ADJD
25	von	APPR
26	den	ART
27	Pestessig	NN
28	/	$(
29	den	ART
30	anderen	ADJA
31	Morgen	NN
32	von	APPR
33	der	ART
34	Pestlatwerge	NN
35	braucht	VVFIN
36	/	$(
37	und	KON
38	mit	APPR
39	diesen	PDAT
40	beiden	PIAT
41	Arzneien	NN
42	alle	PIAT
43	Morgen	NN
44	solcher	PIAT
45	massen	NN
46	umwechselt	VVFIN
47	.	$.
1	3.	ADJA
2	ferner	ADV
3	ist	VAFIN
4	auch	ADV
5	zur	APPRART
6	Verwahrung	NN
7	vor	APPR
8	der	ART
9	Pest	NN
10	nötig	ADJD
11	/	$(
12	dass	KOUS
13	/	$(
14	der	ART
15	noch	ADV
16	gesund	ADJD
17	ist	VAFIN
18	/	$(
19	zu	PTKZU
20	solcher	PIAT
21	Zeit	NN
22	wohl	ADV
23	esse	VVFIN
24	/	$(
25	und	KON
26	zwar	ADV
27	zu	PTKZU
28	seiner	PPOSAT
29	Sättigung	NN
30	was	PWS
31	ihm	PPER
32	schmeckt	VVFIN
33	/	$(
34	und	KON
35	Gott	NN
36	beschert	VVPP
37	/	$(
38	da	ADV
39	denn	KON
40	bei	APPR
41	Tisch	NN
42	geriebener	VVPP
43	Meerrettich	NE
44	/	$(
45	oder	KON
46	Kren	NN
47	mit	APPR
48	Weinessig	NN
49	/	$(
50	und	KON
51	ein	ART
52	wenig	PIS
53	Safran	NN
54	soll	VMFIN
55	zum	APPRART
56	Eintauchen	NN
57	genutzt	VVPP
58	werden	VAINF
59	.	$.
1	sehe	VVFIN
2	auch	ADV
3	zu	PTKZU
4	/	$(
5	dass	KOUS
6	/	$(
7	wo	PWAV
8	nur	ADV
9	einige	PIAT
10	Möglichkeit	NE
11	des	ART
12	Armuts	NN
13	wegen	APPR
14	/	$(
15	sich	PRF
16	gutes	ADJD
17	starkes	ADJD
18	Bier	NN
19	zu	PTKZU
20	trinken	VVINF
21	schaffe	VVFIN
22	:	$.
23	aber	KON
24	allen	PIAT
25	Branntweins	NN
26	sich	PRF
27	enthalte	VVFIN
28	/	$(
29	item	ADV
30	in	APPR
31	aller	PIAT
32	seiner	PPOSAT
33	Armut	NN
34	sich	PRF
35	/	$(
36	so	ADV
37	viel	ADV
38	möglich	ADJD
39	/	$(
40	bemühe	VVFIN
41	/	$(
42	ein	ART
43	freudiges	ADJA
44	Herz	NN
45	zu	PTKZU
46	haben	VAFIN
47	/	$(
48	und	KON
49	entschlage	VVFIN
50	sich	PRF
51	aller	PIAT
52	Traurigkeit	NN
53	/	$(
54	Schreckens	NN
55	/	$(
56	und	KON
57	glaube	VVFIN
58	festiglich	PTKVZ
59	/	$(
60	er	PPER
61	werde	VAFIN
62	von	APPR
63	der	ART
64	Pest	NN
65	nicht	PTKNEG
66	angefallen	VVPP
67	werden	VAINF
68	/	$(
69	Gott	NN
70	werde	VAFIN
71	ihn	PPER
72	behüten	VVINF
73	:	$.
74	meide	VVFIN
75	aber	ADV
76	auch	ADV
77	die	ART
78	Gelegenheit	NN
79	/	$(
80	und	KON
81	gehe	VVFIN
82	nicht	PTKNEG
83	an	APPR
84	unrichtige	ADJA
85	Orte	NN
86	/	$(
87	und	KON
88	lasse	VVFIN
89	nichts	PIS
90	Verdächtiges	ADJA
91	in	APPR
92	sein	VAINF
93	Haus	NN
94	eintragen	VVINF
95	oder	KON
96	kommen	VVFIN
97	.	$.
1	im	APPRART
2	Hause	NN
3	oder	KON
4	Stuben	NN
5	soll	VMFIN
6	täglich	ADJD
7	früh	ADJD
8	und	KON
9	abends	NN
10	geräuchert	VVPP
11	werden	VAINF
12	/	$(
13	mit	APPR
14	Schwefel	NN
15	/	$(
16	und	KON
17	so	ADV
18	diesen	PDAT
19	jemand	PIS
20	nicht	PTKNEG
21	vertrüge	VVFIN
22	/	$(
23	mit	APPR
24	Wermut	NN
25	/	$(
26	Wacholderbeeren	NN
27	/	$(
28	mit	APPR
29	Pech	NN
30	/	$(
31	mit	APPR
32	Harz	NE
33	/	$(
34	und	KON
35	lasse	VVFIN
36	den	ART
37	Wind	NN
38	/	$(
39	wenn	KOUS
40	er	PPER
41	stark	ADJD
42	weht	VVFIN
43	/	$(
44	wohl	ADV
45	durchs	APPRART
46	Haus	NN
47	gehen	VVINF
48	/	$(
49	sonderlich	ADJD
50	wenn	KOUS
51	der	ART
52	Nordwind	NN
53	weht	VVFIN
54	.	$.
1	die	ART
2	Fenster	NN
3	lasse	VVFIN
4	nach	APPR
5	dem	ART
6	Räuchern	NN
7	etwas	PIS
8	öffnen	VVINF
9	/	$(
10	damit	PAV
11	der	ART
12	übrige	ADJA
13	Dunst	NN
14	und	KON
15	Dampf	NN
16	sich	PRF
17	verlieren	VVINF
18	möge	VMFIN
19	.	$.
1	kann	VMFIN
2	es	PPER
3	der	ART
4	Hausvater	NN
5	haben	VAFIN
6	/	$(
7	so	ADV
8	lasse	VVFIN
9	er	PPER
10	fast	ADV
11	stets	ADV
12	ein	ART
13	mäßiges	ADJA
14	Feuer	NN
15	in	APPR
16	der	ART
17	Küche	NN
18	unterhalten	VVPP
19	/	$(
20	wobei	PWAV
21	die	ART
22	Hausgenossen	NN
23	sich	PRF
24	oft	ADV
25	befinden	VVFIN
26	mögen	VMFIN
27	.	$.
1	und	KON
2	hüte	VVFIN
3	sich	PRF
4	ja	ADV
5	zu	PTKZU
6	solcher	PIAT
7	betrübten	VVFIN
8	und	KON
9	gefährlichen	ADJA
10	Zeit	NN
11	jedermann	PIS
12	für	APPR
13	Baden	NN
14	/	$(
15	Purgieren	NE
16	/	$(
17	Aderlassen	NN
18	/	$(
19	Schröpfen	NN
20	/	$(
21	welches	PRELS
22	alles	PIS
23	zu	PTKZU
24	unterlassen	VVINF
25	:	$.
26	hingegen	ADV
27	aber	ADV
28	schwitze	VVFIN
29	jedweder	PIAT
30	/	$(
31	der	ART
32	noch	ADV
33	gesund	ADJD
34	ist	VAFIN
35	/	$(
36	wöchentlich	ADJD
37	ein	ART
38	Mal	NN
39	/	$(
40	oder	KON
41	zwei	CARD
42	Mal	NN
43	gegen	APPR
44	Morgen	NN
45	/	$(
46	jedesmal	ADV
47	eine	ART
48	Stunde	NN
49	lang	ADJD
50	/	$(
51	brauche	VVFIN
52	selbigen	ADJA
53	Abend	NN
54	vorher	ADV
55	von	APPR
56	der	ART
57	Pestlatwerge	NN
58	4.	ADJA
59	oder	KON
60	5.	ADJA
61	Messerspitzen	NN
62	auf	APPR
63	einmal	ADV
64	.	$.
1	und	KON
2	dies	PDS
3	sei	VAFIN
4	kürzlich	ADV
5	zur	APPRART
6	Verwahrung	NN
7	vor	APPR
8	der	ART
9	Pest	NN
10	.	$.
1	4.	ADJA
2	wenn	KOUS
3	aber	ADV
4	und	KON
5	sobald	ADV
7	jemand	PIS
8	vermutet	VVFIN
9	/	$(
10	dass	KOUS
11	er	PPER
12	von	APPR
13	der	ART
14	Pest	NN
15	angesteckt	VVPP
16	sei	VAFIN
17	/	$(
18	und	KON
19	anfinge	VVFIN
20	etwa	ADV
21	über	APPR
22	Hauptweh	NN
23	/	$(
24	Frost	NN
25	oder	KON
26	Herzweh	NN
27	/	$(
28	Bangigkeit	NN
29	/	$(
30	Übelsein	NN
31	des	ART
32	Magens	NN
33	zu	PTKZU
34	klagen	VVFIN
35	/	$(
36	oder	KON
37	wäre	VAFIN
38	an	APPR
39	einem	ART
40	unrichtigen	ADJA
41	Ort	NN
42	gewesen	VAPP
43	/	$(
44	der	ART
45	nehme	VVFIN
46	bald	ADV
47	ein	ART
48	folgendes	PIS
49	Tränklein	NN
50	:	$.
51	nimm	NE
52	Knoblauchessig	NN
55	/	$(
56	Rautensaft	NN
57	/	$(
58	jedes	PIAT
59	2.	CARD
60	Loth	NN
61	/	$(
62	mische	VVFIN
63	es	PPER
64	zusammen	ADV
65	mit	APPR
66	einer	ART
67	Messerspitze	NN
68	Salz	NN
69	/	$(
70	(	$(
71	wäre	VAFIN
72	es	PPER
73	zu	PTKZU
74	scharf	ADJA
75	/	$(
76	so	ADV
77	mische	VVFIN
78	ein	ART
79	paar	PIAT
80	Löffel	NN
81	warmes	ADJD
82	Bier	NN
83	darunter	PAV
84	)	$(
85	und	KON
86	trink	VVIMP
87	es	PPER
88	auf	APPR
89	einmal	ADV
90	aus	APPR
91	/	$(
92	sobald	ADV
94	du	PPER
95	dich	PPER
96	übel	ADV
97	befindest	VVFIN
98	/	$(
99	und	KON
100	hierauf	PAV
101	lass	VVFIN
102	dich	PPER
103	wohl	ADV
104	zudecken	VVINF
105	/	$(
106	und	KON
107	bemühe	VVFIN
108	dich	PPER
109	stark	ADJD
110	zu	PTKZU
111	schwitzen	VVINF
112	.	$.
1	(	$(
2	der	ART
3	Knoblauchessig	NN
4	wird	VAFIN
5	von	APPR
6	Knoblauch	NN
7	und	KON
8	Essig	NN
9	bereitet	VVFIN
10	/	$(
11	auf	APPR
12	Art	NN
13	/	$(
14	wie	KOKOM
15	von	APPR
16	dem	ART
17	Pestessige	NN
18	gedacht	VVPP
19	worden	VAPP
20	.	$.
21	)	$(
1	worauf	PWAV
2	im	APPRART
3	Fall	NN
4	die	ART
5	Hitze	NN
6	und	KON
7	Schwachheit	NN
8	mehr	ADV
9	zu-	PTKZU
10	/	$(
11	als	KOKOM
12	abnehmen	VVINF
13	täte	VVFIN
14	/	$(
15	und	KON
16	wäre	VAFIN
17	also	ADV
18	gewiss	ADV
19	/	$(
20	dass	KOUS
21	der	ART
22	Patient	NN
23	die	ART
24	Krankheit	NN
25	recht	ADJD
26	habe	VAFIN
27	/	$(
28	so	ADV
29	soll	VMFIN
30	derselbe	PDAT
31	(	$(
32	verstehe	VVFIN
33	ein	ART
34	Erwachsener	NN
35	)	$(
36	das	ART
37	jetzt	ADV
38	beschriebene	ADJA
39	Tränklein	NN
40	von	APPR
41	Knoblauchessig	NN
42	und	KON
43	Rautensaft	NN
44	mit	APPR
45	ein	ART
46	wenig	PIS
47	Salz	NN
48	alle	PIS
49	Morgen	NE
50	brauchen	VVFIN
51	/	$(
52	und	KON
53	jedesmal	ADV
54	2.	ADJA
55	Stunden	NN
56	darauf	PTKVZ
57	schwitzen	VVINF
58	.	$.
1	5.	ADJA
2	zu	PTKZU
3	Mittag	NN
4	täglich	ADJD
5	nehme	VVFIN
6	dieses	PDAT
7	ein	ART
8	:	$.
9	nimm	VVFIN
10	Holundersaft	NN
11	1.	ADJA
12	Löffel	NN
13	voll	ADJD
14	/	$(
15	mische	VVFIN
16	darunter	PAV
17	mit	APPR
18	ein	ART
19	wenig	PIS
20	Weinessig	NN
21	/	$(
22	ein	ART
23	Quintlein	NN
24	/	$(
25	oder	KON
26	ein	ART
27	paar	PIAT
28	Messerspitzen	NN
29	klein	ADJD
30	geriebenen	ADJA
31	Schwefel	NN
32	/	$(
33	und	KON
34	dies	PDS
35	brauche	VVFIN
36	auf	APPR
37	einmal	ADV
38	worauf	PWAV
39	etliche	PIAT
40	Loͤffel	NN
41	voll	ADJD
42	Bier	NN
43	oder	KON
44	Suppe	NN
45	mögen	VMFIN
46	genommen	VVPP
47	/	$(
48	hierauf	PAV
49	aber	ADV
50	nicht	PTKNEG
51	darf	VMFIN
52	geschwitzt	VVPP
53	werden	VAINF
54	.	$.
1	zu	APPR
2	Abend	NN
3	um	APPR
4	6.	ADJA
5	Uhr	NN
6	brauche	VVFIN
7	täglich	ADJD
8	ein	ART
9	Pülverlein	NE
10	aus	APPR
11	hiesiger	ADJA
12	Apotheken	NN
13	genannt	VVPP
14	pulvis	NE
15	de	NE
16	tribus	NE
17	(	$(
18	kostet	VVFIN
19	auf	APPR
20	einmal	ADV
21	zu	PTKZU
22	brauchen	VVINF
23	1.	ADJA
24	Arg.	NN
25	)	$(
26	und	KON
27	dies	PDS
28	auf	APPR
29	einmal	ADV
30	in	APPR
31	einen	ART
32	Löffel	NN
33	Wassersuppe	NN
34	gebraucht	VVPP
35	/	$(
36	worauf	PWAV
37	abermal	ADV
38	stark	ADJD
39	zu	PTKZU
40	schwitzen	VVINF
41	.	$.
1	dergleichen	PIS
2	Pülverlein	NN
3	ist	VAFIN
4	alle	PIAT
5	andere	ADJA
6	Abend	NN
7	zu	PTKZU
8	nehmen	VVINF
9	/	$(
10	mit	APPR
11	darauf	PAV
12	folgenden	ADJA
13	Schweiß	NN
14	/	$(
15	der	ART
16	jedesmal	ADV
17	darauf	PAV
18	getrieben	VVPP
19	werden	VAINF
20	soll	VMFIN
21	/	$(
22	eine	ART
23	oder	KON
24	welches	PRELS
25	besser	ADJD
26	wäre	VAFIN
27	/	$(
28	zwei	CARD
29	Stunden	NN
30	lang	ADJA
31	.	$.
32	6.	ADJA
33	wäre	VAFIN
34	aber	ADV
35	jemand	PIS
36	auf	APPR
37	dem	ART
38	Lande	NN
39	/	$(
40	und	KON
41	könnte	VMFIN
42	wegen	APPR
43	Entlegenheit	NN
44	/	$(
45	oder	KON
46	anderer	ADJA
47	Verhindernis	NN
48	das	ART
49	Pülverlein	NN
50	nicht	PTKNEG
51	haben	VAFIN
52	/	$(
53	der	ART
54	verändere	VVFIN
55	in	APPR
56	Mangel	NN
57	desselben	PDS
58	solcher	PIAT
59	Gestalt	NN
60	diese	PDAT
61	Ordnung	NN
62	/	$(
63	dass	KOUS
64	er	PPER
65	zu	PTKZU
66	Mittag	NN
67	täglich	ADJD
68	von	APPR
69	obig	ADJD
70	beschriebener	ADJA
71	Pestlatwerge	NN
72	/	$(
73	nehme	VVFIN
74	auf	APPR
75	einmal	ADV
76	3.	ADJA
77	oder	KON
78	4.	ADJA
79	Messerspitzen	NN
80	/	$(
81	und	KON
82	nehme	VVFIN
83	täglich	ADJD
84	zu	PTKZU
85	Abends	NN
86	an	APPR
87	statt	APPR
88	des	ART
89	Pulveris	NE
90	de	NE
91	tribus	NE
92	,	$,
93	die	ART
94	schon	ADV
95	verordnete	ADJA
96	mittägige	ADJA
97	Arznei	NN
98	/	$(
99	den	ART
100	Löffel	NN
101	Holundersaft	NN
102	mit	APPR
103	dem	ART
104	Schwefel	NN
105	/	$(
106	und	KON
107	schwitze	VVFIN
108	hierauf	PAV
109	des	ART
110	Abends	NN
111	ein	ART
112	paar	PIAT
113	Stunden	NN
114	lang	ADJD
115	.	$.
1	welcher	PWAT
2	Gebrauch	NN
3	itzo	ADV
4	beschrieben	VVPP
5	/	$(
6	früh	ADJD
7	/	$(
8	mittags	NN
9	und	KON
10	abends	NN
11	täglich	ADJD
12	zu	PTKZU
13	wiederholen	VVINF
14	/	$(
15	von	APPR
16	dem	ART
17	/	$(
18	der	ART
19	an	APPR
20	der	ART
21	Pest	NN
22	liegt	VVFIN
23	/	$(
24	und	KON
25	damit	PAV
26	fortzufahren	VVINF
27	/	$(
28	5.	ADJA
29	oder	KON
30	6.	ADJA
31	Tage	NN
32	lang	ADJD
33	.	$.
1	wobei	PWAV
2	zu	PTKZU
3	merken	VVINF
4	/	$(
5	dass	KOUS
6	dem	ART
7	Patienten	NN
8	öfters	ADV
9	mag	VMFIN
10	Bier	NN
11	zu	PTKZU
12	trinken	VVINF
13	gegeben	VVPP
14	werden	VAINF
15	/	$(
16	doch	ADV
17	auf	PTK
18	einmal	ADV
19	nicht	PTKNEG
20	viel	ADJA
21	;	$;
22	des	ART
23	Wassertrinkens	NN
24	aber	ADV
25	/	$(
26	wie	KOKOM
27	auch	ADV
28	andere	ADJA
29	unzeitigen	ADJA
30	Erkühlungen	NE
31	/	$(
32	soll	VMFIN
33	sich	PRF
34	der	ART
35	Patient	NN
36	enthalten	ADJD
37	.	$.
1	7.	ADJA
2	wenn	KOUS
3	jemand	PIS
4	eine	ART
5	Pestbeule	NN
6	auffahren	VVINF
7	täte	VVFIN
8	/	$(
9	und	KON
10	könnte	VMFIN
11	in	APPR
12	Eile	NN
13	kein	PIAT
14	besseres	ADJD
15	Mittel	NN
16	erlangen	VVINF
17	/	$(
18	der	ART
19	lasse	VVFIN
20	indes	ADV
21	die	ART
22	Seinigen	NN
23	dieses	PDAT
24	bereiten	VVFIN
25	/	$(
26	auf	APPR
27	ein	ART
28	Tüchlein	NN
29	streichen	VVINF
30	/	$(
31	und	KON
32	alle	PIAT
33	6.	ADJA
34	Stunden	NN
35	frisch	ADJ
36	auflegen	APPR
37	/	$(
38	die	ART
39	abgenommenen	ADJA
40	Tüchlein	NN
41	aber	ADV
42	sollen	VMFIN
43	vergraben	VVPP
44	werden	VAINF
45	:	$.
46	nimm	NE
47	Senf	NN
48	:	$.
49	1.	ADJA
50	Lot	NN
51	/	$(
52	gekochte	ADJA
53	Zwiebeln	NN
54	/	$(
55	Honig	NN
56	/	$(
57	jedes	PIAT
58	2.	ADJA
59	Lot	NN
60	/	$(
61	Sauerteig	NN
62	1.Loth	CARD
64	/	$(
65	Salz	NN
66	1.	ADJA
67	Quintlein	NN
68	mische	VVFIN
69	und	KON
70	stoße	VVFIN
71	es	PPER
72	zusammen	ADV
73	/	$(
74	dass	KOUS
75	es	PPER
76	wie	KOKOM
77	ein	ART
78	dicker	ADJA
79	Brei	NN
80	anzusehen	VVIZU
81	sei	VAFIN
82	.	$.
1	und	KON
2	dies	PDS
3	sei	VAFIN
4	zu	PTKZU
5	dem	ART
6	nötigsten	ADJA
7	Unterricht	NN
8	des	ART
9	Armut	NN
10	in	APPR
11	der	ART
12	Pestnot	NN
13	/	$(
14	als	KOKOM
15	eine	ART
16	Hausarznei	NN
18	/	$(
19	die	ART
20	Gott	NN
21	segnen	VVINF
22	wolle	VMFIN
23	.	$.
1	Anhang	NN
2	vieler	PIAT
3	nützlicher	ADJA
4	und	KON
5	bewährter	ADJA
6	Pestmitteln	NN
7	/	$(
8	allen	NE
9	Menschen	NN
10	zu	PTKZU
11	Nutz	NN
12	beschrieben	VVPP
13	/	$(
14	und	KON
15	im	APPRART
16	Druck	NN
17	verfertigt	VVFIN
18	/	$(
19	von	APPR
20	einem	ART
21	/	$(
22	welcher	PWAT
23	hat	VAFIN
24	drei	CARD
25	Sterben	NN
26	ausgestanden	VVPP
27	.	$.
1	günstiger	NN
2	lieber	ADV
3	Leser	NN
4	.	$.
1	es	PPER
2	ist	VAFIN
3	zu	PTKZU
4	wissen	VVFIN
5	/	$(
6	dass	KOUS
7	wenn	KOUS
8	Gott	NN
9	der	ART
10	Herr	NN
11	um	APPR
12	unserer	PPOSAT
13	Sünde	NN
14	willen	NN
15	eine	ART
16	Strafe	NN
17	/	$(
18	als	KOKOM
19	sonderlich	ADJD
20	die	ART
21	Pestilentz	NE
22	uns	_
23	zuschickte	VVFIN
24	/	$(
25	so	ADV
26	soll	VMFIN
27	man	PIS
28	vor	APPR
29	allen	PIAT
30	Dingen	NN
31	erstlich	ADV
32	fleißig	ADJD
33	und	KON
34	ernstlich	ADJD
35	beten	VVFIN
36	und	KON
37	ihn	PPER
38	um	APPR
39	gnädige	ADJA
40	Verzeihung	NN
41	unserer	PPOSAT
42	Sünden	NN
43	bitten	VVINF
44	/	$(
45	wie	KOKOM
46	Gott	NN
47	selbst	ADV
48	befohlen	VVPP
49	.	$.
1	zum	APPRART
2	anderen	ADJA
3	so	ADV
4	hat	VAFIN
5	auch	ADV
6	Gott	NN
7	der	ART
8	Herr	NN
9	liebliche	ADJA
10	Arznei	NN
11	in	APPR
12	allerlei	PIAT
13	Nöten	VVINF
14	zu	PTKZU
15	brauchen	VVINF
16	befohlen	VVPP
17	/	$(
18	zu	PTKZU
19	Erhaltung	NN
20	menschliches	ADJA
21	Leibes	NN
22	.	$.
1	weil	KOUS
2	aber	ADV
3	die	ART
4	Pestilenz	NN
5	an	APPR
6	einen	ART
7	Menschen	NN
8	ehe	KOUS
9	er	PPER
10	sich	PPER
11	es	PPER
12	versieht	VVFIN
13	geschwind	ADJA
14	anfällt	VVFIN
15	/	$(
16	und	KON
17	zwar	ADV
18	an	APPR
19	einem	ART
20	immer	ADV
21	eher	ADV
22	als	KOKOM
23	an	APPR
24	den	ART
25	anderen	ADJA
26	/	$(
27	als	KOKOM
28	ist	VAFIN
29	nötig	ADJD
30	zu	PTKZU
31	wissen	VVINF
32	/	$(
33	dass	KOUS
34	sich	PRF
35	in	APPR
36	solcher	PIAT
37	Zeit	NN
38	und	KON
39	Not	NN
40	folgende	ADJA
41	Personen	NN
42	in	APPR
43	Eile	NN
44	wegmachen	PTKVZ
45	/	$(
46	als	KOKOM
47	junge	ADJA
48	Leute	NN
49	/	$(
50	Jungfrauen	NN
51	/	$(
52	schwangere	NN
53	Weiber	NN
54	und	KON
55	furchtsame	NN
56	Leute	NN
57	/	$(
58	und	KON
59	dergleichen	PIS
60	/	$(
61	denn	ART
62	dieselben	PDAT
64	bekommen	VVINF
65	es	PPER
66	gar	ADV
67	leichtlich	ADJD
68	/	$(
69	man	PIS
70	soll	VMFIN
71	auch	ADV
72	verdächtige	ADJA
73	Orte	NN
74	/	$(
75	Häuser	NN
76	und	KON
77	Personen	NN
78	meiden	VVINF
79	/	$(
80	mit	APPR
81	ihnen	PPER
82	nicht	PTKNEG
83	essen	VVINF
84	/	$(
85	trinken	VVFIN
86	oder	KON
87	sonsten	ADV
88	umgehen	VVINF
89	/	$(
90	man	PIS
91	soll	VMFIN
92	sich	PRF
93	auch	ADV
94	nicht	PTKNEG
95	voll	ADJA
96	saufen	VVINF
97	/	$(
98	auch	ADV
99	kein	PIAT
100	warmes	ADJD
101	Brot	NN
102	ins	APPRART
103	Haus	NN
104	holen	VVINF
105	/	$(
106	keine	PIAT
107	Zwiebeln	NN
108	essen	VVINF
109	/	$(
110	denn	KON
111	die	ART
112	ziehen	VVINF
113	allen	PIAT
114	Gift	NN
115	an	APPR
116	sich	PRF
117	.	$.
1	wenn	KOUS
2	man	PIS
3	in	APPR
4	angesteckten	ADJA
5	Häusern	NN
6	räuchert	VVFIN
7	/	$(
8	so	ADV
9	dringt	VVFIN
10	der	ART
11	Gift	NN
12	durch	APPR
13	die	ART
14	Ritzen	NN
15	und	KON
16	Klinsen	NE
17	in	APPR
18	die	ART
19	benachbarten	ADJA
20	Häuser	NN
21	/	$(
22	sonderlich	ADJD
23	wenn	KOUS
24	die	ART
25	hart	ADJD
26	aneinander	ADV
27	gebaut	VVPP
28	seien	VAINF
29	/	$(
30	und	KON
31	steckt	VVFIN
32	dieselbigen	PDAT
33	an	APPR
34	/	$(
35	wie	KOKOM
36	solches	PIAT
37	oft	ADV
38	erfahren	VVINF
39	ist	VAFIN
40	.	$.
1	es	PPER
2	soll	VMFIN
3	niemand	PIS
4	nüchtern	ADJD
5	ausgehen	VVINF
6	/	$(
7	er	PPER
8	habe	VAFIN
9	denn	KON
10	zuvor	ADV
11	den	ART
12	Mund	NN
13	rein	ADJD
14	gewaschen	VVPP
15	/	$(
16	und	KON
17	was	PWS
18	dem	ART
19	Gift	NN
20	entgegen	PTKVZ
21	/	$(
22	in	APPR
23	Mund	NN
24	gehalten	VVPP
25	und	KON
26	gekaut	VVPP
27	/	$(
28	wie	KOKOM
29	folgend	ADJD
30	wird	VAFIN
31	gemeldet	VVPP
32	werden	VAINF
33	.	$.
1	man	PIS
2	muss	VMFIN
3	auch	ADV
4	im	APPRART
5	Essen	NE
6	und	KON
7	Trinken	VVFIN
8	/	$(
9	in	APPR
10	Schlafen	NN
11	und	KON
12	Wachen	NN
13	mäßige	ADJA
14	Ordnung	NN
15	halten	VVINF
16	/	$(
17	und	KON
18	alles	PIS
19	was	PWS
20	unreines	ADJD
21	/	$(
22	faules	ADJD
23	/	$(
24	böses	ADJD
25	Geblüt	NN
26	macht	VVFIN
27	/	$(
28	meiden	VVINF
29	/	$(
30	als	KOKOM
31	da	ADV
32	sind	VAFIN
33	Schwämme	NN
34	/	$(
35	Pilze	NE
36	/	$(
37	Zwiebeln	NN
38	/	$(
39	Gurken	NN
40	/	$(
41	allerlei	PIAT
42	Obst	NN
43	/	$(
44	stinkendes	VVPP
45	Fleisch	NN
46	wie	KOKOM
47	auch	ADV
48	Schweinefleisch[37]	NN
49	und	KON
50	Fische	NN
51	/	$(
52	michintzend	NE
53	Getreide	NN
54	/	$(
55	warmes	ADJD
56	und	KON
57	übles	ADV
58	Bier	NN
59	/	$(
60	sehr	ADV
61	starken	ADJA
62	Wein	NN
63	/	$(
64	unreine	ADJA
65	Wasser	NN
66	und	KON
67	eheliche	ADJA
68	Werke	NN
69	.	$.
1	die	ART
2	Wohnung	NN
3	/	$(
4	soll	VMFIN
5	rein	ADJA
6	sein	VAINF
7	/	$(
8	auch	ADV
9	verwahrt	VVFIN
10	/	$(
11	so	ADV
12	viel	ADV
13	möglich	ADJA
14	vor	APPR
15	Luft	NN
16	und	KON
17	Winden	NN
18	/	$(
19	so	ADV
20	von	APPR
21	Mittag	NN
22	herkommen	VVINF
23	/	$(
24	die	ART
25	Fenster	NN
26	sollen	VMFIN
27	des	ART
28	Nachts	ADV
29	nicht	PTKNEG
30	offen	ADJD
31	/	$(
32	fürnehmlich	ADJD
33	wenn	NN
34	Nebel	NN
35	und	KON
36	Ungewitter	NN
37	vorhanden	ADJD
38	sondern	KON
39	zugetan	ADJD
40	bleiben	VVINF
41	/	$(
42	desgleichen	ADV
43	früh	ADJA
44	bis	APPR
45	2.	CARD
46	Stunden	NN
47	nach	APPR
48	der	ART
49	Sonnen	NN
50	Aufgang	NN
51	.	$.
1	man	PIS
2	soll	VMFIN
3	die	ART
4	Behausung	NN
5	täglich	ADJD
6	früh	ADJD
7	und	KON
8	auf	APPR
9	den	ART
10	Abend	NN
11	beräuchern	VVINF
12	.	$.
1	es	PPER
2	soll	VMFIN
3	ein	ART
4	Wirt	NN
5	allen	PIAT
6	Mist	NN
7	/	$(
8	Kehricht	NE
9	/	$(
10	Kot	NN
11	und	KON
12	Unflat	NN
13	herausschaffen[39]	PTKVZ
14	herausschaffen[39]	VVINF
15	/	$(
16	damit	PAV
17	dieser	PDAT
18	Seuche	NN
19	nicht	PTKNEG
20	Ursache	NN
21	gegeben	VVINF
22	werde	VAFIN
23	.	$.
1	über	APPR
2	das	ART
3	soll	VMFIN
4	man	PIS
5	die	_
6	Häuser	_
7	nicht	PTKNEG
8	leichtlich	ADJD
9	öffnen	VVINF
10	oder	KON
11	daraus	PAV
12	gehen	VVINF
13	/	$(
14	und	KON
15	sollen	VMFIN
16	die	ART
17	Gassen	NN
18	rein	ADJD
19	halten	VVINF
20	/	$(
21	denn	KON
22	es	PPER
23	ist	VAFIN
24	leicht	ADJD
25	geschehen	VVPP
26	/	$(
27	dass	KOUS
28	man	PIS
29	über	APPR
30	eine	ART
31	böse	ADJA
32	Spur	NN
33	geht	VVFIN
34	/	$(
35	so	ADV
36	schießt	ADJD
37	auch	ADV
38	der	ART
39	Teufel	NE
40	seine	PPOSAT
41	Pfeile	NN
42	auf	APPR
43	den	ART
44	Gassen	NN
45	umher	PTKVZ
46	/	$(
47	und	KON
48	wem	PWS
49	er	PPER
50	trifft	VVFIN
51	der	ART
52	muss	VMFIN
53	mit	APPR
54	.	$.
1	auch	ADV
2	ist	VAFIN
3	sorglich	ADJD
4	in	APPR
5	neuen	ADJA
6	getünchten	ADJA
7	Gemächern	NN
8	und	KON
9	da	ADV
10	Nussbäume	NN
11	/	$(
12	Buchsbäume	NN
13	/	$(
14	Rüben	NE
15	und	KON
16	Kraut	NN
17	stehen	VVFIN
18	/	$(
19	in	APPR
20	dieser	PDAT
21	Zeit	NN
22	wohnen	VVINF
23	.	$.
1	ein	ART
2	Feuer	NN
3	gemacht	VVPP
4	von	APPR
5	Eichenholz	NN
6	oder	KON
7	Wacholder	NN
8	/	$(
9	so	ADV
10	reinigt	VVFIN
11	sich	PRF
12	die	ART
13	Luft	NN
14	/	$(
15	wird	VAFIN
16	subtiler	ADJD
17	und	KON
18	gelinder	ADJA
19	/	$(
21	der	ART
22	Mensch	NN
23	wird	VAFIN
24	auch	ADV
25	gesünder	ADJD
26	/	$(
27	und	KON
28	fasst	VVFIN
29	einen	ART
30	besseren	ADJA
31	Mut	NN
32	.	$.
1	wäre	VAFIN
2	ja	ADV
3	jemand	PIS
4	infiziert	VVPP
5	oder	KON
6	vergiftet	VVPP
7	worden	VAPP
8	/	$(
9	so	ADV
10	merkt	VVFIN
11	man	PIS
12	es	PPER
13	daraus	PAV
14	:	$.
15	es	PPER
16	kommt	VVFIN
17	ihn	PPER
18	ein	_
19	Schauer	_
20	/	$(
21	Zittern	NN
22	und	KON
23	Grauen	NN
24	an	APPR
25	/	$(
26	oder	KON
27	eine	ART
28	Hitze	NN
29	/	$(
30	Ohnmacht	NN
31	/	$(
32	mit	APPR
33	einen	ART
34	heftigen	ADJA
35	Wehtagen	NN
36	des	ART
37	Haupts	NN
38	/	$(
39	so	ADV
40	geschwinde	ADJA
41	/	$(
42	dass	ART
43	alsbald	ADV
44	alle	PIAT
45	Kräfte	NN
46	hinweg	APZR
47	fallen	VVINF
48	/	$(
49	samt	APPR
50	einen	ART
51	Drücken	NN
52	um	APPR
53	s	PPER
54	Hertz	NN
55	/	$(
56	kurzen	ADJA
57	Atem	NN
58	/	$(
59	Grauen	NN
60	zum	APPRART
61	Essen	NE
62	/	$(
63	will	VMFIN
64	sich	PRF
65	brechen	VVINF
66	/	$(
67	ist	VAFIN
68	schläfrig	ADJD
69	/	$(
70	hat	VAFIN
71	ein	ART
72	Hertzzittern	NN
73	/	$(
74	und	KON
75	dergleichen	PIS
76	.	$.
1	er	PPER
2	soll	VMFIN
3	sich	PRF
4	vor	APPR
5	allen	PIAT
6	Dingen	NN
7	des	ART
8	Schlafs	NN
9	enthalten	ADJD
10	/	$(
11	so	ADV
12	lange	ADV
13	möglich	ADJD
14	/	$(
15	wenn	KOUS
16	er	PPER
17	einen	ART
18	Tag	NN
19	und	KON
20	Nacht	NN
21	nicht	PTKNEG
22	schliefe	VVFIN
23	wäre	VAFIN
24	sehr	ADV
25	gut	ADJD
26	/	$(
27	damit	PAV
28	der	ART
29	Gift	NN
30	nicht	PTKNEG
31	zum	APPRART
32	Herzen	NN
33	käme	VVFIN
34	/	$(
35	darauf	PAV
36	brauche	VVFIN
37	er	PPER
38	einen	ART
39	Schweißtrank	NN
40	/	$(
41	oder	KON
42	so	ADV
43	sie	PPER
44	solchen	PIAT
45	nicht	PTKNEG
46	haben	VAFIN
47	können	VMFIN
48	/	$(
49	nehmen	VVINF
50	sie	PPER
51	Angelica	NE
52	/	$(
53	Natterwurzel	NN
54	/	$(
55	Galgantwurzel	NN
56	/	$(
57	Rautenblätter	NN
58	/	$(
59	Kardobenedicten	NE
60	/	$(
61	Wacholderbeeren	NN
62	oder	KON
63	dergleichen	PIS
64	/	$(
65	dass	KOUS
66	es	PPER
67	sämtlich	ADJD
68	2.	ADJA
69	Lot	NN
70	sei	VAFIN
71	/	$(
72	und	KON
73	sieden	VVINF
74	solches	PIAT
75	in	APPR
76	ein	ART
77	Viertel	NN
78	Weins	NN
79	oder	KON
80	Essigs	NN
81	und	KON
82	nehmen	VVINF
83	es	PPER
84	als	KOKOM
85	ein	ART
86	/	$(
87	und	KON
88	schwitzen	VVINF
89	wohl	ADV
90	darauf	PAV
91	.	$.
1	wenn	KOUS
2	ein	ART
3	Weib	NN
4	vergiftet	VVPP
5	wird	VAFIN
6	/	$(
7	so	ADV
8	vergiftet	VVPP
9	sie	PPER
10	alles	PIS
11	was	PWS
12	sie	PPER
13	ansieht	VVFIN
14	.	$.
1	wenn	KOUS
2	ein	ART
3	Mensch	NN
4	über	APPR
5	die	ART
6	Gassen	NN
7	geht	VVFIN
8	/	$(
9	und	KON
10	von	APPR
11	einem	ART
12	vergifteten	ADJA
13	Weib	NN
14	angesehen	VVPP
15	wird	VAFIN
16	/	$(
17	so	ADV
18	kann	VMFIN
19	er	PPER
20	es	PPER
21	von	APPR
22	ihr	PPOSAT
23	bekommen	VVINF
24	.	$.
25	oder	KON
26	so	ADV
27	sie	PPER
28	in	APPR
29	Monden	NN
30	am	APPRART
31	Himmel	NN
32	sieht	VVFIN
33	/	$(
34	und	KON
35	andere	ADJA
36	auch	ADV
37	hinein	APZR
38	sehen	VVINF
39	/	$(
40	so	ADV
41	können	VMFIN
42	sie	PPER
43	es	PPER
44	von	APPR
45	ihr	PPOSAT
46	bekommen	VVINF
47	.	$.
1	wie	PWAV
2	sie	PPER
3	dann	ADV
4	auch	ADV
5	einen	ART
6	Spiegel	NN
7	mit	APPR
8	ihren	PPOSAT
9	Gesicht	NN
10	vergiften	VVINF
11	kann	VMFIN
12	.	$.
1	jedoch	ADV
2	wenn	KOUS
3	ein	ART
4	solcher	PIAT
5	Mensch	NN
6	Schellkraut	NN
7	und	KON
8	Schellwurzel	NN
9	bei	APPR
10	sich	PRF
11	trägt	VVFIN
12	/	$(
13	so	ADV
14	kann	VMFIN
15	ihm	PPER
16	ein	ART
17	solches	PIAT
18	Weib	NN
19	mit	APPR
20	ihrem	PPOSAT
21	Ansehen	NN
22	nicht	PTKNEG
23	schaden	VVINF
24	.	$.
1	wen	PWS
2	die	ART
3	Pest	NN
4	schon	ADV
5	angesteckt	VVPP
6	hat	VAFIN
7	/	$(
8	der	ART
9	laß	VVIMP
10	seinen	PPOSAT
11	Urin	NN
12	erstlich	ADV
13	ein	ART
14	wenig	PIS
15	ablaufen	VVINF
16	/	$(
17	das	ART
18	andere	ADJA
19	aber	ADV
20	fasse	VVFIN
21	er	PPER
22	geschwind	ADJD
23	in	APPR
24	ein	ART
25	Geschirr	NN
26	/	$(
27	und	KON
28	tue	VVFIN
29	Safran	NN
30	darzu	PAV
31	einen	ART
32	guten	ADJD
33	Teil	NN
34	/	$(
35	und	KON
36	trinke	VVIMP
37	es	PPER
38	mit	APPR
39	einander	ADV
40	aus	APPR
41	.	$.
1	man	PIS
2	mag	VVFIN
3	es	PPER
4	auch	ADV
5	alle	PIAT
6	Morgen	NN
7	zur	APPRART
8	Versicherung	NN
9	brauchen	VVFIN
10	.	$.
1	wenn	KOUS
2	eine	ART
3	Person	NN
4	den	ART
5	Gift	NN
6	oder	KON
7	die	ART
8	Pestilenz	NN
9	hat	VAFIN
10	an	APPR
11	sich	PRF
12	bekommen	VVINF
13	es	PPER
14	wäre	VAFIN
15	mit	APPR
16	Frost	NN
17	oder	KON
18	Hitze	NN
19	und	KON
20	mit	APPR
21	Schwitzen	NN
22	/	§(
23	Brechen	NN
24	/	§(
25	Stechen	NN
26	der	ART
27	Seiten	NN
28	und	KON
29	Hauptweh	NN
30	/	$(
31	als	KOKOM
32	welches	PRELS
33	alles	PIS
34	sind	VAFIN
35	Zeichen	NN
36	oder	KON
37	Vorboten	NN
38	der	ART
39	Blattern	NN
40	und	KON
41	Sterbedrüsen	NN
42	.	$.
1	der	ART
2	lasse	VVIMP
3	von	APPR
4	Stunde	NN
5	an	APPR
6	eine	ART
7	Ader	NN
8	schlagen	VVFIN
9	/	$(
10	gewinnt	VVFIN
11	oder	KON
12	bekommt	VVFIN
13	der	ART
14	Mensch	NN
15	ein	ART
16	Zeichen	NN
17	unter	APPR
18	den	ART
19	Arm	NN
20	/	$(
21	so	ADV
22	soll	VMFIN
23	ihm	PPER
24	vorne	ADV
25	am	APPRART
26	selben	ADJA
27	Arm	NN
28	eine	ART
29	Ader	NN
30	geschlagen	VVPP
31	werden	VAINF
32	/	$(
33	damit	PAV
34	sich	PRF
35	das	ART
36	giftige	ADJA
37	Geblüt	NN
38	herfür	ADV
39	von	APPR
40	dem	ART
41	Herzen	NN
42	ziehe	VVFIN
43	.	$.
1	desgleichen	KOUS
2	wo	PWAV
3	sich	PRF
4	am	APPRART
5	Leibe	NN
6	ein	ART
7	Zeichen	NN
8	befindet	VVFIN
9	/	$(
10	soll	VMFIN
11	man	PIS
12	sich	PRF
13	darnach	PAV
14	richten	VVFIN
15	.	$.
1	So	KOUS
2	einen	ART
3	die	ART
4	Pest	NN
5	anstößt	VVFIN
6	.	$.
1	nimm	NE
2	ein	ART
3	neues	ADJA
4	Ei	NN
5	/	$(
6	tue	VVFIN
7	es	PPER
8	in	APPR
9	ein	ART
10	Gefäß	NN
11	/	$(
12	rühre	VVFIN
13	einen	ART
14	Schuss	NN
15	Pulver	NN
16	darunter	PAV
17	/	$(
18	und	KON
19	eine	ART
20	Haselnuss	NN
21	groß	ADJD
22	gestoßenen	ADJA
23	Schwefel	NN
24	/	$(
25	trink	VVIMP
26	es	PPER
27	hernach	ADV
28	auf	APPR
29	einen	ART
30	Trunck	NN
31	aus	APPR
32	/	$(
33	lege	VVFIN
34	dich	PPER
35	nieder	PTKVZ
36	/	$(
37	und	KON
38	schwitze	VVFIN
39	/	$(
40	so	ADV
41	bist	VFIN
42	du	PPER
43	des	ART
44	Lebens	NN
45	nächst	APPR
46	Gott	NN
47	genesen	VVPP
48	.	$.
49	Schwefelöl	NN
50	in	APPR
51	Branntwein	NN
52	/	$(
53	morgens	ADV
54	nüchtern	ADJD
55	und	KON
56	des	ART
57	Abends	NN
58	gebraucht	VVPP
59	.	$.
1	item	NN
2	:	$.
3	Kampfer	NN
4	bei	APPR
5	sich	PRF
6	eingenäht	VVPP
7	/	$(
8	gerungen	VVPP
9	/	$(
10	bei	APPR
11	unkeuschen	ADJA
12	Leuten	NN
13	aber	ADV
14	verschwindet	VVFIN
15	et cetera	ADV
16	.	$.
1	folgende	NN
2	Kräuter	NN
3	und	KON
4	Wurzeln	NN
5	sind	VAFIN
6	vor	APPR
7	die	ART
8	Pestilenz	NN
9	auch	ADV
10	bewährt	VVPP
11	.	$.
1	Angelica	NN
2	/	$(
3	Alant	NN
4	/	$(
5	Zitwer	NN
6	/	$(
7	Galgant	NN
8	/	$(
9	Quitten	NN
10	/	$(
11	Pomerantzen	NN
12	/	$(
13	Citronen	NN
14	/	$(
15	Diptan	NE
16	/	$(
17	Natterwurtz	NN
18	/	$(
19	Wermut	NN
20	/	$(
21	Aron	NE
22	/	$(
23	Tormentil	NN
24	/	$(
25	Bibernelle	NN
26	/	$(
27	Baldrian	NN
28	/	$(
29	Lorbern	NN
30	/	$(
31	Meisterwurtz	NN
32	und	KON
33	Myrrhe	NN
34	:	$.
1	von	APPR
2	diesen	PDAT
3	Wurzeln	NN
4	eines	ART
5	im	APPRART
6	Mund	NN
7	genommen	VVPP
8	/	$(
9	gekäut	VVPP
10	/	$(
11	gegessen	VVPP
12	oder	KON
13	bei	APPR
14	sich	PRF
15	getragen	VVPP
16	/	$(
17	ist	VAFIN
18	wider	APPR
19	die	ART
20	pestilenzische	NE
21	Gift	NN
22	gar	ADV
23	eine	ART
24	kräftige	ADJA
25	Arznei	NN
26	und	KON
27	gut	ADJD
28	allen	PIAT
29	denen	PRELS
30	/	$(
31	welche	PWAT
32	um	APPR
33	die	ART
34	Kranken	NN
35	gehen	VVINF
36	müssen	VMFIN
37	/	$(
38	oder	KON
39	dieselbigen	PDAT
40	warten	VVINF
41	/	$(
42	massen	NN
43	auch	ADV
44	viele	ADV
45	Prediger	NN
46	/	$(
47	wenn	KOUS
48	sie	PPER
49	zu	PTKZU
50	den	ART
51	Kranken	NN
52	sind	VAFIN
53	erfordert	VVFIN
54	worden	VAPP
55	/	$(
56	haben	VAFIN
57	sie	PPER
58	neben	APPR
59	ihren	PPOSAT
60	Vater	NN
61	Unser	PPOSAT
62	/	$(
63	eine	ART
64	bloße	ADJA
65	Angelicam	NE
66	/	$(
67	oder	KON
68	dergleichen	PIS
69	Wurzeln	NN
70	gebraucht	VVPP
71	/	$(
72	sind	VAFIN
73	von	APPR
74	dieser	PDAT
75	Seuche	NN
76	nächst	APPR
77	Gott	NN
78	bewahrt	VVPP
79	worden	VAPP
80	.	$.
1	item	NN
2	6.	ADJA
3	oder	KON
4	7.	ADJA
5	Sauerampferblätter[43]	NN
6	nüchtern	ADJD
7	gegessen	VVPP
8	/	$(
9	ist	VAFIN
10	sehr	ADV
11	gut	ADJD
12	/	$(
13	auch	ADV
14	schwangeren	ADJA
15	Weibern	NN
16	/	$(
17	schwangere	ADJA
18	Weiber	NN
19	sollen	VMFIN
20	Krausminze	NN
21	eingeweicht	VVPP
22	für	APPR
23	die	ART
24	Nase	NN
25	halten	VVINF
26	/	$(
27	im	APPRART
28	Mund	NN
29	ein	ART
30	Stück	NN
31	Tormentilwurzel	NE
32	kauen	VVINF
33	,	$,
34	welche	PWAT
35	sie	PPER
36	auch	ADV
37	in	APPR
38	Leibe	NN
39	brauchen	VVFIN
40	mögen	VMFIN
41	.	$.
1	oder	KON
2	brauchen	VVFIN
3	Küchlein	NN
4	aus	APPR
5	der	ART
6	Apotheke	NN
7	für	APPR
8	schwangere	ADJA
9	Weiber	NN
10	geordnet	VVPP
11	/	$(
12	welche	PWAT
13	zugleich	ADV
14	die	ART
15	Mutter	NN
16	und	KON
17	die	ART
18	Frucht	NN
19	im	APPRART
20	Leibe	NN
21	stärken	VVINF
22	/	$(
23	den	ART
24	Kindern	NN
25	ist	VAFIN
26	am	APPRART
27	bequemsten	ADJA
28	überzogener	ADJA
29	Wurmsamen	NN
30	.	$.
1	dass	KOUS
2	der	ART
3	Mensch	NN
4	vor	APPR
5	der	ART
6	Pest	NN
7	nächst	APPR
8	Gott	NE
9	versichert	VVPP
10	bleibe	VVFIN
11	/	$(
12	Morgens	ADV
13	ein	ART
14	wenig	PIS
15	sauren	ADJA
16	Weinessig	NN
17	getrunken	VVPP
18	/	$(
19	und	KON
20	ein	ART
21	wenig	PIS
22	Raute	NN
23	darauf	PAV
24	gegessen	VVPP
25	/	$(
26	des	ART
27	Abends	NN
28	dergleichen	PIS
29	.	$.
1	(	$(
2	mit	APPR
3	diesem	PDAT
4	Mittel	NN
5	hat	VAFIN
6	einer	ART
7	drei	CARD
8	Sterben	NN
9	ausgestanden	VVPP
10	:	$.
11	)	$(
12	item	NN
13	:	$.
14	nimm	NE
15	großen	ADJA
16	breiten	ADJA
17	Wegerich	NN
18	/	$(
19	solchen	PIAT
20	grob	ADJD
21	zerschnitten	VVPP
22	/	$(
23	und	KON
24	in	APPR
25	einem	ART
26	Säcklein	NN
27	am	APPRART
28	Leib	NN
29	oder	KON
30	Hals	NN
31	getragen	VVPP
32	.	$.
1	es	PPER
2	soll	VMFIN
3	dich	PPER
4	aus	APPR
5	Bericht	NN
6	und	KON
7	Erfahrung	NN
8	der	ART
9	alten	ADJA
10	Totengräber	NN
11	die	ART
12	Seuche	NN
13	nicht	PTKNEG
14	leichtlich	ADJD
15	berühren	VVINF
16	.	$.
1	oder	KON
2	Wermut	NN
3	auf	APPR
4	das	KOUS
5	Herz	NN
6	/	$(
7	um	APPR
8	die	ART
9	Arme	NN
10	und	KON
11	Puls	NN
12	gebunden	VVPP
13	/	$(
14	und	KON
15	den	ART
16	Mund	NN
17	mit	APPR
18	einem	ART
19	Tuch	NN
20	und	KON
21	eingewickelten	ADJA
22	Wermut	NN
23	verwahrt	VVFIN
24	.	$.
1	item	NN
2	/	$(
3	Wermutkörner	NN
4	in	APPR
5	seinem	PPOSAT
6	eigenen	ADJA
7	Urin	NN
8	eingetrunken	ADJD
9	/	$(
10	der	ART
11	wird	VAFIN
12	gewiss	ADV
13	vor	APPR
14	aller	PIAT
15	Vergiftung	NN
16	erhalten	VVPP
17	.	$.
1	oder	KON
2	Christwurzel	NN
3	mit	APPR
4	Honig	NN
5	vermischt	VVFIN
6	/	$(
7	morgens	ADV
8	nüchtern	ADJD
9	gegessen	VVPP
10	.	$.
1	item	NN
2	deinen	PPOSAT
3	eigenen	ADJA
4	Urin	NN
5	oder	KON
6	auch	ADV
7	Seilerpech	NN
8	/	$(
9	Branntwein	NN
10	durcheinander	APPR
11	gewürzt	VVPP
12	/	$(
13	ausgetrunken	VVPP
14	früh	ADJD
15	nüchtern	ADJD
16	/	$(
17	so	ADV
18	bist	VVINF
19	du	PPER
20	nächst	APPR
21	Gott	NE
22	24.	ADJA
23	Stunden	NN
24	versichert	VVPP
25	.	$.
1	mit	APPR
2	diesem	PDAT
3	Stück	NN
4	haben	VAFIN
5	sich	PRF
6	viele	ADV
7	100.	ADJA
8	Menschen	NN
9	und	KON
10	Totengräber	NN
11	erhalten	VVPP
12	.	$.
1	so	ADV
2	schon	ADV
3	innerlich	ADJD
4	im	APPRART
5	Leib	NN
6	Gift	NN
7	wäre	VAFIN
8	.	$.
1	Schießpulver	NN
2	eingenommen	VVPP
3	/	$(
4	ist	VAFIN
5	sehr	ADV
6	gut	ADJD
7	.	$.
1	item	NN
2	Kardobenedictenpulver	NE
3	und	KON
4	Wermutsaft	NN
5	untereinander	ADV
6	eingenommen	VVPP
7	/	$(
8	und	KON
9	darauf	PAV
10	geschwitzt	VVPP
11	/	$(
12	ist	VAFIN
13	gewiss	ADV
14	und	KON
15	bewährt	VVPP
16	.	$.
1	absonderlich	ADV
2	vor	APPR
3	den	ART
4	auswendigen	ADJA
5	Gift	NN
6	am	APPRART
7	Leib	NN
8	/	$(
9	als	KOKOM
10	vor	APPR
11	die	ART
12	schwarzen	ADJA
13	Blattern	NN
14	/	$/
15	Beulen	NN
16	und	KON
17	Sterbedrüsen	NN
18	.	$.
1	Angelica	NE
2	mit	APPR
3	Gerstenmehl	NN
4	gesotten	VVPP
5	/	$(
6	zerstoßen	VVPP
7	und	KON
8	pflasterweise	NN
9	übergelegt	VVPP
10	/	$(
11	weicht	VVFIN
12	die	ART
13	schwarzen	ADJA
14	Pocken	NN
15	auf	APPR
16	.	$.
17	oder	KON
18	warmes	ADJD
19	Brot	NN
20	auf	APPR
21	die	ART
22	Beulen	NN
23	gelegt	VVPP
24	/	$(
25	und	KON
26	hernach	ADV
27	solches	PIAT
28	abgenommen	VVPP
29	/	$(
30	und	KON
31	vergraben	VVPP
32	/	$(
33	heilt	VVFIN
34	sie	PPER
35	.	$.
1	item	NN
2	/	$(
3	Rettigscheiben	NN
4	sind	VAFIN
5	auch	ADV
6	gut	ADJD
7	/	$(
8	aufgelegt	VVPP
9	alle	PIAT
10	Stunde	NN
11	eine	ART
12	neue	ADJA
13	/	$(
14	und	KON
15	die	ART
16	alten	ADJA
17	vergraben	VVPP
18	/	$(
19	heilt	VVFIN
20	sie	PPER
21	.	$.
1	oder	KON
2	rühre	VVFIN
3	den	ART
4	Dotter	NN
5	aus	APPR
6	einem	ART
7	Ei	NN
8	und	KON
9	Salz	NN
10	wohl	ADV
11	durcheinander	APPR
12	/	$(
13	mache	VVFIN
14	ein	ART
15	Pflaster	NN
16	daraus	PAV
17	/	$(
18	und	KON
19	lege	VVFIN
20	es	PPER
21	über	APPR
22	den	ART
23	Schaden	NN
24	.	$.
1	item	NN
2	Pech	NN
3	aufgelegt	VVPP
4	/	$(
5	Kindern	NN
6	legt	VVFIN
7	man	PIS
8	Sauerteig	NN
9	und	KON
10	Terpentin	NN
11	auf	APPR
12	.	$.
1	ein	ART
2	gutes	ADJD
3	Räucherpulver	NN
4	wider	APPR
5	den	ART
6	anfallenden	ADJA
7	Pestilenzgift	NN
8	.	$.
1	nimm	NE
2	zerstoßene	ADJA
3	Wacholderbeeren	NE
4	/	$(
5	Wermut	NN
6	/	$(
7	eigenes	ADJD
8	Laubpulver	NN
9	/	$(
10	gedörrte	ADJA
11	Rauten	NN
12	/	$(
13	Lorbeerschalen	NE
14	/	$(
15	solches	PIAT
16	alles	PIS
17	grob	ADJD
18	gestoßen	VVPP
19	und	KON
20	geräuchert	VVPP
21	.	$.
1	Kleider	NN
2	zu	PTKZU
3	reinigen	VVINF
4	in	APPR
5	Pestzeit	NN
7	.	$.
1	mache	VVFIN
2	Ziegel	NN
3	oder	KON
4	Steine	NN
5	heiß	ADJD
6	/	$(
7	gieße	NN
8	Essig	NE
9	darauf	PTKVZ
10	/	$(
11	und	KON
12	halte	VVFIN
13	die	ART
14	Kleider	NN
15	darüber	PAV
16	/	$(
17	dass	KOUS
18	sie	PPER
19	beräuchert	VVPP
20	werden	VAINF
21	.	$.
1	Häuser	NN
2	und	KON
3	Gemach	ADV
4	zu	PTKZU
5	reinigen	VVINF
6	.	$.
1	mit	APPR
2	Lorbeeren	NN
3	und	KON
4	Wermutstängeln	NN
5	oder	KON
6	Blättern	NN
7	/	$(
8	auch	ADV
9	mit	APPR
10	Wacholder	NN
11	in	APPR
12	den	ART
13	Gemachen	NN
14	und	KON
15	Häusern	NN
16	geräuchert	VVPP
17	.	$.
1	wenn	KOUS
2	auch	ADV
3	schon	ADV
4	alles	PIS
5	voll	ADJD
6	Gift	NN
7	angesteckt	VVPP
8	wäre	VAFIN
9	/	$(
10	so	ADV
11	vertreibt	VVFIN
12	es	PPER
13	ihn	PPER
14	.	$.
1	diese	PDAT
2	guten	ADJA
3	erzählten	VVFIN
4	Mittel	NN
5	soll	VMFIN
6	ihm	PPER
7	ein	ART
8	jeder	PIAT
9	Mensch	NN
10	nütze	ADJD
11	machen	VVINF
12	/	$(
13	und	KON
14	ihm	PPER
15	dieses	PDAT
16	alles	PIS
17	aus	APPR
18	Wohlmeinung	NN
19	gefallen	VVPP
20	lassen	VVINF
21	.	$.
1	drei	CARD
2	Remedia	NE
3	wider	ADV
4	die	ART
5	Pestilenz	NN
6	.	$.
1	das	ART
2	erste	ADJA
3	ist	VAFIN
4	ein	ART
5	gutes	ADJD
6	Präservativ	NN
7	.	$.
1	dient	NN
2	wider	ADV
3	alle	PIAT
4	besorgende	ADJA
5	giftigen	ADJA
6	Infektionen	NN
7	und	KON
8	Pestilenzen	NN
9	/	$(
10	vermittels	APPR
11	welches	PRELS
12	anno	NN
13	1534	CARD
14	.	$.
15	zu	PTKZU
16	Venedig	NE
17	in	APPR
18	Italien	NE
19	in	APPR
20	dem	ART
21	großen	ADJA
22	Sterben	NN
23	viele	ADV
24	tausend	CARD
25	Menschen	NN
26	durch	APPR
27	Gottes	NN
28	Gnade	NN
29	errettet	VVPP
30	und	KON
31	erhalten	VVPP
32	worden	VAPP
33	sind	VAFIN
34	.	$.
1	des	ART
2	Jahres	NN
3	über	APPR
4	zur	APPRART
5	Not	NN
6	nur	ADV
7	einmal	ADV
8	zu	PTKZU
9	gebrauchen	VVINF
10	.	$.
1	℞	NN
2	2.	ADJA
3	Lot	NN
4	Wermut	NN
5	3.	CARD
6	Lot	NN
7	Kreuzsalbei	NN
8	3.	ADJA
9	Lot	NN
10	Raute	NN
11	.	$.
1	3.	ADJA
2	Lot	NN
3	Myrrhe	NN
4	.	$.
1	diese	PDAT
2	Kräuter	NN
3	/	$(
4	wann	PWAV
5	sie	PPER
6	noch	ADV
7	frisch	ADJD
8	und	KON
9	grün	ADJD
10	sind	VAFIN
11	/	$(
12	wasche	VVFIN
13	in	APPR
14	einem	ART
15	Wasser	NN
16	fein	VAINF
17	sauber	ADJD
18	ab	PTKVZ
19	/	$(
20	zerstoße	VVFIN
21	sie	PPER
22	alsdann	ADV
23	in	APPR
24	einen	ART
25	Mörser	NN
26	miteinander	ADV
27	/	$(
28	dass	KOUS
29	es	PPER
30	Saft	NN
31	gebe	VVFIN
32	/	$(
33	nimm	NE
34	darnach	PAV
35	ein	ART
36	Nössel	NN
37	des	ART
38	besten	ADJA
39	Weinessigs	NN
40	/	$(
41	gieße	NN
42	solches	PIAT
43	drunter	PAV
44	/	$(
45	und	KON
46	lasse	VVFIN
47	so	ADV
48	dann	ADV
49	die	ART
50	Materie	NN
51	zusammen	ADV
52	eine	ART
53	Nacht	NN
54	in	APPR
55	den	ART
56	Mörser	NN
57	wohl	ADV
58	zugedeckt	VVPP
59	und	KON
60	verkleibt	VVFIN
61	stehen	VVFIN
62	/	$(
63	nächsten	ADJA
64	Morgens	ADV
65	aber	ADV
66	seihe	ADJA
67	alles	PIS
68	ab	PTKVZ
69	in	APPR
70	einen	ART
71	neuen	ADJA
72	verglasuren	VVFIN
73	und	KON
74	zuvor	ADV
75	wohl	ADV
76	ausgebrühten	ADJA
77	Hafen	NN
78	oder	KON
79	Topf	NN
80	.	$.
1	tue	VVFIN
2	darnach	PAV
3	hierzu	PAV
4	ferner	ADV
5	:	$.
6	2	CARD
7	Lot	NN
8	Oelsnitzwurzel	NE
9	/	$(
10	so	ADV
11	zuvor	ADV
12	pulverisiert	VVPP
13	worden	VAPP
14	/	$(
15	und	KON
16	so	ADV
17	dann	ADV
18	siede	VVFIN
19	*	XY
20	den	ART
21	Saft	NN
22	damit	PAV
23	in	APPR
24	dem	ART
25	verglasurten	VVFIN
26	und	KON
27	mit	APPR
28	Ton	NN
29	wohl	ADV
30	verkleibten	VVFIN
31	Topf	NN
32	/	$(
33	dass	KOUS
34	es	PPER
35	nicht	PTKNEG
36	verrieche	VVFIN
37	/	$(
38	noch	ADV
39	der	ART
40	Brasen	NN
41	heraus	PTKVZ
42	gehe	VVFIN
43	/	$(
44	nachgehends	VVPP
45	tue	VVFIN
46	ihn	PPER
47	von	APPR
48	den	ART
49	Feuer	NN
50	/	$(
51	lasse	VVFIN
52	ihn	PPER
53	eine	ART
54	Nacht	NN
55	also	ADV
56	verkleibt	VVFIN
57	stehen	VVFIN
58	/	$(
59	bis	VVFIN
60	die	ART
61	Materie	NN
62	erkühlt	NE
63	/	$(
64	des	ART
65	anderen	ADJA
66	Morgens	ADV
67	seihe	ADJA
68	solche	PIAT
69	durch	APPR
70	ein	ART
71	rein	ADJD
72	Tüchlein	NN
73	ab	PTKVZ
74	in	APPR
75	ein	ART
76	Glas	NN
77	so	ADV
78	ist	VVINF
79	es	PPER
80	gut	ADJD
81	/	$(
82	und	KON
83	zum	APPRART
84	heilsamen	ADJA
85	Gebrauch	NN
86	ganz	ADV
87	fertig	ADJD
88	.	$.
1	hiervon	PAV
2	nun	ADV
3	trinke	VVIMP
4	4.	ADJA
5	Morgen	NN
6	nacheinander[53]	APPR
7	nacheinander[53]	ADV
8	jedesmal	ADV
9	einen	ART
10	Löffel	NN
11	voll	ADJD
12	mit	APPR
13	guten	ADJA
14	Benedischen	NE
15	Theriak	NN
16	einer	ART
17	Erbsen	NN
18	groß	ADJD
19	darin	PAV
20	zerrührt	VVFIN
21	/	$(
22	und	KON
23	zwar	ADV
24	darfst	VVFIN
25	du	PPER
26	solches	PIAT
27	jährlich	ADJA
28	zu	PTKZU
29	solchen	PIAT
30	gefährlichen	ADJA
31	Zeiten	NN
32	nur	ADV
33	einmal	ADV
34	tun	VVINF
35	/	$(
36	so	ADV
38	bist	VVFIN
39	du	PPER
40	ein	ART
41	ganzes	ADV
42	Jahr	NN
43	frei	ADJD
44	von	APPR
45	der	ART
46	Pest	NN
47	/	$(
48	und	KON
49	allen	PIAT
50	anderen	ADJA
51	ansteckenden	ADJA
52	giftigen	ADJA
53	Krankheiten	NN
54	.	$.
1	wäre	VAFIN
2	aber	ADV
3	ein	ART
4	Mensch	NN
5	/	$(
6	er	PPER
7	sei	VAFIN
8	jung	ADJD
9	oder	KON
10	alt	ADJD
11	/	$(
12	bereits	ADV
13	von	APPR
14	der	ART
15	Pest	NN
16	oder	KON
17	sonst	ADV
18	einer	ART
19	anderen	ADJA
20	hitzigen	ADJA
21	und	KON
22	giftigen	ADJA
23	Krankheit	NN
24	beladen	VVPP
25	und	KON
26	litt	VVFIN
27	deswegen	PAV
28	gefährlichen	ADJA
29	Anstoß	NN
30	/	$(
31	der	ART
32	nehme	VVFIN
33	so	ADV
34	balden	ADV
35	4.	ADJA
36	Morgen	NN
37	nacheinander[54]	APPR
38	nacheinander[54]	ADV
39	/	$(
40	jeden	PIAT
41	Morgen	NN
42	4.	ADJA
43	Löffel	NN
44	voll	ADJD
45	/	$(
46	und	KON
47	auch	ADV
48	jedesmal	ADV
49	so	ADV
50	viel	ADV
51	Theriak	NN
52	als	KOKOM
53	4.	CARD
54	Erbsen	NN
55	groß	ADJD
56	sein	VAINF
57	mögen	VMFIN
58	/	$(
59	von	APPR
60	diesem	PDAT
61	präparierten	ADJA
62	Saft	NN
63	oder	KON
64	Präservativ	NN
65	zu	PTKZU
66	sich	PRF
67	/	$(
68	jedoch	ADV
69	in	APPR
70	einen	ART
71	silbernen	ADJD
72	oder	KON
73	zinnernen	ADJD
74	Löffel	NN
75	/	$(
76	lege	VVFIN
77	sich	PRF
78	darauf	PAV
79	nieder	PTKVZ
80	und	KON
81	schwitze	VVFIN
82	wohl	ADV
83	(	$(
84	jedoch	ADV
85	fastend	VVPP
86	und	KON
87	unschlafend	ADJD
88	)	$(
89	4.	ADJA
90	Stunden	NN
91	lang	ADJD
92	.	$.
93	nach	APPR
94	Verfließung	NN
95	solcher	PIAT
96	Zeit	NN
97	truckne	VVFIN
98	er	PPER
99	den	ART
100	Schweiß	NN
101	wohl	ADV
102	von	APPR
103	seinem	PPOSAT
104	Leib	NN
105	/	$(
106	und	KON
107	ziehe	VVFIN
108	so	ADV
109	dann	ADV
110	ein	ART
111	weißes	ADJA
112	mit	APPR
113	guten	ADJA
114	Rauchwerk	NN
115	durchaus	ADV
116	geräuchertes	ADJA
117	Hemd	NN
118	an	APPR
119	/	$(
120	und	KON
121	lasse	VVFIN
122	sich	PRF
123	endlich	ADV
124	im	APPRART
125	Namen	NN
126	Gottes	NN
127	darauf	PAV
128	die	ART
129	Medianader	NE
130	schlagen	VVFIN
131	/	$(
132	so	ADV
133	wird	VAFIN
134	/	$(
135	ob	KOUS
136	Gott	NN
137	will	VMFIN
138	den	ART
139	Patienten	NN
140	ganz	ADV
141	geholfen	VVPP
142	sein	VAINF
143	.	$.
1	*	XY
2	wann	PWAV
3	der	ART
4	Saft	NN
5	gesotten	VVPP
6	werden	VAINF
7	soll	VMFIN
8	mit	APPR
9	der	ART
10	pulverisierten	VVFIN
11	Oelsnitzwurzel	NE
12	/	$(
13	so	ADV
14	must	VAFIN
15	u	PPER
16	solchen	PIAT
17	nur	PPER
18	halb	ADJD
19	einsieden	VVINF
20	lassen	VVINF
21	/	$(
22	welches	PRELS
23	zu	_
24	erfahren	_
25	also	ADV
26	muss	VMFIN
27	verfahren	VVINF
28	werden	VAINF
29	:	$.
30	nimm	VVIMP
31	2.	ADJA
32	Stürzen	VVINF
33	oder	KON
34	Deckel	NN
35	/	$(
36	lege	VVFIN
37	eine	ART
38	inwärts	ADV
39	auf	APPR
40	den	ART
41	Topf	NN
42	/	$(
43	bohre	VVFIN
44	ein	ART
45	Löchlein	NN
46	in	APPR
47	die	ART
48	Stürze	NN
49	/	$(
50	durch	APPR
51	welches	PRELS
52	du	PPER
53	vermittelst	APPR
54	eines	ART
55	herein	PTKVZ
56	gesteckten	VVINF
57	Hoͤltzlein	NN
58	die	ART
59	Masse	NN
60	/	$(
61	ob	KOUS
62	es	PPER
63	bald	ADV
64	halb	ADJD
65	nein	PTKANT
66	gesotten	VVPP
67	sei	VAFIN
68	/	$(
69	nehmen	VVINF
70	und	KON
71	erfahren	VVINF
72	kannst	VMFIN
73	.	$.
1	über	APPR
2	diese	PDAT
3	Stürze	NN
4	decke	VVFIN
5	eine	ART
6	andere	ADJA
7	Stürze	NN
8	/	$(
9	jedoch	ADV
10	dass	ART
11	solche	PIAT
12	recht	ADJD
13	behöriger	NE
14	massen	NN
15	aufgelegt	VVPP
16	werden	VAINF
17	/	$(
18	welche	PWAT
19	beide	PIAT
20	du	PPER
21	sodann	ADV
22	auffs	APPRART
23	beste	ADJA
24	mit	APPR
25	Ton	NN
26	verkleiben	VVINF
27	damit	PAV
28	obbedeutender	ADJA
29	massen	NN
30	verfahren	VVINF
31	kannst	VMFIN
32	et cetera	ADV
33	.	$.
1	wann	PWAV
2	du	PPER
3	nun	ADV
4	vorgemeldeten	VVINF
5	Saft	NN
6	/	$(
7	wie	KOKOM
8	du	PPER
9	gelehrt	VVPP
10	worden	VAPP
11	/	$(
12	recht	ADJD
13	zubereitet	VVPP
14	hast	VAFIN
15	und	KON
16	es	PPER
17	in	APPR
18	ein	ART
19	Glas	NN
20	verwahrsamlich	ADJD
21	aufheben	VVINF
22	willst	VMFIN
23	so	ADV
24	verstopfe	VVFIN
25	das	ART
26	Glas	NN
27	mit	APPR
28	Wachs	NN
29	oben	ADV
30	ganz	ADV
31	fest	NE
32	/	$(
33	so	ADV
34	wird	VAFIN
35	die	ART
36	Kraft	NN
37	erhalten	VVPP
38	und	KON
39	kann	VMFIN
40	man	PIS
41	ihn	PPER
42	von	APPR
43	Jahr	NN
44	zu	PTKZU
45	Jahr	NN
46	in	APPR
47	vorfallenden	ADJA
48	Nöten	NN
49	gebrauchen	VVINF
50	/	$(
51	bis	VVFIN
52	wieder	ADV
53	Kräuter	NN
54	kommen	VVFIN
55	/	$(
56	doch	ADV
57	rate	VVFIN
58	ich	PPER
59	dir	ART
60	getreulich	ADJD
61	/	$(
62	gebrauche	VVFIN
63	es	PPER
64	in	APPR
65	der	ART
66	Zeit	NN
67	und	KON
68	danke	VVFIN
69	Gott	NE
70	!	$.
1	das	ART
2	andere	ADJA
3	die	ART
4	Pest	NN
5	zu	PTKZU
6	kurieren	VVINF
7	.	$.
1	von	APPR
2	Captain	VVFIN
3	Willis	NE
4	in	APPR
5	London	NE
6	in	APPR
7	Engeland	NE
8	in	APPR
9	den	ART
10	jüngsten	ADJA
11	Sterben	NN
12	ums	APPRART
13	Jahr	NN
14	Christi	NE
15	1666	CARD
16	.	$.
17	jederzeit	ADV
18	glücklich	ADJD
19	angebracht	VVPP
20	.	$.
1	℞	NN
2	Wermutwasser	NN
3	/	$(
4	Malvasier	NN
5	oder	KON
6	des	ART
7	besten	ADJA
8	Span	NN
9	}	$(
10	jedes	PIAT
11	ein	ART
12	Nösell	NN
13	Weins	NN
14	/	$(
15	Benedischen	NE
16	Theriak	NN
17	℥j	CARD
18	}	$(
19	jedes	PIAT
20	ein	ART
21	Nösell	NN
22	Kartauenpulver	NN
23	eine	ART
24	Handvoll	NN
25	klein	ADJD
26	gerieben	VVPP
27	/	$(
28	mische	VVFIN
29	solches	PIAT
30	alles	PIS
31	wohl	ADV
32	untereinander	ADV
34	/	$(
35	gib	VVFIN
36	davon	PAV
37	einer	ART
38	Mannsperson	NE
41	4.	CARD
44	Löffel	NN
45	voll	ADJD
46	/	$(
47	einer	ART
48	Weibsperson[60]	NN
49	Weibsperson[60]	NN
50	3.	ADJA
51	Löffel	NN
52	voll	ADJD
53	/	$(
54	und	KON
55	einem	ART
56	Kind	NN
57	nach	APPR
58	Gelegenheit	NN
59	1.	ADJA
60	oder	KON
61	2	CARD
62	Löffel	NN
63	voll	ADJD
64	ein	ART
65	/	$(
66	lass	VVIMP
67	den	ART
68	Patienten	NN
69	3.	ADJA
70	Stunden	NN
71	lang	ADJD
72	wohl	ADV
73	darauf	PAV
74	schwitzen	VVINF
75	und	KON
76	sich	PRF
77	bei	APPR
78	den	ART
79	Schweiß	NN
80	/	$(
81	wie	KOKOM
82	bräuchlich	ADJD
83	und	KON
84	obgedacht	VVPP
85	/	$(
86	wohl	ADV
87	in	APPR
88	Acht	CARD
89	nehmen	VVINF
90	/	$(
91	es	PPER
92	dürfte	VMFIN
93	wohl	ADV
94	etwas	PIS
95	Schmerzen	NN
96	oder	KON
97	Geschwulst	NN
98	verursachen	VVINF
99	/	$(
100	es	PPER
101	wird	VAFIN
102	aber	ADV
103	doch	ADV
104	darauf	PTKVZ
105	mit	APPR
106	der	ART
107	Hilfe	NN
108	Gottes	NN
109	erwünschte	ADJA
110	Besserung	NN
111	und	KON
112	gute	ADJA
113	Gesundheit	NN
114	erfolgen	VVINF
115	.	$.
1	danke	PTKANT
2	Gott	NE
3	!	$.
1	das	ART
2	Dritte	ADJA
3	ist	VAFIN
4	ein	ART
5	präparierter	ADJA
6	Giftessig	NN
7	.	$.
1	mit	APPR
2	welchen	PWAT
3	ein	ART
4	berühmter	ADJA
5	Medikus	NN
6	in	APPR
7	Großpolen	NN
8	sich	PRF
9	und	KON
10	viele	ADV
11	100.	ADJA
12	Menschen	NN
13	in	APPR
14	unterschiedlichen	ADJA
15	Pestläufen	NE
16	gar	ADV
17	glücklich	ADJD
18	präserviert	VVPP
19	und	KON
20	erhalten	VVPP
21	hat	VAFIN
22	.	$.
1	℞	NN
2	frisch	NE
3	geschnittener	ADJA
4	Rauten	NN
5	4.	ADJA
6	Händvoll	ADJD
7	/	$(
8	Scordien	NN
9	oder	KON
10	Lachenknoblauch	NN
11	halb	ADJD
12	so	ADV
13	viel	ADV
14	.	$.
1	tue	VVFIN
2	sie	PPER
3	in	APPR
4	einen	ART
5	halben	ADJA
6	Topf	NN
7	guten	ADJA
8	Weinessig	NN
9	/	$(
10	und	KON
11	schneide	VVFIN
12	noch	ADV
13	darzu	PAV
14	2.	ADJA
15	oder	KON
16	3.	ADJA
17	Zitronen	NN
18	stückweise	NN
19	hinein	APZR
20	/	$(
21	so	ADV
22	hast	VAFIN
23	du	PPER
24	einen	ART
25	bewährten	VVFIN
26	Giftessig	NN
27	wovon	PWAV
28	du	PTKZU
29	täglich	ADJD
30	oder	KON
31	zum	APPRART
32	Öfteren	PIS
33	1.	ADJA
34	oder	KON
36	2.	CARD
37	Löffel	NN
38	voll	ADJD
39	entweder	KON
40	allein	ADV
41	/	$(
42	oder	KON
43	wann	PWAV
44	du	PPER
45	irgend	ADV
46	darauf	PAV
47	schwitzen	VVINF
48	willst	VMFIN
49	/	$(
50	von	APPR
51	einem	ART
52	Präservativlatwerge	ADJD
53	ein	ART
54	paar	PIAT
55	Messerspitzen	NN
56	/	$(
57	oder	KON
58	von	APPR
59	dem	ART
60	roten	ADJA
61	Pest-	NN
62	oder	KON
63	Giftpulver	NN
64	/	$(
65	sonst	ADV
66	pulvis	NE
67	Alexipharmacus	NE
68	Montagnanæ	NE
69	genannt	VVPP
70	/	$(
71	halb	ADJD
72	bis	VVFIN
73	1.	ADJA
74	Quintel	NE
75	darinnen	ADV
76	einnehmen	VVINF
77	und	KON
78	gebrauchen	VVINF
79	kannst	VMFIN
80	.	$.
1	danke	PTKANT
2	Gott	NN
3	!	$.
1	Bericht	NN
2	.	$.
1	als	KOKOM
2	im	APPRART
3	Jahr	NN
4	Christi	NE
5	1534.	CARD
6	zu	PTKZU
7	Venedig	NE
8	so	ADV
9	grausame	ADJA
10	Pestilenz	NN
11	regiert	VVFIN
12	/	$(
13	dass	KOUS
14	auch	ADV
15	die	ART
16	Leute	NN
17	so	ADV
18	beisammen	PTKVZ
19	in	APPR
20	Gesellschaft	NN
21	gestanden	VVINF
22	und	KON
23	miteinander	APPR
25	geredet	VVPP
26	haben	VAFIN
27	/	$(
28	gehling	VVIMP
29	niedergefallen	VVPP
30	und	KON
31	gestorben	VVPP
32	/	$(
33	ist	VAFIN
34	das	ART
35	obbeschriebene	ADJA
36	erste	ADJA
37	Präservativ	NN
38	so	ADV
39	des	ART
40	Jahres	NN
41	einmal	ADV
42	gebraucht	VVPP
43	werden	VAINF
44	kann	VMFIN
45	/	$(
46	von	APPR
47	2.	ADJA
49	armen	ADJA
50	Student	NN
52	wie	APPR
53	glaubwuͤrdig	ADJA
54	berichtet	VVFIN
55	wird	VAFIN
56	/	$(
57	ohne	APPR
58	Zweifel	NN
59	aus	APPR
60	sonderbarer	ADJA
61	göttlicher	ADJD
62	Eingebung	NN
63	erfunden	VVPP
64	und	KON
65	an	APPR
66	viele	ADV
67	1000 .	CARD
1	Menschen	NN
2	ganz	ADV
3	heilsamlich	ADJD
4	probiert	VVFIN
5	worden	VAPP
6	.	$.
1	so	ADV
2	hat	VAFIN
3	auch	ADV
4	nebenst	APPR
5	anderen	ADJA
6	vortrefflichen	ADJA
7	und	KON
8	heilsamen	ADJA
9	Mitteln	NN
10	ein	ART
11	englländischer	NE
12	berühmter	ADJA
13	Medikus	NN
14	sich	PRF
15	insonderheit	ADV
16	dieses	PDAT
17	Rezept	NE
18	nicht	PTKNEG
19	allein	ADV
20	in	APPR
21	obbemeldeten	ADJA
22	großen	ADJA
23	Sterben	VVFIN
24	zu	PTKZU
25	London	NE
26	,	$,
27	sondern	KON
28	auch	ADV
29	noch	ADV
30	in	APPR
31	jüngster	ADJA
32	in	APPR
33	Brabant	NE
34	vor	APPR
35	wenigen	PIS
36	Jahren	NN
37	regierender	ADJA
38	Pest	NN
39	wie	KOKOM
40	er	PPER
41	es	PPER
42	selbst	ADV
43	gerühmt	VVPP
44	/	$(
45	und	KON
46	seiner	PPOSAT
47	überaus	ADV
48	glücklichen	ADJA
49	Kuren	NN
50	halber	ADJA
51	große	ADJA
52	Renommee	NN
53	überkommen	VVPP
54	und	KON
55	erworben	VVPP
56	/	$(
57	bedient	VVFIN
58	:	$.
59	dahero	PAV
60	dieses	PDAT
61	secretum	NE
62	billig	ADJD
63	als	KOKOM
64	eine	ART
65	sonderbare	ADJA
66	unverdiente	ADJA
67	Gnade	NN
68	Gottes	NN
69	zu	PTKZU
70	achten	VVINF
71	und	KON
72	mit	APPR
73	höchsten	ADJA
74	Dank	APPR
75	zu	PTKZU
76	erkennen	VVINF
77	und	KON
78	anzunehmen	VVIZU
79	ist	VAFIN
80	Gott	NN
81	allein	ADV
82	die	ART
83	Ehre	NN
84	.	$.
