1	eine	ART
2	wahrhaftige	NN
3	Arznei	NN
4	.	$.
5	und	KON
6	Schatz	VVIMP
7	des	ART
8	Lebens	NN
9	.	$.
1	wider	APPR
2	die	ART
3	schwere	ADJD
4	und	KON
5	schnelle	ADJA
6	Sucht	VVFIN
7	der	ART
8	Pestilenz	NN
9	.	$.
10	bewährt	VVPP
11	von	XY
12	vielen	ADV
13	Doktoren	NE
14	der	ART
15	Arznei	NN
16	.	$.
1	die	ART
2	Vorrede	VVFIN
3	.	$.
1	durch	APPR
2	des	ART
3	durchlauchtigen	NN
4	und	KON
5	wohlgeborenen	ADJA
6	Herrn	NN
7	.	$.
8	Herrn	NN
9	von	APPR
10	Linigen	NN
11	der	ART
12	heiligen	ADJA
13	Kirchen	NN
14	zu	PTKZU
15	Lölen	NE
16	Schatzbehalter	NN
17	meines	PPOSAT
18	gnädigen	ADJA
19	und	KON
20	großgünstigen	ADJA
21	Herrn	NN
22	sonderliche	ADJA
23	Gunst	NN
24	und	KON
25	Liebe	VVFIN
26	habe	VAFIN
27	ich	PPER
28	.	$.
29	N.	NN
30	aus	APPR
31	viel	ADV
32	und	KON
33	mancher	NN
34	Doktoren	NE
35	und	KON
36	Lehrer	NN
37	in	APPR
38	der	ART
39	Arznei	NE
40	erfahrenen	VVINF
41	Schriften	NN
42	.	$.
43	dies	PDS
44	Büchlein	NN
45	ausgezogen	VVPP
46	und	KON
47	zu ſamen	ADV
48	getragen	VVPP
49	.	$.
50	und	KON
51	also	ADV
52	seiner	PPOSAT
53	Würdigkeit	NN
54	als	KOKOM
55	Gold	NN
56	über	APPR
57	Gold	NN
58	und	KON
59	Edelgestein	NN
60	geschenkt	VVPP
61	gar	ADV
62	dienstlich	ADJD
63	vermahnende	NE
64	solches	NE
65	festiglichen	NN
66	dem	NE
67	Gedächtnis	NE
68	zu	PTKZU
69	befehlen	NE
70	.	$.
71	wann	PWAV
72	nicht	PTKNEG
73	anders	ADV
74	in	APPR
75	diesem	PDAT
76	Büchlein	NN
77	beschrieben	VVFIN
78	ist	VAFIN
79	dann	ADV
80	allein	NE
81	was	PWS
82	ich	PPER
83	durch	APPR
84	lange	NN
85	Erfahrung	NN
86	wider	APPR
87	diese	PDAT
88	Krankheit	NE
89	dienende	ADJA
90	vor	APPR
91	anderen	ADJA
92	erkannt	VVPP
93	habe	VAFIN
94	und	KON
95	so	ADV
96	ihr	PPOSAT
97	diese	PDAT
98	Lehre	VVFIN
99	gedächtiglichen	NE
100	merkt	VVFIN
101	und	KON
102	behaltet	VVFIN
103	gnädiger	ADJA
104	Herr	NN
105	wärt	ADJD
106	ihr	PPOSAT
107	keines	PIAT
108	anderen	ADJA
109	Arztes	NE
110	in	APPR
111	dieser	PDAT
112	Krankheit	NE
113	bedürfend	VVPP
114	.	$.
1	sonder	KON
2	mit	APPR
3	Hilfe	VVIMP
4	Gottes	NN
5	des	ART
6	Allmächtigen	ADJA
7	euer	PPOSAT
8	eigener	VVFIN
9	Arzt	NN
10	.	$.
11	Bewahrer	NN
12	.	$.
13	Regierer	VVFIN
14	und	KON
15	Enthalter	NN
16	sein	VAINF
17	.	$.
1	zum	APPRART
2	Ersten	ADJA
3	zu	PTKZU
4	Auflösung	NN
5	etlicher	ADJA
6	Fragen	VVIMP
7	und	KON
8	zweifelhaftiger	ADJA
9	Bekümmernis	NN
10	.	$.
1	¶	$(
2	ist	VAFIN
3	zu	PTKZU
4	merken	VVIMP
5	dass	ART
6	der	ART
7	Himmel	NN
8	.	$.
1	die	ART
2	Planeten	NN
3	und	KON
4	die	ART
5	anderen	NN
6	Gestirne	NN
7	durch	APPR
8	ihren	NE
9	Lauf	NN
10	.	$.
11	Schein	NN
12	und	KON
13	Einfluss	NN
14	diesen	PDAT
15	untersten	ADJA
16	unvernünftigen	NE
17	Kreaturen	NE
18	ihre	PPOSAT
19	Wesen	NN
20	.	$.
21	natur	NN
22	.	$.
23	Wachsung	NN
24	.	$.
25	Verderbung	NE
26	und	KON
27	Abnehmung	NE
28	geben	VVFIN
29	deshalben	ADV
30	sie	PPER
31	Ursache	NE
32	geben	VVFIN
33	dass	ART
34	die	ART
35	Luft	NN
36	verstört	NE
37	wird	VAFIN
38	und	KON
39	vergiftet	NE
40	.	$.
1	daraus	PAV
2	Pestilenz	NN
3	folgt	VVFIN
4	natürlichen	ADJA
5	.	$.
1	sintemal	KOUS
2	durch	APPR
3	den	NE
4	Einfluss	NN
5	des	ART
6	Himmels	NN
7	gestreckt	VVPP
8	und	KON
9	gerichtet	NN
10	er	PPER
11	ein	ART
12	Mensch	NN
13	anblickt	VVFIN
14	und	KON
15	gerührt	NE
16	wird	VAFIN
17	dann	ADV
18	das	KOUS
19	andere	ADJD
20	.	$.
1	und	KON
2	mehr	ADV
3	ein	ART
4	Land	NE
5	und	KON
6	Stadt	NE
7	dann	ADV
8	die	ART
9	anderen	ADJD
10	.	$.
1	wie	KOKOM
2	wohl	ADV
3	sie	PPER
4	oft	ADV
5	einer	ART
6	Natur	NN
7	oder	NN
8	Komplexion	NE
9	sind	VAFIN
10	hierum	PAV
11	wird	VAFIN
12	ein	ART
13	Mensch	NE
14	eh	ADV
15	und	KON
16	mehr	ADV
17	vergiftet	NE
18	und	KON
19	berührt	VVFIN
20	mit	APPR
21	der	ART
22	Pestilenz	NE
23	.	$.
24	wann	PWAV
25	der	ART
26	andere	NE
27	auch	ADV
28	regiert	NE
29	der	ART
30	Pestilenz	NN
31	in	APPR
32	einem	ART
33	Land	NN
34	mehr	ADV
35	dann	ADV
36	in	APPR
37	dem	NE
38	anderen	VVINF
39	.	$.
40	des	ART
41	ich	PPER
42	oft	ADV
43	Anzeigung	NE
44	an	APPR
45	Bäumen	VVFIN
46	gesehen	VVPP
47	habe	VAFIN
48	.	$.
49	so	ADV
50	dass	ART
51	oft	ADV
52	ein	ART
53	Nebel	NN
54	oder	KON
55	schädlich	ADJD
56	Luft	NN
57	einen	ART
58	Baum	NE
59	versehrt	VVFIN
60	und	KON
61	vergiftet	NE
62	hat	VAFIN
63	gleich	ADV
64	als	KOKOM
65	die	ART
66	Blätter	NE
67	verbrannt	NE
68	wären	VAFIN
69	und	KON
70	doch	ADV
71	den	NE
72	anderen	ADJA
73	Bäumen	VVFIN
74	derselben	PDAT
75	Natur	NN
76	und	KON
77	Geschlecht	NN
78	ganz	NN
79	unversehrt	ADJD
80	und	KON
81	unverbrannt	NE
82	gelassen	VVPP
83	aus	APPR
84	dem	NE
85	folgt	VVFIN
86	dass	ART
87	die	ART
88	Menschen	NN
89	eh	ADV
90	anstößt	VVFIN
91	die	ART
92	Pestilenz	NN
93	die	ART
94	gerechter	ADJD
95	durch	APPR
96	den	ART
97	Einfluss	NN
98	etliches	PIAT
99	Gestirns	NN
100	angeblickt	NE
101	werden	VAFIN
102	und	KON
103	mehr	ADV
104	die	ART
105	Menschen	VVFIN
106	welcher	PWAT
107	Komplexion	NE
108	der	ART
109	vergiftigen	NE
110	Luft	NN
111	Komplexion	NE
112	näher	ADJD
113	oder	KON
114	gleicher	ADJA
115	ist	VAFIN
116	auch	ADV
117	nicht	PTKNEG
118	allein	ADV
119	der	ART
120	vergifteten	NE
121	Luft	NN
122	halben	ADJA
123	geschieht	VVFIN
124	Pestilenz	NE
125	.	$.
126	sonder	APPR
127	aus	APPR
128	Überflüssigkeit	NN
129	unreiner	ADJA
130	Feuchtigkeit	NN
131	in	NE
132	dem	NE
133	Menschen	NN
134	nach	APPR
135	Sagen	VVFIN
136	des	ART
137	großen	ADJA
138	Arztes	NN
139	Gallieni	NE
140	im	APPRART
141	Buch	NN
142	von	APPR
143	dem	ART
144	Fieber	VVIMP
145	aus	APPR
146	keinerlei	PIAT
147	geschieht	VVFIN
148	Versehrung	NN
149	oder	KON
150	Vergiftung	NE
151	des	ART
152	Leichnams	NN
153	.	$.
154	es	PPER
155	sei	VAFIN
156	dann	ADV
157	dass	ART
158	des	ART
159	Körpers	NN
160	Materie	NE
161	geschickt	VVPP
162	sei	VAFIN
163	und	KON
164	etlicher	ADJA
165	Maß	NE
166	unterworfen	VVPP
167	der	ART
168	versehrlichen	ADJA
169	oder	KON
170	vergiftigen	NE
171	Sache	NN
172	oder	KON
173	dem	NE
174	schädlichen	ADJA
175	Ursprung	NE
176	dieser	PDAT
177	Krankheit	NE
178	.	$.
1	in	APPR
2	Gleichnis	NN
3	.	$.
4	also	ADV
5	das	ART
6	Feuer	VVFIN
7	nicht	PTKNEG
8	brennt	NE
9	es	PPER
10	sei	VAFIN
11	dann	ADV
12	in	APPR
13	bequemer	ADJD
14	Materien	NN
15	so	ADV
16	schadet	ADJD
17	die	ART
18	Pestilenz	NN
19	keinem	PIAT
20	Leichnam	NE
21	es	PPER
22	sei	VAFIN
23	dann	ADV
24	dass	ART
25	sie	PPER
26	finde	VVFIN
27	Materie	NE
28	die	ART
29	da	ADV
30	bequem	ADJD
31	sei	VAFIN
32	zu	PTKZU
33	der	ART
34	Verstörung	NE
35	oder	KON
36	Vergiftung	NN
37	hierum	PAV
38	welche	PWAT
39	Leichname	NE
40	rein	ADJD
41	sind	VAFIN
42	und	KON
43	mit	APPR
44	Reinigung	NN
45	nicht	PTKNEG
46	versäumt	NE
47	die	ART
48	bleiben	VVINF
49	lang	ADJD
50	frei	ADJD
51	von	APPR
52	Vergiftung	NE
53	der	ART
54	Pestilenz	NN
55	auch	ADV
56	die	ART
57	Menschen	NN
58	bleiben	VVFIN
59	gesund	ADJD
60	welcher	PWAT
61	Komplexion	NN
62	wider	APPR
63	ist	VAFIN
64	der	ART
65	Komplexion	NN
66	der	ART
67	vergiftigen	ADJA
68	Luft	NN
69	.	$.
1	sonst	ADV
2	wo	PWAV
3	das	KOUS
4	Luft	NN
5	vergiftet	VVPP
6	wäre	VAFIN
7	würden	VAFIN
8	alle	PIAT
9	Menschen	VVFIN
10	in	APPR
11	der	ART
12	selbigen	ADJA
13	Luft	NN
14	sterben	VVINF
15	das	ART
16	doch	ADV
17	Erfahrung	NN
18	nicht	PTKNEG
19	zugibt	VVFIN
20	.	$.
1	von	APPR
2	Bewahrung	NN
3	vor	APPR
4	der	ART
5	Pestilenz	NN
6	zu	PTKZU
7	dem	ART
8	Ersten	CARD
9	so	PTK
10	sollt	VMFIN
11	ihr	PPOSAT
12	vermeiden	VVFIN
13	überflüssige	ADJD
14	Völlung	VVFIN
15	Speise	VVIMP
16	und	KON
17	Getranks	NE
18	.	$.
1	jedoch	ADV
2	sintemal	NE
3	Hunger	ADJD
4	und	KON
5	Durst	NN
6	in	APPR
7	solcher	PIAT
8	Zeit	NN
9	schädlich	ADJD
10	ist	VAFIN
11	darum	PAV
12	sollt	NE
13	ihr	PPOSAT
14	die	ART
15	Menge	NE
16	der	ART
17	Speise	VVIMP
18	auf	APPR
19	ein	ART
20	Mal	NN
21	mindern	ADJA
22	und	KON
23	die	ART
24	Male	NN
25	der	ART
26	Speisung	NN
27	mehren	VVFIN
28	so	ADV
29	dass	KOUS
30	ihr	PPOSAT
31	zwischen	APPR
32	mittag	ADV
33	und	KON
34	abend	ADV
35	essen	VVINF
36	ein	ART
37	Bissen	VVINF
38	Brots	NN
39	oder	KON
40	etwas	PIS
41	anderes	ADV
42	nehmt	VVFIN
43	und	NE
44	darauf	PAV
45	ein	ART
46	Trunk	VVFIN
47	Weins	NN
48	mit	APPR
49	Wasser	VVIMP
50	gemischt	VVPP
51	auch	ADV
52	sollt	VMFIN
53	ihr	PPOSAT
54	vermeiden	VVFIN
55	grobes	ADJA
56	und	KON
57	schleimiges	ADJA
58	Fleisch	VVIMP
59	und	KON
60	aller	PIAT
61	hand	NN
62	Fisch	NN
63	und	KON
64	alle	PIAT
65	scharfe	NE
66	Speisen	VVIMP
67	als	KOKOM
68	Knoblauch	NN
69	Zwiebel	VVIMP
70	.	$.
71	Lauch	NN
72	und	KON
73	hitzige	ADJA
74	Würze	NN
75	oder	KON
76	Spezies	NE
77	.	$.
1	als	KOKOM
2	Pfeffer	VVIMP
3	und	KON
4	paradis	NN
5	Körner	NE
6	¶	$(
7	euer	PPOSAT
8	salzenes	NE
9	.	$.
10	Getränk	NE
11	und	KON
12	alle	PIAT
13	Speisen	VVIMP
14	sollen	VMFIN
15	mit	APPR
16	Essig	NN
17	bereit	ADJD
18	sein	VAINF
19	.	$.
1	auch	ADV
2	sollt	VMFIN
3	ihr	PPOSAT
4	vermeiden	VVFIN
5	süße	ADJA
6	Speisen	VVIMP
7	mit	APPR
8	Honig	NN
9	zubereitet	ADJD
10	.	$.
1	¶	$(
2	item	NE
3	allerlei	PIAT
4	Früchte	NN
5	sollt	NE
6	ihr	PPOSAT
7	vermeiden	VVFIN
8	.	$.
9	wann	PWAV
10	durch	APPR
11	ungesunde	ADJA
12	Luft	NN
13	seien	VAFIN
14	sie	PPER
15	vergiftet	NE
16	.	$.
17	ausgenommen	NE
18	saure	ADJD
19	Früchte	NN
20	.	$.
21	als	KOKOM
22	sauer	ADJD
23	Kirschen	NN
24	.	$.
25	saure	ADJD
26	Äpfel	NE
27	und	KON
28	malogrant	NN
29	Äpfel	NE
30	.	$.
1	bittere	NE
2	Mandelmilch	NN
3	ist	VAFIN
4	bequem	ADJD
5	zu	PTKZU
6	Bereitung	NE
7	der	ART
8	Speise	VVIMP
9	.	$.
10	sonst	ADV
11	alle	PIAT
12	andere	ADJA
13	Milch	NN
14	ist	VAFIN
15	schädlich	ADJD
16	.	$.
17	zu mal	ADV
18	den	NE
19	müßigen	ADJA
20	Menschen	VVFIN
21	.	$.
22	den	ART
23	bringt	VVFIN
24	sie	PPER
25	das	ART
26	Fieber	VVIMP
27	.	$.
28	oder	KON
29	den	ART
30	kalten	ADJA
31	Siechtag	NN
32	.	$.
33	und	KON
34	verstört	NE
35	die	ART
36	vier	CARD
37	Feuchtigkeiten	NN
38	in	APPR
39	den	ART
40	Tieren	NN
41	¶	$(
42	ihr	PPOSAT
43	sollt	NE
44	vermeiden	VVINF
45	Bad	NN
46	.	$.
1	und	KON
2	alles	PIS
3	das	KOUS
4	hitzt	VVFIN
5	und	KON
6	die	ART
7	Schweißlöcher	NN
8	öffnet	VVFIN
9	.	$.
10	wann	PWAV
11	sie	PPER
12	geöffnet	VVPP
13	sind	VAFIN
14	so	ADV
15	schleuft	VVFIN
16	der	ART
17	vergifteten	NE
18	Luft	NN
19	darin	ADV
20	und	KON
21	vergiftigt	ADJD
22	den	ART
23	Leichnam	NE
24	und	KON
25	zerstört	VVPP
26	die	ART
27	natürlichen	ADJA
28	und	KON
29	lebendigen	ADJA
30	Geister	VVFIN
31	.	$.
1	¶	$(
2	Vor	APPR
3	allen	PIAT
4	Dingen	NN
5	sollt	NE
6	ihr	PPOSAT
7	unkeusch	ADJD
8	und	KON
9	Leibs	NN
10	Wollust	NN
11	fliehen	VVINF
12	.	$.
1	¶	$(
2	besonder	NN
3	ist	VAFIN
4	mein	PPOSAT
5	Rat	NN
6	dass	KOUS
7	ihr	PPOSAT
8	in	APPR
9	den	ART
10	Monden	NN
11	zu	PTKZU
12	der	ART
13	Adern	NN
14	lasst	VVFIN
15	.	$.
16	und	KON
17	doch	ADV
18	wenig	PIS
19	als	KOKOM
20	.	$.
21	6	NE
22	oder	KON
23	8.	NE
24	Lot	NN
25	Bluts	NN
26	und	KON
27	tut	VVFIN
28	das	KOUS
29	drei	CARD
30	oder	KON
31	3	XY
32	Tage	NN
33	vor	APPR
34	oder	KON
35	nach	APPR
36	dem	NE
37	Vollmond	NE
38	und	KON
39	gemeiniglich	NE
40	von	XY
41	der	ART
42	Leber	NN
43	oder	KON
44	an	APPR
45	dem	ART
46	rechten	ADJA
47	Arm	ADJA
48	zu	PTKZU
49	Gezeiten	NN
50	von	XY
51	der	ART
52	Milz	NN
53	Ader	NN
54	an	NE
55	der	ART
56	linken	ADJA
57	Hand	VAFIN
58	und	KON
59	zuweilen	ADV
60	von	XY
61	der	ART
62	Median	NE
63	in	APPR
64	dem	NE
65	Arm	ADJD
66	darnach	PAV
67	ihr	PPOSAT
68	empfindet	NE
69	Stechung	NE
70	und	KON
71	Lauf	NN
72	der	ART
73	Feuchtigkeit	NN
74	an	NE
75	diesem	PDAT
76	oder	KON
77	anderen	NN
78	Ende	NN
79	.	$.
80	wann	PWAV
81	diese	PDAT
82	Wallung	NE
83	des	ART
84	Geblüts	NN
85	mag	VMFIN
86	nicht	PTKNEG
87	mehr	NE
88	ausgelöscht	NE
89	werden	VAFIN
90	dann	ADV
91	durch	APPR
92	künstliche	ADJA
93	und	KON
94	gebührliche	ADJA
95	Aderlassen	NN
96	.	$.
1	¶	$(
2	zu	APPR
3	dem	NE
4	anderen	ADJA
5	Mal	NN
6	ist	VAFIN
7	zu	PTKZU
8	merken	VVINF
9	.	$.
1	dass	ART
2	ihr	PPOSAT
3	alle	PIAT
4	Nacht	NN
5	so	ADV
6	ihr	PPOSAT
7	schlafen	ADJA
8	sollt	VVPP
9	nehmen	VVFIN
10	ein	XY
11	Löffel	NN
12	Weins	NN
13	oder	KON
14	zwei	NE
15	mit	APPR
16	Rosen	NN
17	Wasser	VVIMP
18	mit	APPR
19	ein	ART
20	wenig	PIS
21	boli	NE
22	armenici	NE
23	all	PIAT
24	kleinst	ADJD
25	gepulvert	NE
26	.	$.
27	wann	PWAV
28	solcher	PIAT
29	Trank	VVFIN
30	ist	VAFIN
31	wahrhaftig	ADJD
32	nütze	VVIMP
33	wider	APPR
34	die	ART
35	Krankheit	NN
36	durch	APPR
37	mancherlei	NN
38	Sache	NN
39	¶	$(
40	zum	APPR
41	Ersten	ADJA
42	erkühlt	VVFIN
43	das	ART
44	Herz	NN
45	und	KON
46	löscht	VVFIN
47	die	ART
48	vergiftigen	ADJA
49	Verzehrung	VVIMP
50	der	ART
51	Feuchtigkeit	NE
52	¶	$(
53	zu	APPR
54	dem	NE
55	Anderen	VVINF
56	etlicher	ADJA
57	Maß	VVFIN
58	verzehrter	ADJA
59	Überflüssigkeit	NN
60	bei	APPR
61	dem	NE
62	Herzen	NN
63	und	KON
64	der	ART
65	Leber	NN
66	.	$.
1	zum	APPR
2	Dritten	ADJA
3	er	PPER
4	schließt	VVFIN
5	zu	PTKZU
6	die	ART
7	Gänge	NE
8	und	KON
9	Wege	PTKVZ
10	der	ART
11	vernehmsten	ADJA
12	Glieder	NN
13	die	ART
14	nicht	PTKNEG
15	die	ART
16	grausamen	ADJA
17	vergiftigen	ADJA
18	Dünste	NE
19	oder	KON
20	Rauch	ADJD
21	der	ART
22	vergifteten	VVINF
23	Feuchtigkeit	NN
24	das	KOUS
25	Herz	NN
26	und	KON
27	andere	VVIMP
28	gesunde	ADJA
29	Glieder	NE
30	anrührt	ADJD
31	.	$.
1	¶	$(
2	zum	APPR
3	Vierten	ADJA
4	über	APPR
5	.	$.
6	4	CARD
7	.	$.
8	Tag	NN
9	in	APPR
10	aufgehender	NN
11	Sonne	VVFIN
12	oder	KON
13	am	NE
14	aber	ADV
15	vor	APPR
16	dem	NE
17	Eingang	NN
18	des	ART
19	Betts	NN
20	nehmt	VVFIN
21	ein	ART
22	Löffel	NN
23	voll	ADJD
24	dieses	PDAT
25	Pulvers	NN
26	von	APPR
27	Aloe	NE
28	cicotrino	NE
29	.	$.
30	von	XY
31	Mirre	NE
32	und	KON
33	Ort	NN
34	Safran	NN
35	mit	APPR
36	ein	ART
37	wenig	PIS
38	Weins	NN
39	gemischt	VVPP
40	mit	APPR
41	Rosen	NE
42	Wasser	VVIMP
43	und	KON
44	des	ART
45	Aloe	NE
46	soll	NE
47	allein	ADV
48	so	ADV
49	viel	ADV
50	sein	VAINF
51	als	KOKOM
52	der	ART
53	anderen	ADJA
54	.	$.
55	beide	PIAT
56	solche	PIAT
57	Pulver	VVIMP
58	verjagt	VVPP
59	das	ART
60	Vergift	NN
61	das	ART
62	sich	PRF
63	in	APPR
64	solcher	PIAT
65	Zeit	NN
66	stet	ADJD
67	sammelt	VVFIN
68	bei	APPR
69	dem	ART
70	Herzen	VVFIN
71	und	KON
72	bei	APPR
73	den	NE
74	fürgenehmsten	ADJA
75	Gliedern	NN
76	.	$.
1	¶	$(
2	item	NE
3	zu	PTKZU
4	Morgen	ADV
5	eh	ADV
6	ihr	PPOSAT
7	aus	APPR
8	dem	NE
9	Haus	VVFIN
10	geht	VVFIN
11	oder	KON
12	nach	APPR
13	Mittag	ADV
14	Mal	NN
15	auch	ADV
16	alle	PIAT
17	Stunden	VVFIN
18	des	NE
19	Tages	ADV
20	sollt	NE
21	ihr	PPOSAT
22	waschen	VVINF
23	die	ART
24	Hände	NN
25	mit	APPR
26	Essig	NN
27	.	$.
28	darin	ADV
29	nun	ADV
30	ein	ART
31	wenig	PIS
32	Triaker	NE
33	ist	VAFIN
34	und	KON
35	die	ART
36	Hände	NE
37	für	NE
38	die	ART
39	Nase	ADJA
40	gehalten	ADJA
41	und	KON
42	den	ART
43	Atem	NN
44	an	APPR
45	sich	ADJD
46	gezogen	VVPP
47	.	$.
1	¶	$(
2	item	NE
3	eins	PIS
4	oder	NN
5	zwier	NE
6	in	NE
7	der	XY
8	Woche	NN
9	nehmt	NE
10	FW	NE
11	mit	APPR
12	6	NE
13	.	$.
14	oder	KOUS
15	.	$.
16	vij.	NE
17	Löffel	NN
18	geseihtes	VVPP
19	Gersten	NN
20	Wasser	NN
21	am	APPRART
22	Aufgang	VVFIN
23	der	ART
24	Sonne	VVFIN
25	ein	ART
26	wenig	PIS
27	Lab	NE
28	das	ART
29	ist	VAFIN
30	in	APPR
31	Wahrheit	NN
32	ein	ART
33	gut	ADJD
34	verborgene	NE
35	Arznei	NN
36	und	KON
37	Doktoren	NE
38	die	ART
39	solchen	PIAT
40	Trank	NN
41	erkannten	VVFIN
42	haben	VAFIN
43	den	NE
44	für	APPR
45	heimlich	ADJD
46	gehalten	VVPP
47	.	$.
48	wann	PWAV
49	so	ADV
50	er	PPER
51	sauer	ADJD
52	ist	VAFIN
53	hat	VAFIN
54	er	PPER
55	Eigenschaft	NN
56	wider	NE
57	Vergift	NE
58	und	KON
59	dient	VVFIN
60	sehr	NE
61	zum	APPRART
62	Herzen	NN
63	auch	ADV
64	reinigt	VVFIN
65	er	PPER
66	die	ART
67	Leber	NN
68	den	NE
69	Magen	NE
70	und	KON
71	die	ART
72	Nieren	NN
73	dass	ART
74	sehr	NE
75	not	NN
76	ist	VAFIN
77	in	APPR
78	dieser	PDAT
79	Krankheit	NE
80	und	KON
81	die	ART
82	Doktoren	NE
83	die	ART
84	des	ART
85	Getranks	NE
86	erfahren	VVINF
87	haben	VAFIN
88	gebrauchen	VVFIN
89	das	KOUS
90	zu	PTKZU
91	Bewahrung	NE
92	vor	APPR
93	dieser	PDAT
94	Kranckheit	NE
95	im	APPRART
96	Lenzen	VVINF
97	und	KON
98	im	APPRART
99	Sommer	NN
100	und	KON
101	allweg	ADV
102	in	NE
103	traurigen	ADJA
104	Sommern	NE
105	gebrauchen	VVINF
106	dieses	PDS
107	Getranks	NE
108	als	KOKOM
109	des	ART
110	behaglichsten	ADJA
111	und	KON
112	besten	VVINF
113	Rats	NN
114	in	APPR
115	solcher	PIAT
116	Weise	VVFIN
117	gebrauchen	VVFIN
118	sie	PPER
119	auch	ADV
120	des	ART
121	Pulvers	NN
122	von	XY
123	Aloe	NE
124	.	$.
125	wann	PWAV
126	dieser	PDAT
127	Pulver	VVIMP
128	am	APPRART
129	anderen	ADJA
130	Tag	NN
131	nach	APPR
132	seiner	PPOSAT
133	Empfangung	NE
134	macht	VVFIN
135	er	PPER
136	zwei	NE
137	oder	KON
138	drei	CARD
139	Stühle	NN
140	Gänge	NE
141	mehr	ADV
142	dann	ADV
143	der	ART
144	Mensch	NE
145	gewohnt	VVPP
146	ist	VAFIN
147	.	$.
148	und	KON
149	gleicher	ADJA
150	Weise	VVFIN
151	als	KOKOM
152	das	KOUS
153	Fleisch	VVIMP
154	in	NE
155	einen	ART
156	Topf	VVIMP
157	am	APPRART
158	Anbeginn	NE
159	seines	NN
160	Siedens	NN
161	geschäumt	VVPP
162	wird	VAFIN
163	und	KON
164	gereinigt	VVPP
165	von	XY
166	seiner	PPOSAT
167	Unflätigkeit	NN
168	so	ADV
169	tut	VVFIN
170	dieses	PDS
171	Pulver	VVIMP
172	auch	ADV
173	es	PPER
174	reinigt	VVFIN
175	stet	ADJD
176	den	ART
177	Unflat	NN
178	und	KON
179	Vergift	NN
180	das	KOUS
181	sich	PRF
182	an	APPR
183	Unflat	NE
184	sammelt	VVFIN
185	zu	PTKZU
186	dem	NE
187	Herzen	NN
188	und	KON
189	den	NE
190	anderen	ADJA
191	fürnehmischen	ADJA
192	Gliedern	NN
193	in	APPR
194	solchem	PIAT
195	Anblick	NN
196	des	ART
197	Himmels	NN
198	.	$.
1	jedoch	ADV
2	etliche	PIAT
3	Doktoren	NE
4	machen	VVINF
5	aus	APPR
6	diesem	PDAT
7	Pulver	VVIMP
8	Pillen	NE
9	um	XY
10	ihrer	PPOSAT
11	Purheit	NE
12	willen	NN
13	das	ART
14	ich	PPER
15	durch	APPR
16	etlicher	ADJA
17	Sache	NN
18	willen	NN
19	nicht	PTKNEG
20	zugib	PTKZU
21	oder	KON
22	bewähre	VVIMP
23	auch	ADV
24	die	ART
25	fürnehmsten	ADJA
26	Doktoren	NE
27	haben	VAFIN
28	das	KOUS
29	nicht	PTKNEG
30	gesetzt	VVPP
31	oder	KON
32	gelehrt	VVPP
33	dass	ART
34	man	NE
35	sie	PPER
36	in	NE
37	Pillen	NN
38	geben	VVINF
40	soll	VVFIN
41	.	$.
42	wie	KOKOM
43	wohl	ADV
44	dieses	PDAT
45	Pulver	VVIMP
46	fast	ADV
47	bitter	ADJD
48	ist	VAFIN
49	.	$.
1	jedoch	ADV
2	so	ADV
3	der	ART
4	Mund	NN
5	eins	PIS
6	oder	KON
7	zwier	NE
8	gewaschen	VVPP
9	wird	VAFIN
10	darnach	PAV
11	so	ADV
12	vergeht	NN
13	die	ART
14	Bitterkeit	NE
15	aber	KON
16	das	KOUS
17	Pulver	VVIMP
18	wirkt	VVFIN
19	viel	ADV
20	mehr	ADV
21	wann	PWAV
22	die	ART
23	Pillen	NN
24	.	$.
1	¶	$(
2	item	NN
3	am	APPRART
4	allermeisten	PIAT
5	in	NE
6	Bewahrung	NE
7	der	ART
8	Pestilenz	NN
9	sollt	NE
10	ihr	PPOSAT
11	fliehen	VVINF
12	die	ART
13	Stätte	ADJD
14	da	ADV
15	Pestilenz	NN
16	ist	VAFIN
17	.	$.
18	wann	PWAV
19	die	ART
20	giftigen	ADJA
21	Menschen	NN
22	vergiften	VVINF
23	euch	PPER
24	eure	NE
25	Luft	NN
26	.	$.
1	auch	ADV
2	das	KOUS
3	Teil	NN
4	des	ART
5	Himmels	NN
6	daraus	PAV
7	die	ART
8	Pestilenz	NN
9	gesacht	VVPP
10	wird	VAFIN
11	blickt	VVFIN
12	mehr	ADV
13	an	APPR
14	die	ART
15	Menschen	VVFIN
16	die	ART
17	an	NE
18	Stätten	ADJA
19	sind	NE
20	da	ADV
21	die	ART
22	Pestilenz	NN
23	ist	VAFIN
24	dann	ADV
25	an	NE
26	anderen	ADJA
27	Stätten	ADJA
28	hierum	PAV
29	wird	VAFIN
30	da	ADV
31	größer	ADJD
32	Veränderung	NE
33	der	ART
34	Luft	NN
35	in	APPR
36	ihren	ADJA
37	Wesen	PWAT
38	und	KON
39	natürlichen	ADJA
40	Widmigkeit	NE
41	oder	KON
42	Eigenschaft	NN
43	an	NE
44	den	ART
45	Stätten	ADJA
46	dann	ADV
47	an	APPR
48	anderen	NN
49	Stätten	ADJA
50	item	NN
51	keinerlei	PIAT
52	ist	VAFIN
53	vergleichen	VVFIN
54	der	ART
55	Ätzung	NE
56	dass	KOUS
57	ich	PPER
58	zu	PTKZU
59	tausend	NE
60	Mal	NN
61	in	APPR
62	Erfahrung	NE
63	gemerkt	VVPP
64	habe	VAFIN
65	.	$.
66	wann	PWAV
67	Ätzung	NE
68	treibt	VVFIN
69	aus	APPR
70	sichtiglich	ADJD
71	alles	PIAT
72	Gift	NN
73	das	ART
74	sich	PRF
75	in	APPR
76	dem	NE
77	Leichnam	NE
78	sammelt	VVFIN
79	es	PPER
80	kommt	NN
81	wo	PWAV
82	von	XY
83	es	PPER
84	will	VVIMP
85	darum	NE
86	tragt	VVFIN
87	die	ART
88	Ätzung	NE
89	dieweil	ADV
90	die	ART
91	Pestilenz	NE
92	währt	ADJD
93	so	ADV
94	gewird	VVPP
95	euch	PPER
96	nicht	PTKNEG
97	.	$.
98	mit	APPR
99	Gottes	NN
100	Hilfe	VVIMP
101	.	$.
1	die	ART
2	Pestilenz	NN
3	zu	PTKZU
4	heilen	VVINF
5	ob	KOUS
6	ihr	PPOSAT
7	euch	PPER
8	nicht	PTKNEG
9	des	ART
10	Regiments	NE
11	durch	APPR
12	Versäumlichkeit	NE
13	recht	ADJD
14	gebraucht	VVPP
15	hat	VAFIN
16	.	$.
1	wie	KOKOM
2	ihr	PPOSAT
3	der	ART
4	las	VVIMP
5	werdet	VAFIN
6	/	$(
7	alsbald	KOKOM
8	ihr	PPOSAT
9	etwas	PIS
10	Arges	NN
11	empfindet	NE
12	es	PPER
13	sei	VAFIN
14	Tag	NN
15	oder	KON
16	Nacht	NN
17	.	$.
18	so	ADV
19	nehmt	NE
20	von	XY
21	Stunde	ADJD
22	an	APPR
23	ein	XY
24	Löffel	VVIMP
25	voll	ADJD
26	des	ART
27	Pulvers	NN
28	.	$.
1	als	KOKOM
2	von	XY
3	Diptam	NE
4	.	$.
5	Bibenelle	NN
6	.	$.
7	Tormentille	NE
8	.	$.
9	bollo	NE
10	armeno	NE
11	.	$.
12	terra	NE
13	ſigilata	NE
14	.	$.
15	mit	APPR
16	Wein	NN
17	und	KON
18	mit	APPR
19	Wasser	VVIMP
20	aus	APPR
21	Tormentillen	NE
22	wurtzel	NN
23	de­s­til­lie­rt	NE
24	¶	$(
25	von	NE
26	diesem	PDAT
27	Pulver	VVIMP
28	sag	VVIMP
29	ich	PPER
30	dass	KOUS
31	ich	PPER
32	hundert	VVFIN
33	Mal	NN
34	bewährt	VVPP
35	habe	VAFIN
36	dass	KOUS
37	ein	ART
38	itzlich	NE
39	dieser	PDAT
40	Wurz	NN
41	für	APPR
42	sich	PRF
43	selbst	ADJD
44	die	ART
45	Gift	NN
46	vertreibt	NE
47	es	PPER
48	kommt	NE
49	von	XY
50	Tier	NN
51	Biss	VVIMP
52	oder	KON
53	Schlangen	VVFIN
54	.	$.
55	wann	PWAV
56	zu	PTKZU
57	Hand	VAFIN
58	mit	APPR
59	Gewalt	NN
60	so	ADV
61	treibt	VVFIN
62	es	PPER
63	das	KOUS
64	Gift	NN
65	aus	APPR
66	mit	APPR
67	dem	NE
68	Blut	NN
69	darum	PAV
70	als	KOKOM
71	bald	VVFIN
72	man	NE
73	dieses	NE
74	Pulver	VVIMP
75	nimmt	NE
76	soll	VMFIN
77	man	NE
78	zu	PTKZU
79	der	XY
80	Ader	VVINF
81	lassen	VVFIN
82	und	KON
83	dieser	PDAT
84	lassen	VVINF
85	gehen	VVFIN
86	.	$.
87	an	NE
88	der	ART
89	Ader	VVINF
90	die	ART
91	all	PIAT
92	nächst	APPR
93	ist	VAFIN
94	der	ART
95	Stätte	NE
96	da	ADV
97	der	ART
98	Beulen	VVIMP
99	oder	KON
100	Pestilenz	NN
101	ist	VAFIN
102	.	$.
1	sieht	NN
2	man	NE
3	keine	NE
4	Beulen	VVIMP
5	oder	KON
6	Schwäre	ADJD
7	.	$.
1	besonder	VVIMP
2	ein	ART
3	Hitze	NE
4	mit	APPR
5	Kälte	VVFIN
6	und	KON
7	Zittern	VVIMP
8	.	$.
1	und	KON
2	die	ART
3	Glieder	NN
4	werden	VAINF
5	schwer	ADJD
6	und	KON
7	dem	NE
8	Menschen	NN
9	schläfert	VVFIN
10	.	$.
1	so	ADV
2	nehmt	VVFIN
3	das	ART
4	vorgeschriebene	VVPP
5	Pulver	VVIMP
6	in	APPR
7	Maßen	VVFIN
8	wie	KOKOM
9	vor	APPR
10	berührt	VVFIN
11	ist	VAFIN
12	und	KON
13	von	APPR
14	Stunde	VVFIN
15	an	APPR
16	lasse	VVFIN
17	man	PIS
18	die	ART
19	Medianadern	NN
20	und	KON
21	über	APPR
22	eine	ART
23	Stunde	VVFIN
24	lasse	VVFIN
25	man	PIS
26	an­der­wärts	NE
27	ist	VAFIN
28	anders	ADV
29	die	ART
30	Natur	NN
31	so	ADV
32	kräftig	ADJD
33	dass	ART
34	sie	PPER
35	das	ART
36	Lassen	VVINF
37	geleiden	VVINF
38	mag	VMFIN
39	merkt	VVFIN
40	eben	ADV
41	dass	ART
42	man	NE
43	viel	ADV
44	auf	APPR
45	ein	ART
46	Mal	NN
47	lassen	VVFIN
48	soll	NE
49	also	ADV
50	dass	ART
51	ein	ART
52	Pfund	NN
53	Bluts	NN
54	gelassen	NN
55	werde	VAFIN
56	.	$.
57	wann	PWAV
58	wenig	PIS
59	Bluts	NN
60	lassen	VVINF
61	ist	VAFIN
62	schädlicher	ADJA
63	dann	ADV
64	dass	ART
65	man	PIS
66	nicht	PTKNEG
67	ließ	VVFIN
68	und	KON
69	tötet	VVFIN
70	mehr	ADV
71	dann	ADV
72	sie	PPER
73	gesund	ADJD
74	macht	VVFIN
75	und	KON
76	das	ART
77	sehen	VVFIN
78	wir	PPER
79	vor	APPR
80	Augen	NN
81	wann	PWAV
82	alle	PIAT
83	die	ART
84	Pestilenz	NE
85	an	APPR
86	stößt	VVFIN
87	lassen	VVINF
88	zu	PTKZU
89	der	ART
90	Ader	VVINF
91	.	$.
1	aber	KON
2	nach	APPR
3	aller	PIAT
4	Gewohnheit	NN
5	lassen	VVINF
6	sie	PPER
7	wenig	PIS
8	Bluts	NN
9	gehen	APPR
10	und	KON
11	sterben	VVINF
12	sonder	NN
13	in	APPR
14	der	ART
15	großen	ADJA
16	Aderlassung	NE
17	so	ADV
18	man	NE
19	viel	ADV
20	Bluts	NN
21	auf	APPR
22	ein	ART
23	Mal	NN
24	lässt	VVIMP
25	gehen	APPR
26	.	$.
1	ist	VAFIN
2	anders	ADV
3	wann	PWAV
4	das	ART
5	Vergift	NE
6	geht	VVFIN
7	mit	APPR
8	dem	ART
9	Blut	NN
10	.	$.
11	und	KON
12	der	ART
13	Mensch	NN
14	genest	NN
15	und	KON
16	ist	VAFIN
17	die	ART
18	Ursache	NE
19	so	ADV
20	die	ART
21	Ader	VVIMP
22	geschlagen	VVPP
23	wird	VAFIN
24	und	KON
25	das	ART
26	Blut	NN
27	beginnt	VVFIN
28	zu	PTKZU
29	laufen	VVFIN
30	.	$.
1	so	ADV
2	wird	VAFIN
3	zu	PTKZU
4	Hand	VAFIN
5	ein	ART
6	große	ADJA
7	Bewegung	NN
8	des	ART
9	Geblüts	NN
10	und	KON
11	der	ART
12	anderen	ADJA
13	Feuchtigkeit	NN
14	des	ART
15	Leichnams	NN
16	und	KON
17	aus	APPR
18	der	ART
19	Bewegung	NN
20	der	ART
21	vergiftigen	NE
22	Bradem	NN
23	steigt	VVFIN
24	auf	APPR
25	zu	PTKZU
26	dem	ART
27	Herzen	NN
28	und	KON
29	zu	PTKZU
30	den	ART
31	vorgenehmsten	ADJA
32	Gliedern	NN
33	und	KON
34	mag	VMFIN
35	nicht	PTKNEG
36	sobald	KOUS
37	die	ART
38	vergifteten	NE
39	Materien	NN
40	ausgetrieben	VVPP
41	werden	VAFIN
42	.	$.
43	und	KON
44	so	ADV
45	die	ART
46	Ader	VVIMP
47	zu	PTKZU
48	getan	VVPP
49	wird	VAFIN
50	eh	ADV
51	die	ART
52	vergiftige	NE
53	Materie	NN
54	gänzlich	NE
55	ausgetrieben	VVPP
56	wird	VAFIN
57	so	ADV
58	läuft	VVFIN
59	der	ART
60	vergiftige	ADJD
61	Bradem	NE
62	bald	VVFIN
63	zu	PTKZU
64	dem	ART
65	Herzen	NN
66	und	KON
67	schnell	ADJD
68	tötet	VVFIN
69	das	ART
70	.	$.
71	so	ADV
72	aber	ADV
73	das	ART
74	Lassen	VVFIN
75	groß	ADJD
76	und	KON
77	viel	ADV
78	ist	VAFIN
79	.	$.
1	wie	KOKOM
2	wohl	ADV
3	auch	ADV
4	bewegt	VVFIN
5	wird	VAFIN
6	die	ART
7	vergiftige	NE
8	Materie	NE
9	so	ADV
10	wird	VAFIN
11	das	ART
12	Vergift	NN
13	doch	ADV
14	durch	APPR
15	das	ART
16	lange	ADV
17	Laufen	VVFIN
18	der	ART
19	Adern	VVINF
20	ganz	ADV
21	ausgelegt	VVPP
22	und	KON
23	ob	PTKVZ
24	je	ADV
25	etwas	PIS
26	blieb	NE
27	des	ART
28	Vergifts	NE
29	in	APPR
30	dem	NE
31	Leichnam	NN
32	.	$.
33	so	ADV
34	wird	VAFIN
35	die	ART
36	Natur	NN
37	mächtiger	ADJA
38	und	KON
39	kräftiger	ADJD
40	wider	APPR
41	das	ART
42	überblieben	VVFIN
43	ist	VAFIN
44	.	$.
1	und	KON
2	durch	APPR
3	Hilfe	NN
4	der	ART
5	Arznei	NN
6	wird	VAFIN
7	der	ART
8	Natur	NN
9	Hilfe	NN
10	getan	VVPP
11	.	$.
1	¶	$(
2	auch	ADV
3	habe	VAFIN
4	ich	PPER
5	keinen	PIAT
6	vernommen	NE
7	der	ART
8	sich	PRF
9	nach	APPR
10	obgeschriebener	NE
11	Arznei	NN
12	und	KON
13	Weise	VVFIN
14	gehalten	ADJA
15	habe	VAFIN
16	mit	APPR
17	Aderlassen	NN
18	und	KON
19	gutem	ADJA
20	Regiment	NE
21	.	$.
22	der	ART
23	in	APPR
24	der	ART
25	Sucht	VVFIN
26	der	ART
27	Pestilenz	NE
28	gestorben	VVPP
29	sei	VAFIN
30	¶	$(
31	gedruckt	VVPP
32	zu	PTKZU
33	Erfurt	NE
34	.	$.
1	von	APPR
2	Hansen	NE
3	Sporer	NN
4	bei	APPR
5	.	$.
6	Sankt	NE
8	Veits	NE
9	Pfarrer	NN
10	in	APPR
11	??	$.
1	Liiy	FM.la
2	.	$.
3	Jahr	FM.la
4	.	$.
