1	wie	PWAV
2	man	PIS
3	denen	PRELS
4	helfen	VVINF
5	soll	VMFIN
6	/	$(
7	welche	ADJA
8	mit	APPR
9	der	ART
10	pestilenzische	NE
11	Gift	NN
12	begriffen	VVPP
13	sind	VAFIN
14	.	$.
1	durch	APPR
2	Doctor	NE
3	Jodocum	NE
4	Willichium	NE
5	von	APPR
6	Resell	NE
7	.	$.
1	gedruckt	VVPP
2	zu	PTKZU
3	Frankfurt	NE
4	an	APPR
5	der	ART
6	Oder	KON
7	durch	APPR
8	Johann	NE
9	Eichorn.	NN
10	M.	NE
11	D.	NE
12	L.	NE
1	wie	PWAV
2	man	PIS
3	denen	PRELS
4	helfen	VVINF
5	soll	VMFIN
6	/	$(
7	welche	PWAT
8	mit	APPR
9	der	ART
10	pestilenzische	NE
11	Gift	NN
12	begriffen	VVPP
13	sind	VAFIN
14	.	$.
1	wann	PWAV
2	einer	ART
3	begriffen	VVPP
4	ist	VAFIN
5	mit	APPR
6	der	ART
7	Pestilenz	NN
8	/	$(
9	soll	VMFIN
10	er	PPER
11	zuvoraus	ADV
12	zu	PTKZU
13	Gott	NN
14	laufen	VVFIN
15	/	$(
16	und	KON
17	darnach	PAV
18	Gottes	NN
19	Gaben	VVFIN
20	gebrauchen	VVINF
21	zur	APPRART
22	Gesundheit	NN
23	/	$(
24	und	KON
25	alles	PIS
26	in	APPR
27	Gottes	NN
28	Willen	NN
29	stellen	VVINF
30	/	$(
31	wie	KOKOM
32	einem	ART
33	frommen	ADJA
34	Christen	NN
35	gebührt	VVFIN
36	und	KON
37	geziemt	VVFIN
38	.	$.
1	also	ADV
2	hat	VAFIN
3	Jesus	NE
4	Syrach	NE
5	am	APPRART
6	38	XY
7	Kapitel	NE
8	vormahnt	VVFIN
9	/	$(
10	mit	APPR
11	diesen	PDAT
12	Worten	NN
13	.	$.
1	mein	PPOSAT
2	Kind	NN
3	/	$(
4	wann	PWAV
5	du	PTKZU
6	krank	ADJD
7	bist	VAFIN
8	/	$(
9	so	ADV
10	verachte	VVFIN
11	dies	PDS
12	nicht	PTKNEG
13	/	$(
14	sondern	KON
15	bitte	ADV
16	den	ART
17	Herrn	NN
18	/	$(
19	so	ADV
20	wird	VAFIN
21	er	PPER
22	dich	PPER
23	gesund	ADJD
24	machen	VVINF
25	/	$(
26	lass	VVFIN
27	von	APPR
28	der	ART
29	Sünde	NN
30	/	$(
31	und	KON
32	mache	VVFIN
33	deine	PPOSAT
34	Hände	NN
35	unsträflich	ADJD
36	/	$(
37	und	KON
38	reinige	VVFIN
39	das	ART
40	Herz	NN
41	von	APPR
42	aller	PIAT
43	Missetat	NN
44	/	$(
45	opfer	NN
46	süßen	ADJA
47	Geruch	NN
48	/	$(
49	und	KON
50	Semmel	NN
51	/	$(
52	und	KON
53	gedenk	VVIMP
54	Opfer	NN
55	/	$(
56	und	KON
57	gib	VVIMP
58	ein	ART
59	fettes	ADJD
60	Opfer	NN
61	/	$(
62	als	KOKOM
63	müssest	VVFIN
64	du	PPER
65	davon	PAV
66	/	$(
67	Darnach	PAV
68	lass	VVFIN
69	den	ART
70	Arzt	NN
71	zu	PTKZU
72	dir	PPER
73	/	$(
74	denn	KON
75	der	ART
76	Herr	NN
77	hat	VAFIN
78	ihn	PPER
79	geschaffen	VVPP
80	/	$(
81	und	KON
82	lass	ART
83	ihn	PPER
84	nicht	PTKNEG
85	von	APPR
86	dir	PPER
87	/	$(
88	weil	KOUS
89	du	PTKZU
90	seiner	VAINF
91	doch	ADV
92	bedarfst	ADJD
93	.	$.
1	es	PPER
2	kann	VMFIN
3	die	ART
4	Stunde	VVFIN
5	kommen	VVFIN
6	/	$(
7	dass	ART
8	dem	ART
9	Kranken	NN
10	allein	ADV
11	durch	APPR
12	ihn	PPER
13	geholfen	VVPP
14	werde	VAFIN
15	/	$(
16	wenn	KOUS
17	sie	PPER
18	den	ART
19	Herrn	NN
20	bitten	VVINF
21	/	$(
22	dass	ART
23	mit	APPR
24	ihm	PPER
25	besser	ADJD
26	werde	VAFIN
27	/	$(
28	und	KON
29	Gesundheit	NN
30	kriege	VVFIN
31	länger	ADJD
32	zu	PTKZU
33	leben	VVFIN
34	.	$.
1	wer	PWS
2	für	APPR
3	seinem	PPOSAT
4	Schöpfer	NN
5	sündigt	VVFIN
6	/	$(
7	der	ART
8	muss	VMFIN
9	dem	ART
10	Arzt	NN
11	in	APPR
12	die	ART
13	Hände	NN
14	kommen	VVFIN
15	.	$.
1	aus	APPR
2	diesen	PDAT
3	Worten	NN
4	kann	VMFIN
5	man	PIS
6	klärlich	ADV
7	merken	VVINF
8	/	$(
9	wie	KOKOM
10	sich	PRF
11	ein	ART
12	Kranker	ADJA
13	halten	VVINF
14	soll	VMFIN
15	.	$.
1	zum	APPRART
2	Ersten	ADJA
3	soll	VMFIN
4	er	PPER
5	fromm	ADJD
6	werden	VAINF
7	/	$(
8	so	ADV
9	er	PPER
10	im	APPRART
11	rechtschaffenem	NE
12	Glauben	VVFIN
13	Gott	NN
14	anruft	VVFIN
15	/	$(
16	und	KON
17	im	APPRART
18	rechten	ADJA
19	Wege	NN
20	nach	APPR
21	Gottes	NN
22	Willen	NN
23	leben	VVFIN
24	will	VMFIN
25	/	$(
26	und	KON
27	ihm	PPER
28	mit	APPR
29	reinem	ADJA
30	Herzen	NN
31	dienen	VVINF
32	/	$(
33	und	KON
34	dankbar	ADJD
35	sein	VAINF
36	.	$.
1	zum	APPRART
2	Anderen	ADJA
3	lass	VVFIN
4	für	APPR
5	dich	PPER
6	bitten	VVINF
7	in	APPR
8	der	ART
9	Gemeinde	ADJA
10	Gottes	NN
11	.	$.
1	dann	ADV
2	bei	APPR
3	den	ART
4	Christen	NN
5	ist	VAFIN
6	Opfern	NN
7	nichts	PIS
8	anderes	ADV
9	/	$(
10	dann	ADV
11	Beten	VVINF
12	/	$(
13	und	KON
14	Gott	NN
15	für	APPR
16	seine	PPOSAT
17	Wohltat	VVFIN
18	danken	VVINF
19	.	$.
1	zum	APPRART
2	Letzten	ADJA
3	soll	VMFIN
4	er	PPER
5	zum	APPRART
6	Arzt	NN
7	Zuflucht	NN
8	haben	VAFIN
9	/	$(
10	und	KON
11	ihn	PPER
12	nicht	PTKNEG
13	vorachten	VVINF
14	/	$(
15	dieweil	KOUS
16	ihn	APPR
17	Gott	NN
18	geschaffen	VVPP
19	hat	VAFIN
20	.	$.
1	darum	PAV
2	sagt	VVFIN
3	der	ART
4	Jesus	NE
5	Syrach	NE
6	kurz	ADJD
7	zuvor	ADV
8	/	$(
9	der	ART
10	Herr	NN
11	lässt	VVIMP
12	die	ART
13	Arznei	NE
14	aus	APPR
15	der	ART
16	Erde	NN
17	wachsen	VVINF
18	/	$(
19	und	KON
20	ein	ART
21	Vornünftiger	NE
22	verachtet	NN
23	sie	PPER
24	nicht	PTKNEG
25	.	$.
1	ward	VAFIN
2	doch	ADV
3	das	ART
4	bittere	ADJD
5	Wasser	NN
6	süß	ADJA
7	/	$(
8	durch	APPR
9	ein	ART
10	Holz	NN
11	/	$(
12	auf	APPR
13	dass	ART
14	man	PIS
15	seine	PPOSAT
16	Kraft	NN
17	erkennen	VVINF
18	solle	VMFIN
19	.	$.
1	und	KON
2	er	PPER
3	hat	VAFIN
4	solche	PIAT
5	Kunst	NN
6	den	ART
7	Menschen	NN
8	gegeben	VVPP
9	/	$(
10	dass	ART
11	er	PPER
12	gepriesen	VVPP
13	werde	VAFIN
14	in	APPR
15	seinen	PPOSAT
16	Wundertaten	NN
17	/	$(
18	et cetera	ADV
1	und	KON
2	also	ADV
3	tat	VVFIN
4	auch	ADV
5	der	ART
6	König	NN
7	Hiskia	NE
8	/	$(
9	welcher	VVIMP
10	sehr	NE
11	krank	ADJD
12	war	VAFIN
13	/	$(
14	und	KON
15	der	ART
16	Prophet	NN
17	Jesaia	NE
18	zu	PTKZU
19	ihm	APPRART
20	kam	VVFIN
21	/	$(
22	und	KON
23	sprach	VVFIN
24	zu	PTKZU
25	ihm	PPER
26	.	$.
1	so	ADV
2	spricht	VVFIN
3	der	ART
4	Herr	NN
5	/	$(
6	bestelle	VVFIN
7	dein	PPOSAT
8	Haus	NN
9	/	$(
10	denn	KON
11	du	PTKZU
12	wirst	VAFIN
13	sterben	VVINF
14	/	$(
15	und	KON
16	nicht	PTKNEG
17	lebendig	ADJD
18	bleiben	VVINF
19	.	$.
1	da	ADV
2	wendet	PWS
3	Hiskia	NE
4	sein	VAINF
5	Angesicht	NN
6	zur	APPRART
7	Wand	VVFIN
8	/	$(
9	und	KON
10	betet	VVFIN
11	zum	APPRART
12	Herrn	NN
13	/	$(
14	und	KON
15	sprach	VVFIN
16	.	$.
1	gedenk	NE
2	doch	ADV
3	Herr	NN
4	/	$(
5	wie	KOKOM
6	ich	PPER
7	vor	APPR
8	dir	ART
9	gewandelt	VVPP
10	hab	VAFIN
11	in	APPR
12	der	ART
13	Wahrheit	NN
14	/	$(
15	mit	APPR
16	vollkommenem	ADJA
17	Herzen	NN
18	/	$(
19	und	KON
20	habe	VAFIN
21	getan	VVPP
22	was	PWS
23	dir	PPER
24	gefallen	VVPP
25	hat	VAFIN
26	/	$(
27	und	KON
28	Hiskia	NE
29	weint	VVFIN
30	sehr	NE
31	.	$.
1	da	ADV
2	sprach	VVFIN
3	Gott	NN
4	der	ART
5	Herr	NN
6	zu	PTKZU
7	Jesaia	NE
8	/	$(
9	gehe	NE
10	hin	PTKVZ
11	und	KON
12	sage	VVFIN
13	Hiskia	NE
14	/	$(
15	so	ADV
16	spricht	VVFIN
17	der	ART
18	Herr	NN
19	der	ART
20	Gott	NN
21	deines	PPOSAT
22	Vaters	NN
23	David	NE
24	.	$.
1	ich	PPER
2	habe	VAFIN
3	dein	PPOSAT
4	Gebet	NN
5	gehört	VVFIN
6	/	$(
7	und	KON
8	deinen	PPOSAT
9	Tränen	NN
10	gesehen	VVPP
11	.	$.
1	sieh	PRF
2	ich	PPER
3	will	VMFIN
4	deinen	PPOSAT
5	Tagen	NN
6	noch	ADV
7	fünfzehn	CARD
8	Jahr	NN
9	zulegen	VVINF
10	/	$(
11	und	KON
12	will	VMFIN
13	dich	PPER
14	samt	APPR
15	dieser	PDAT
16	stat	APPR
17	erretten	VVINF
18	von	APPR
19	der	ART
20	Hand	NN
21	des	ART
22	Königs	NN
23	zu	PTKZU
24	Assyrien	NE
25	/	$(
26	denn	KON
27	ich	PPER
28	will	VMFIN
29	diese	PDAT
30	Stadt	APPR
31	wohl	ADV
32	verteidigen	NE
33	.	$.
1	bald	ADV
2	darnach	PAV
3	hat	VAFIN
4	der	ART
5	Prophet	NN
6	befohlen	VVPP
7	man	PIS
8	soll	VMFIN
9	ihm	PPER
10	ein	ART
11	Pflaster	NN
12	von	APPR
13	Feigen	ADJA
14	gemacht	VVPP
15	auf	APPR
16	das	ART
17	Geschwer	NE
18	legen	VVINF
19	/	$(
20	dardurch	PAV
21	er	PPER
22	auch	ADV
23	gesund	ADJD
24	ist	VAFIN
25	worden	VAPP
26	.	$.
1	auf	APPR
2	diese	PDAT
3	Art	NN
4	werden	VAINF
5	in	APPR
6	dieser	PDAT
7	fährlichen	ADJA
8	Zeit	NN
9	sich	PRF
10	alle	PIAT
11	Christen	NN
12	schicken	VVINF
13	/	$(
14	und	KON
15	zubereiten	VVINF
16	/	$(
17	dann	ADV
18	es	PPER
19	auch	ADV
20	die	ART
21	große	ADJA
22	Not	NN
23	erfordert	VVFIN
24	/	$(
25	und	KON
26	Gott	NN
27	will	VMFIN
28	barmherzig	ADJD
29	sein	VAINF
30	/	$(
31	denen	PRELS
32	die	ART
33	ihn	PPER
34	anrufen	VVINF
35	/	$(
36	mit	APPR
37	rechtschaffenem	ADJA
38	Glauben	VVFIN
39	dann	ADV
40	er	PPER
41	hat	VAFIN
42	es	PPER
43	zugesagt	VVPP
44	/	$(
45	dass	ART
46	er	PPER
47	uns	PPER
48	von	APPR
49	dem	ART
50	Übel	ADV
51	erretten	VVINF
52	will	VMFIN
53	.	$.
1	was	PWS
2	aber	ADV
3	die	ART
4	Arznei	NE
5	betrifft	VVFIN
6	/	$(
7	will	VMFIN
8	ich	PPER
9	kürzlich	ADV
10	anzeigen	VVINF
11	so	ADV
12	weit	ADJD
13	als	KOKOM
14	die	ART
15	Not	NN
16	erfordert	VVFIN
17	.	$.
1	zum	APPRART
2	Ersten	ADJA
3	soll	VMFIN
4	ein	ART
5	jeder	PIAT
6	merken	VVINF
7	die	ART
8	Zeichen	NN
9	/	$(
10	dabei	PAV
11	man	PIS
12	erkennen	VVINF
13	möchte	VMFIN
14	/	$(
15	ob	KOUS
16	einen	ART
17	die	ART
18	Gift	NN
19	begriffen	VVPP
20	habe	VAFIN
21	/	$(
22	oder	KON
23	nicht	PTKNEG
24	.	$.
1	wann	PWAV
2	einer	ART
3	plötzlich	ADJD
4	las	VVFIN
5	und	KON
6	matt	PTKVZ
7	würde	VAFIN
8	in	APPR
9	allen	PIAT
10	seinen	PPOSAT
11	Gliedern	NN
12	/	$(
13	und	KON
14	sich	PRF
15	heftig	ADJD
16	renkt	VVFIN
17	/	$(
18	item	ADV
19	wo	PWAV
20	ein	ART
21	Schauer	VVIMP
22	einen	ART
23	bald	ADV
24	ankäme	VVFIN
25	/	$(
26	oder	KON
27	eine	ART
28	plötzliche	ADJD
29	Hitze	NN
30	/	$(
31	oder	KON
32	so	ADV
33	er	PPER
34	sich	PRF
35	undäut	NE
36	über	APPR
37	die	ART
38	Gewohnheit	NN
39	/	$(
40	oder	KON
41	so	ADV
42	ihn	PPER
43	ein	ART
44	gewaltiger	ADJA
45	Schlaf	ADJD
46	überfällt	VVFIN
47	/	$(
48	oder	KON
49	eine	ART
50	große	ADJA
51	Traurigkeit	NN
52	ihn	APPR
53	ängstigt	VVFIN
54	/	$(
55	und	KON
56	der	ART
57	Harn	NN
58	welcher	PWAT
59	doch	ADV
60	zu	PTKZU
61	dieser	PDAT
62	Zeit	NN
63	wenig	PIS
64	Gewisses	ADJA
65	anzeigt	VVFIN
66	/	$(
67	ist	VAFIN
68	gemeiniglich	ADV
69	gelblich	ADJD
70	und	KON
71	trüb	ADJD
72	.	$.
1	item	NN
2	so	ADV
3	einem	ART
4	braune	ADJA
5	Flecken	NN
6	ausführen	VVINF
7	/	$(
8	und	KON
9	sonderlich	ADJD
10	/	$(
11	wann	PWAV
12	Beulen	VVINF
13	und	KON
14	Blattern	NN
15	aufgefaren	VVPP
16	wären	VAFIN
17	/	$(
18	oder	KON
19	zum	APPRART
20	Wenigsten	PIAT
21	ein	ART
22	Gliedmaß	NE
23	mehr	ADV
24	beschwert	VVFIN
25	würde	VAFIN
26	/	$(
27	dann	ADV
28	die	ART
29	anderen	ADJA
30	.	$.
1	item	NN
2	wann	PWAV
3	der	ART
4	Leib	NN
5	inwendig	ADJD
6	heiß	ADJD
7	ist	VAFIN
8	/	$(
9	und	KON
10	auswendig	ADJD
11	kalt	ADJD
12	.	$.
1	item	NN
2	so	ADV
3	ihm	PPER
4	der	ART
5	Kopf	NN
6	schwer	ADJD
7	würde	VAFIN
8	plötzlich	ADJD
9	/	$(
10	so	ADV
11	ihm	PPER
12	die	ART
13	Lust	NN
14	zum	APPRART
15	Essen	VVINF
16	vergangen	VVPP
17	wäre	PWS
18	/	$(
19	so	ADV
20	ihn	PPER
21	heftiger	ADJA
22	Durst	NN
23	bald	ADV
24	plagt	VVFIN
25	/	$(
26	so	ADV
27	ihm	PPER
28	der	ART
29	Puls	NE
30	klein	ADJD
31	/	$(
32	öfter	ADV
33	und	KON
34	tief	ADJD
35	ist	VAFIN
36	/	$(
37	vor	APPR
38	allem	PIS
39	soll	VMFIN
40	man	PIS
41	Achtung	NE
42	haben	VAFIN
43	/	$(
44	so	ADV
45	ein	ART
46	Wehtag	NE
47	wäre	VAFIN
48	an	APPR
49	dem	ART
50	Hals	NN
51	/	$(
52	oder	KON
53	bei	APPR
54	den	ART
55	Armen	ADJA
56	/	$(
57	oder	KON
58	bei	APPR
59	dem	ART
60	Schoß	NN
61	und	KON
62	Beinen	VVINF
63	.	$.
1	so	ADV
2	nun	ADV
3	solche	PIAT
4	Zeichen	NN
5	zum	APPRART
6	Teil	NN
7	erscheinen	VVINF
8	/	$(
9	soll	VMFIN
10	man	PIS
11	nicht	PTKNEG
12	zweifeln	VVFIN
13	/	$(
14	das	ART
15	ihn	PPER
16	die	ART
17	Gift	NN
18	schon	ADV
19	begriffen	VVPP
20	hat	VAFIN
21	.	$.
1	darzu	PAV
2	muss	VMFIN
3	man	PIS
4	bald	ADV
5	zur	APPRART
6	Ader	VVIMP
7	lassen	VVINF
8	/	$(
9	und	KON
10	in	APPR
11	Demselbigen	PDAT
12	nicht	PTKNEG
13	irren	ADJA
14	/	$(
15	welches	PRELS
16	nicht	PTKNEG
17	ohne	APPR
18	merklichen	ADJA
19	Schaden	VVINF
20	abgehen	VVINF
21	würde	VAFIN
22	.	$.
1	derhalben	PAV
2	sollen	VMFIN
3	die	ART
4	Barbiere	NE
5	aufmerken	VVINF
6	und	KON
7	nicht	PTKNEG
8	törlich	ADJD
9	eine	ART
10	itzliche	NE
11	Ader	VVINF
12	schlagen	VVFIN
13	.	$.
1	es	PPER
2	ist	VAFIN
3	wohl	ADV
4	zu	PTKZU
5	merken	VVINF
6	dass	ART
7	die	ART
8	Gift	NN
9	sonderlich	ADJD
10	drei	CARD
11	Gliedmaßen	NE
12	begreife	VVFIN
13	/	$(
14	als	KOKOM
15	das	ART
16	Gehirn	NN
17	/	$(
18	das	ART
19	Herz	NN
20	/	$(
21	und	KON
22	die	ART
23	Leber	VVFIN
24	/	$(
25	doch	ADV
26	muss	VMFIN
27	allezeit	ADV
28	das	ART
29	Herz	NN
30	mit	APPR
31	Not	NN
32	leiden	VVINF
33	/	$(
34	dann	ADV
35	die	ART
36	Gift	NN
37	dringt	VVFIN
38	mächtig	ADJD
39	nach	APPR
40	dem	ART
41	Herzen	NN
42	/	$(
43	derhalben	PAV
44	schlagen	NE
45	die	ART
46	Blattern	ADJA
47	und	KON
48	Beulen	VVINF
49	gemeiniglich	ADV
50	aus	APPR
51	/	$(
52	so	ADV
53	es	PPER
54	im	APPRART
55	Gehirn	NN
56	ist	VAFIN
57	/	$(
58	um	APPR
59	den	ART
60	Kopf	NN
61	und	KON
62	Hals	NN
63	/	$(
64	so	ADV
65	die	ART
66	Gift	NN
67	im	APPRART
68	Herzen	NN
69	ist	VAFIN
70	/	$(
71	so	ADV
72	erscheinen	VVINF
73	sie	PPER
74	an	APPR
75	dem	ART
76	Arm	ADJD
77	/	$(
78	und	KON
79	sonderlich	ADJD
80	unter	APPR
81	dem	ART
82	Achsel	NE
83	/	$(
84	so	ADV
85	die	ART
86	in	APPR
87	der	ART
88	Leber	VVFIN
89	ist	VAFIN
90	/	$(
91	so	ADV
92	sieht	NN
93	man	PIS
94	die	ART
95	Apostemata	NE
96	bei	APPR
97	dem	ART
98	Gemächt	VVPP
99	/	$(
100	und	KON
101	Beinen	VVINF
102	/	$(
103	und	KON
104	ja	ADV
105	die	ART
106	Geschwüre	NE
107	heftiger	ADJA
108	und	KON
109	weiter	ADV
110	von	APPR
111	den	ART
112	drei	CARD
113	vornehmlichen	ADJA
114	Gliedmaßen	NE
115	getrieben	VVPP
116	werden	VAINF
117	/	$(
118	ja	ADV
119	die	ART
120	Kraft	NN
121	derselbigen	PDAT
122	noch	ADV
123	stärker	ADJD
124	ist	VAFIN
125	/	$(
126	und	KON
127	ist	VAFIN
128	ein	ART
129	gutes	ADJD
130	Zeichen	NN
131	dass	ART
132	die	ART
133	Natur	NN
134	noch	ADV
135	kräftig	ADJD
136	ist	VAFIN
137	.	$.
1	wiederum	ADV
2	ist	VAFIN
3	sie	PPER
4	schwach	ADJD
5	/	$(
6	so	ADV
7	sie	PPER
8	nicht	PTKNEG
9	gewaltig	ADJD
10	austreibt	VVFIN
11	/	$(
12	sondern	KON
13	allein	ADV
14	denselbigen	PDAT
15	/	$(
16	oder	KON
17	den	ART
18	nächsten	ADJA
19	Ort	NN
20	beschwert	VVINF
21	.	$.
1	so	ADV
2	muss	VMFIN
3	nun	ADV
4	ein	ART
5	Barbier	NE
6	alle	PIAT
7	Zeit	NN
8	auf	APPR
9	der	ART
10	Seite	NN
11	die	ART
12	Adern	VVINF
13	schlagen	VVFIN
14	/	$(
15	in	APPR
16	welcher	PWAT
17	das	ART
18	Geschwür	NN
19	/	$(
20	oder	KON
21	die	ART
22	Beschwernis	NN
23	ist	VAFIN
24	.	$.
1	so	ADV
2	dieselbigen	PDAT
3	sind	VAFIN
4	an	APPR
5	dem	ART
6	Hals	NN
7	oder	KON
8	am	APPRART
9	Haupt	NN
10	/	$(
11	soll	VMFIN
12	man	PIS
13	die	ART
14	Hauptadern	NN
15	lassen	VVINF
16	schlagen	NE
17	auf	APPR
18	derselbigen	ADJA
19	Seite	NN
20	/	$(
21	und	KON
22	ziemlich	ADV
23	wohl	ADV
24	lassen	VVINF
25	laufen	VVFIN
26	/	$(
27	so	ADV
28	sie	PPER
29	an	APPR
30	dem	ART
31	Arm	ADJD
32	oder	KON
33	hart	ADJD
34	dabei	PAV
35	erscheinen	VVINF
36	/	$(
37	soll	VMFIN
38	die	ART
39	Basilica	NE
40	geschlagen	VVPP
41	werden	VAINF
42	/	$(
43	auch	ADV
44	auf	APPR
45	derselbigen	ART
46	Seite	NN
47	/	$(
48	und	KON
49	so	ADV
50	man	PIS
51	die	ART
52	nicht	PTKNEG
53	finden	VVINF
54	könnte	VVFIN
55	/	$(
56	so	ADV
57	nehme	ART
58	man	PIS
59	daselbst	NE
60	die	ART
61	Median	ADJD
62	.	$.
1	so	ADV
2	die	ART
3	Apostemata	NE
4	sein	VAINF
5	bei	APPR
6	dem	ART
7	Schoß	NN
8	/	$(
9	soll	VMFIN
10	die	ART
11	Ader	VVIMP
12	welche	PWAT
13	man	PIS
14	nennt	VVFIN
15	die	ART
16	Frauenader	NN
17	/	$(
18	geschlagen	VVPP
19	werden	VAINF
20	.	$.
1	dasselbige	PDS
2	wird	VAFIN
3	man	PIS
4	halten	VVINF
5	/	$(
6	so	ADV
7	allein	ADV
8	eine	ART
9	Beschwernis	NN
10	in	APPR
11	dem	ART
12	vor	APPR
13	angezeigten	ADJA
14	Gliedmaß	NE
15	gefühlt	VVPP
16	würde	VAFIN
17	.	$.
1	so	ADV
2	etwas	PIS
3	an	APPR
4	der	ART
5	Hüfte	NN
6	aufgefahren	VVPP
7	wäre	VAFIN
8	/	$(
9	soll	VMFIN
10	man	PIS
11	schlagen	NE
12	die	ART
13	Sciatica	NE
14	/	$(
15	oder	KON
16	welche	PWAT
17	leitet	VVFIN
18	zwischen	APPR
19	den	ART
20	kleinsten	ADJA
21	Zehen	CARD
22	/	$(
23	und	KON
24	ihren	PPOSAT
25	nächsten	VVINF
26	.	$.
1	so	ADV
2	aber	ADV
3	der	ART
4	Mensch	NN
5	durch	APPR
6	Ursachen	NN
7	nicht	PTKNEG
8	könnte	VVFIN
9	die	ART
10	Ader	VVIMP
11	lassen	VVINF
12	schlagen	VVFIN
13	/	$(
14	so	ADV
15	lass	VVFIN
16	er	PPER
17	auf	APPR
18	den	ART
19	Orten	VVINF
20	die	ART
21	Köpfe	NN
22	hinsetzen	PTKVZ
23	/	$(
24	und	KON
25	lasse	VVFIN
26	sie	PPER
27	wohl	ADV
28	hauen	VVINF
29	/	$(
30	und	KON
31	das	ART
32	Blut	NN
33	daraus	PAV
34	laufen	VVFIN
35	.	$.
1	zum	APPRART
2	Anderen	ADJA
3	nach	APPR
4	dem	ART
5	Aderschlagen	VVIMP
6	/	$(
7	soll	VMFIN
8	man	PIS
9	den	ART
10	Kranken	NN
11	zu	PTKZU
12	dem	ART
13	Schweiß	NN
14	bringen	VVINF
15	/	$(
16	und	KON
17	die	ART
18	Gift	NN
19	austreiben	VVINF
20	/	$(
21	mit	APPR
22	etlichen	ADJA
23	Arzneien	NN
24	/	$(
25	der	ART
26	sonst	ADV
27	viel	ADV
28	gezählt	NN
29	möchten	VMFIN
30	werden	VAINF
31	.	$.
1	aber	KON
2	ich	PPER
3	halte	VVFIN
4	das	ART
5	Latwerge	NN
6	von	APPR
7	dem	ART
8	Ei	NE
9	welches	PRELS
10	in	APPR
11	diesem	PDAT
12	Fall	NN
13	der	ART
14	Reiser	NN
15	Maximilianus	NE
16	fleißiglich	ADJD
17	gebraucht	VVPP
18	hat	VAFIN
19	/	$(
20	dasselbige	PDS
21	ist	VAFIN
22	leicht	ADJD
23	zu	PTKZU
24	machen	VVINF
25	/	$(
26	und	KON
27	hat	VAFIN
28	rechtschaffene	ADJA
29	Arznei	NN
30	/	$(
31	welche	PWAT
32	in	APPR
33	dieser	PDAT
34	Sache	NN
35	viel	ADV
36	tun	VVINF
37	/	$(
38	ohne	APPR
39	was	PWS
40	die	ART
41	Erfahrung	NN
42	in	APPR
43	dem	ART
44	getan	VVPP
45	hat	VAFIN
46	.	$.
1	davon	ADV
2	soll	VMFIN
3	man	PIS
4	geben	VVINF
5	die	ART
6	eines	ART
7	ziemlichen	ADJA
8	Alters	ADV
9	sein	VAINF
10	bei	APPR
11	einem	ART
12	Quint	NE
13	mit	APPR
14	Endivien-	NN
15	oder	KON
16	Skabiosenwasser	NE
17	trinken	VVFIN
18	/	$(
19	derselbige	ART
20	Trank	VVFIN
21	ist	VAFIN
22	auch	ADV
23	gut	ADJD
24	/	$(
25	so	ADV
26	man	PIS
27	sich	PRF
28	bewahren	VVINF
29	wollte	VMFIN
30	vor	APPR
31	der	ART
32	Pestilenz	NN
33	/	$(
34	wie	KOKOM
35	zuvor	ADV
36	angezeigt	VVPP
37	ist	VAFIN
38	worden	VAPP
39	.	$.
1	die	ART
2	aber	ADV
3	noch	ADV
4	sehr	NE
5	jung	ADJD
6	sein	VAINF
7	/	$(
8	sollen	VMFIN
9	allein	ADV
10	zwei	CARD
11	Skrupel	NN
12	nehmen	VVINF
13	/	$(
14	mit	APPR
15	den	ART
16	vorigen	ADJA
17	Wassern	VVINF
18	.	$.
1	item	FM.la
2	das	FM.la
3	ist	FM.la
4	auch	FM.la
5	dienstlich	FM.la
6	darzu	FM.la
7	/	$(
8	welches	FM.la
9	muss	FM.la
10	in	FM.la
11	der	FM.la
12	Apotheke	FM.la
13	fertig	FM.la
14	gemacht	FM.la
15	werden	VVINF
16	.	$.
17	R.	FM.la
18	diacroci	FM.la
19	scriptula	FM.la
20	duo	FM.la
21	,	$,
22	theriacæ	FM.la
23	optimæ	FM.la
24	scriptulum	FM.la
25	1.	FM.la
26	in	FM.la
27	aqua	FM.la
28	acetose	FM.la
29	dissojuantur	FM.la
30	,	$,
31	&	$(
32	fiat	FM.la
33	potio	FM.la
34	.	$.
1	darzu	PAV
2	ist	VAFIN
3	auch	ADV
4	gut	ADJD
5	die	ART
6	Latwerge	NN
7	/	$(
8	welche	PWAT
9	genannt	VVPP
10	wird	VAFIN
11	in	APPR
12	den	ART
13	Apotheken	NN
14	de	NE
15	nucibus	NE
16	,	$,
17	und	KON
18	dieselbige[12]	ART
19	mag	VMFIN
20	man	PIS
21	im	APPRART
22	Pulver	VVIMP
23	gebrauchen	VVINF
24	mit	APPR
25	einem	ART
26	starken	ADJA
27	Wein	NN
28	/	$(
29	doch	ADV
30	laulich	ADJD
31	warm	ADJD
32	.	$.
1	es	FM.la
2	ist	FM.la
3	auch	FM.la
4	ein	FM.la
5	Pulver	FM.la
6	in	FM.la
7	dieser	FM.la
8	Sache	FM.la
9	sehr	FM.la
10	dienstlich	FM.la
11	/	$(
12	welches	FM.la
13	ein	FM.la
14	jeder	FM.la
15	ihm	FM.la
16	mag	FM.la
17	lassen	FM.la
18	bereiten	FM.la
19	in	FM.la
20	der	FM.la
21	Apoteke	NN
22	.	$.
23	R.	FM.la
24	radicum	FM.la
25	dictamni	FM.la
26	ueri	FM.la
27	tormentillæ	FM.la
28	ana	FM.la
29	℥.	FM.la
30	1.	FM.la
31	santalorum	FM.la
32	rubeorum	FM.la
33	boli	FM.la
34	armeniæ	FM.la
35	præparatæ	FM.la
36	terra	FM.la
37	Leminæ	FM.la
38	,	$,
39	quæ	FM.la
40	hodie	FM.la
41	sigillata	FM.la
42	est	FM.la
43	,	$,
44	itidem	FM.la
45	præparatæ	FM.la
46	ana	FM.la
47	drach	FM.la
48	.	$.
1	2.	FM.la
2	lumbricorum	FM.la
3	lotorum	FM.la
4	optimorum	FM.la
5	,	$,
6	exiccatorum	FM.la
7	,	$,
8	&	$(
9	puluerisatorum.	FM.la
10	z.	FM.la
11	2.	FM.la
12	nucis	FM.la
13	uomicæ	FM.la
14	℥.	FM.la
15	1.	FM.la
16	s.	FM.la
17	theriacæ	FM.la
18	antiquissimæ	FM.la
19	℥.	FM.la
20	s.	FM.la
21	seminis	FM.la
22	acetosæ	FM.la
23	z.	FM.la
24	iij	FM.la
25	.	$.
1	Hæc	FM.la
2	omnia	FM.la
3	in	FM.la
4	tenuissimum	FM.la
5	puluisculum	FM.la
6	conterantur	FM.la
7	certis	FM.la
8	rationibus	FM.la
9	,	$,
10	quas	FM.la
11	pharmacopolæ	FM.la
12	periti	FM.la
13	non	FM.la
14	ignorant	FM.la
15	.	$.
1	das	ART
2	Pulver	VVIMP
3	mag	VMFIN
4	man	PIS
5	gebrauchen	VVINF
6	sich	PRF
7	zu	PTKZU
8	bewahren	VVINF
9	vor	APPR
10	der	ART
11	Pestilenz	NN
12	/	$(
13	und	KON
14	auch	ADV
15	wann	PWAV
16	es	PPER
17	die	ART
18	Not	NN
19	erfordert	VVFIN
20	/	$(
21	als	KOKOM
22	wann	PWAV
23	einer	ART
24	mit	APPR
25	der	ART
26	Gift	NN
27	begriffen	VVPP
28	ist	VAFIN
29	/	$(
30	so	ADV
31	soll	VMFIN
32	er	PPER
33	davon	PAV
34	nehmen	VVINF
35	als	KOKOM
36	möchte	VMFIN
37	ein	ART
38	Quint	NE
39	schwer	ADJD
40	sein	VAINF
41	/	$(
42	der	ART
43	über	APPR
44	dreißig	CARD
45	Jahre	NE
46	alt	ADJD
47	ist	VAFIN
48	/	$(
49	oder	KON
50	ja	ADV
51	nicht	PTKNEG
52	weit	ADJD
53	davon	PAV
54	/	$(
55	man	PIS
56	soll	VMFIN
57	es	PPER
58	aber	ADV
59	gebrauchen	VVINF
60	mit	APPR
61	Melissenwasser	NN
63	/	$(
64	oder	KON
65	mit	APPR
66	einem	ART
67	guten	ADJA
68	Weinessig	NN
69	laulich	ADJD
70	warm	ADJD
71	oder	KON
72	so	ADV
73	er	PPER
74	Lust	NN
75	hat	VAFIN
76	/	$(
77	und	KON
78	wollte	VMFIN
79	es	PPER
80	stärker	ADJD
81	haben	VAFIN
82	/	$(
83	so	ADV
84	lass	VVFIN
85	er	PPER
86	dasselbige	PDAT
87	Pulver	VVIMP
88	mit	APPR
89	einem	ART
90	guten	ADJA
91	Theriak	NN
92	/	$(
93	oder	KON
94	Metridat	NE
95	/	$(
96	welche	PWAT
97	man	PIS
98	beides	PIS
99	gewöhnlich	ADJD
100	in	APPR
101	der	ART
102	Apoteken	NN
103	findet	VVFIN
104	/	$(
105	vermischen	VVINF
106	/	$(
107	und	KON
108	also	ADV
109	gebrauchen	VVINF
110	/	$(
111	ungefährlich	NE
112	bei	APPR
113	einer	ART
114	kleinen	ADJA
115	Kastanie	NN
116	groß	ADJD
117	.	$.
1	ich	PPER
2	hab	VAFIN
3	auch	ADV
4	lassen	VVINF
5	machen	VVINF
6	in	APPR
7	unserer	PPOSAT
8	Apotheke	NN
9	eine	ART
10	sonderliche	ADJA
11	harte	ADJA
12	Latwerge	NN
13	/	$(
14	davon	ADV
15	soll	VMFIN
16	man	PIS
17	nehmen	VVINF
18	bei	APPR
19	einem	ART
20	Quint	NE
21	/	$(
22	und	KON
23	dieselbige	PDAT
24	zergehen	NE
25	lassen	VVINF
26	in	APPR
27	einem	ART
28	Essig	NN
29	laulich	ADJD
30	warm	ADJD
31	/	$(
32	und	KON
33	also	ADV
34	austrinken	VVINF
35	.	$.
1	ich	PPER
2	weiß	VVFIN
3	auch	ADV
4	wohl	ADV
5	dass	ART
6	Galenus	NN
7	zu	PTKZU
8	Rom	NE
9	viele	ADV
10	Leute	NN
11	geredet	VVPP
12	hat	VAFIN
13	von	APPR
14	der	ART
15	Pestilenz	NN
16	/	$(
17	und	KON
18	wenn	KOUS
19	sie	PPER
20	schon	ADV
21	begriffen	VVPP
22	sind	VAFIN
23	gewesen	VAPP
24	/	$(
25	allein	ADV
26	mit	APPR
27	dem	ART
28	bolo	NE
29	Armenia	NE
30	.	$.
1	ich	PPER
2	bekenne	VVFIN
3	auch	ADV
4	dass	ART
5	derselbige	ART
6	ganz	ADV
7	nützlich	ADJD
8	wäre	VAFIN
9	/	$(
10	so	ADV
11	man	PIS
12	rechtschaffene	ADJD
13	haben	VAFIN
14	möchte	VMFIN
15	.	$.
1	ich	PPER
2	verwundere	ADJA
3	mich	PPER
4	dass	ART
5	man	PIS
6	so	ADV
7	gar	ADV
8	keinen	PIAT
9	Fleiß	NN
10	darauf	PAV
11	wendet	VVFIN
12	/	$(
13	welches	PRELS
14	viel	ADV
15	besser	ADJD
16	wäre	VAFIN
17	/	$(
18	dann	ADV
19	viel	ADV
20	Gutes	NN
21	/	$(
22	ich	PPER
23	geschweige	KON
24	etwas	PIS
25	anderes	ADV
26	.	$.
1	dieweil	FM.la
2	in	FM.la
3	Demselbigen	FM.la
4	viel	FM.la
5	Betrugs	FM.la
6	ist	FM.la
7	/	$(
8	so	FM.la
9	will	FM.la
10	ich	FM.la
11	ein	FM.la
12	Pulver	FM.la
13	anzeigen	FM.la
14	/	$(
15	welches	FM.la
16	möchte	FM.la
17	für	FM.la
18	dasselbige	FM.la
19	gebraucht	FM.la
20	werden	FM.la
21	zur	FM.la
22	Not	NN
23	.	$.
24	R.	FM.la
25	radicum	FM.la
26	dictamni	FM.la
27	,	$,
28	tormentillæ	FM.la
29	,	$,
30	pimpinellæ	FM.la
31	,	$,
32	zecaoriæ	FM.la
33	,	$,
34	gentianæ	FM.la
35	,	$,
36	tunicæ	FM.la
37	,	$,
38	serpentariæ	FM.la
39	,	$,
40	angelicæ	FM.la
41	ana	FM.la
42	℥	FM.la
43	.	$.
44	s	FM.la
45	.	$.
46	boli	FM.la
47	Armeniæ	FM.la
48	uulgaris	FM.la
49	præparatæ	FM.la
50	℥.	FM.la
51	1.	FM.la
52	terræ	FM.la
53	Leminæ	FM.la
54	z	FM.la
55	3.	FM.la
56	aloes	FM.la
57	hepaticæ	FM.la
58	,	$,
59	mirhæ	FM.la
60	ana.	FM.la
61	℥.	FM.la
62	s.	FM.la
63	croci	FM.la
64	z.	FM.la
65	1.	FM.la
66	mastiches	FM.la
67	z.	FM.la
68	2.	FM.la
69	Rhapontici	FM.la
70	&	$(
71	rhabarbaræ	FM.la
72	ana	FM.la
73	z.	FM.la
74	1.	FM.la
75	s.	FM.la
76	hæc	FM.la
77	omnia	FM.la
78	qua̍m	FM.la
79	subtilissime̍	FM.la
80	trita	FM.la
81	commisceantur	FM.la
82	.	$.
1	davon	PAV
2	wann	PWAV
3	einer	ART
4	sich	PRF
5	bewahren	VVINF
6	will	VMFIN
7	/	$(
8	soll	VMFIN
9	er	PPER
10	nehmen	VVINF
11	bei	APPR
12	einem	ART
13	Quentin	NN
14	/	$(
15	um	APPR
16	den	ART
17	dritten	ADJA
18	Tag	NN
19	des	ART
20	Morgens	ADV
21	/	$(
22	mit	APPR
23	einem	ART
24	warmen	ADJA
25	Wein	NN
26	.	$.
1	dasselbige	PDAT
2	mag	VMFIN
3	er	PPER
4	auch	ADV
5	tun	VVINF
6	/	$(
7	so	ADV
8	er	PPER
9	mit	APPR
10	der	ART
11	Gift	NN
12	begriffen	VVPP
13	ist	VAFIN
14	.	$.
1	doch	KON
2	wird	VAFIN
3	ein	ART
4	jedermann	PIS
5	eines	ART
6	guten	ADJA
7	Arztes	NN
8	in	APPR
9	dieser	PDAT
10	Sache	NN
11	wohl	ADV
12	bedürfen	VVFIN
13	.	$.
1	wann	PWAV
2	einer	ART
3	auf	APPR
4	dies	PDS
5	Mal	NN
6	eine	ART
7	Arznei	NE
8	gebraucht	VVPP
9	hat	VAFIN
10	/	$(
11	wie	KOKOM
12	zuvor	ADV
13	angezeigt	VVPP
14	/	$(
15	soll	VMFIN
16	er	PPER
17	keinerlei	PIAT
18	Weise	VVFIN
19	schlafen	VVINF
20	/	$(
21	sondern	APPR
22	allen	PIAT
23	Fleiß	NN
24	darzu	PTKVZ
25	tun	VVINF
26	dass	ART
27	er	PPER
28	wohl	ADV
29	möchte	VMFIN
30	schwitzen	VVINF
31	.	$.
1	dann	ADV
2	das	ART
3	ist	VAFIN
4	nicht	PTKNEG
5	ein	ART
6	kleiner	ADJA
7	Vorteil	NN
8	/	$(
9	und	KON
10	das	ART
11	soll	VMFIN
12	er	PPER
13	auch	ADV
14	tun	VVINF
15	/	$(
16	so	ADV
17	er	PPER
18	sich	PRF
19	vermutet	VVFIN
20	/	$(
21	dass	ART
22	er	PPER
23	möchte	VMFIN
24	vergiftet	NN
25	sein	VAINF
26	.	$.
1	dieweil	KOUS
2	solche	PIAT
3	Arznei	NN
4	auch	ADV
5	in	APPR
6	etlichen	ADJA
7	Fiebern	NN
8	dienen	VVINF
9	möchten	VMFIN
10	/	$(
11	so	ADV
12	sie	PPER
13	ordentlich	ADJD
14	gegeben	VVPP
15	werden	VAINF
16	.	$.
1	so	ADV
2	aber	ADV
3	einer	ART
4	nicht	PTKNEG
5	bald	ADV
6	schwitzen	VVINF
7	könnte	VMFIN
8	/	$(
9	so	ADV
10	lege	VVFIN
11	man	PIS
12	den	ART
13	Kranken	NN
14	in	APPR
15	ein	ART
16	neu	ADJA
17	gewaschenes	ADJA
18	Bett	NN
19	/	$(
20	und	KON
21	decke	VVFIN
22	ihn	APPR
23	wohl	ADV
24	warm	ADJD
25	zu	PTKZU
26	/	$(
27	und	KON
28	lege	VVFIN
29	ihm	PPER
30	zu	PTKZU
31	den	ART
32	Füßen	NN
33	warme	ADJA
34	Ziegel	VVIMP
35	/	$(
36	als	KOKOM
37	warm	ADJD
38	er	PPER
39	sie	PPER
40	leiden	VVINF
41	kann	VMFIN
42	in	APPR
43	nasse	ADJA
44	Tüchlein	NN
45	gewickelt	VVPP
46	/	$(
47	darauf	PAV
48	soll	VMFIN
49	der	ART
50	Kranke	ADJD
51	die	ART
52	Füße	NE
53	halten	VVINF
54	/	$(
55	welches	PRELS
56	nicht	PTKNEG
57	allein	ADV
58	zum	APPRART
59	Schweiß	NN
60	hilft	VVFIN
61	/	$(
62	sondern	KON
63	auch	ADV
64	die	ART
65	Gift	NN
66	vom	APPRART
67	Herzen	NN
68	abzieht	NN
69	.	$.
1	Es	PPER
2	kommt	VVFIN
3	aber	ADV
4	oftmals	ADV
5	/	$(
6	dass	ART
7	der	ART
8	Kranke	NN
9	die	ART
10	Arznei	NE
11	von	APPR
12	sich	PRF
13	gibt	VVFIN
14	/	$(
15	und	KON
16	undäut	NE
17	sich	PRF
18	/	$(
19	so	ADV
20	soll	VMFIN
21	man	PIS
22	ihm	PPER
23	zum	APPRART
24	Anderen	ADJA
25	/	$(
26	auch	ADV
27	so	ADV
28	es	PPER
29	von	APPR
30	Nöten	VVINF
31	sein	VAINF
32	wird	VAFIN
33	zum	APPRART
34	dritten	CARD
35	Mal	NN
36	neue	ADJA
37	Arznei	NE
38	geben	VVINF
39	von	APPR
40	den	ART
41	Vorigen	ADJA
42	/	$(
43	so	ADV
44	lang	ADJD
45	er	PPER
46	es	PPER
47	bei	APPR
48	ihm	APPRART
49	behalten	VVINF
50	könnte	VVFIN
51	/	$(
52	dann	ADV
53	wo	PWAV
54	die	ART
55	Arznei	NE
56	bei	APPR
57	ihm	PPER
58	bleibt	VVFIN
59	/	$(
60	ist	VVFIN
61	es	PPER
62	eine	ART
63	gute	ADJA
64	Hoffnung	NN
65	/	$(
66	das	ART
67	Gegenteil	NN
68	aber	ADV
69	soll	VMFIN
70	man	PIS
71	halten	VVINF
72	wo	PWAV
73	nichts	PIS
74	bei	APPR
75	ihm	PPER
76	bleibt	VVFIN
77	.	$.
1	dann	ADV
2	die	ART
3	Gift	NN
4	ist	VAFIN
5	zu	PTKZU
6	gewaltig	ADJD
7	/	$(
8	und	KON
9	die	ART
10	Arzenei	NE
11	zu	PTKZU
12	schwach	VVIMP
13	.	$.
1	so	ADV
2	er	PPER
3	aber	ADV
4	wohl	ADV
5	schwitzt	VVFIN
6	/	$(
7	schaue	NN
8	man	PIS
9	darauf	PAV
10	/	$(
11	dass	ART
12	er	PPER
13	nicht	PTKNEG
14	kalt	ADJD
15	werde	VAFIN
16	/	$(
17	dann	ADV
18	der	ART
19	Schweiß	NN
20	so	ADV
21	über	APPR
22	vier	CARD
23	Stunden	NN
24	währt	VAFIN
25	/	$(
26	und	KON
27	etwas	PIS
28	länger	ADJD
29	/	$(
30	nach	APPR
31	der	ART
32	Gelegenheit	NN
33	/	$(
34	und	KON
35	Kraft	NN
36	des	ART
37	Kranken	NN
38	/	$(
39	dann	ADV
40	man	PIS
41	muss	VMFIN
42	ihm	PPER
43	helfen	VVINF
44	mit	APPR
45	Herzwassern	NN
46	,	$,
47	/	$(
48	als	KOKOM
49	Boragen-	ADJA
50	/	$(
51	und	KON
52	Ochsenzungenwasser	NN
53	/	$(
54	mit	APPR
55	einem	ART
56	roten	ADJA
57	Scharlach	NN
58	/	$(
59	oder	KON
60	mit	APPR
61	einem	ART
62	Leinentüchlein	NN
63	auflegen	VVINF
64	/	$(
65	und	KON
66	wann	PWAV
67	es	PPER
68	trucken	VVINF
69	ist	VAFIN
70	worden	VAPP
71	/	$(
72	soll	VMFIN
73	man	PIS
74	es	PPER
75	wiederum	ADV
76	netzen	VVINF
77	.	$.
1	inwendig	ADJD
2	sind	VAFIN
3	auch	ADV
4	gut	ADJD
5	zu	PTKZU
6	Stärkung	NN
7	manus	NE
8	Christi	NE
9	perlatae	NE
10	,	$,
11	eingemachte	ADJA
12	Violen	NN
13	/	$(
14	Rosen	NN
15	/	$(
16	Boragenblumen	NN
17	/	$(
18	und	KON
19	dergleichen	PIS
20	/	$(
21	damit	PAV
22	man	PIS
23	dem	ART
24	Kranken	NN
25	in	APPR
26	seinem	PPOSAT
27	Schweißbad	NN
28	hilflich	ADJD
29	mag	VMFIN
30	sein	VAINF
31	.	$.
1	darzu	PAV
2	dienen	VVINF
3	auch	ADV
4	in	APPR
5	der	ART
6	Speise	VVIMP
7	weiche	ADJA
8	Eier	VVIMP
9	/	$(
10	Hühnersuppen	NE
11	/	$(
12	ein	ART
13	gestoßenes	VVPP
14	junges	ADJD
15	Huhn	NE
16	/	$(
17	et cetera	ADV
1	auch	FM.la
2	mag	FM.la
3	man	FM.la
4	solches	FM.la
5	in	FM.la
6	der	FM.la
7	Apotheke	FM.la
8	machen	FM.la
9	lassen	VVINF
10	.	$.
11	R.	FM.la
12	florum	FM.la
13	rosarum	FM.la
14	purpurearum	FM.la
15	,	$,
16	uiolarum	FM.la
17	,	$,
18	nenufaris	FM.la
19	ana	FM.la
20	z	FM.la
21	2.	FM.la
22	santalorum	FM.la
23	alborum	FM.la
24	&	$(
25	rubeorum	FM.la
26	,	$,
27	coralli	FM.la
28	rubei	FM.la
29	,	$,
30	cinnamomi	FM.la
31	,	$,
32	charyophyllorum	FM.la
33	ana	FM.la
34	z	FM.la
35	3.	FM.la
36	ossis	FM.la
37	de	FM.la
38	cornu	FM.la
39	cerui	FM.la
40	,	$,
41	agallo	FM.la
42	chi	FM.la
43	,	$,
44	croci	FM.la
45	,	$,
46	ana	FM.la
47	z	FM.la
48	s.	FM.la
49	demi.	FM.la
50	Acesosæ	FM.la
51	scrip	FM.la
52	.	$.
1	2.	FM.la
2	caphiuræ	FM.la
3	grana	FM.la
4	2	FM.la
5	horum	FM.la
6	pulueres	FM.la
7	aquarum	FM.la
8	boraginis	FM.la
9	,	$,
10	et	FM.la
11	buglossæ	FM.la
12	lib.	FM.la
13	2.	FM.la
14	&	$(
15	aceti	FM.la
16	rosacei	FM.la
17	1.	FM.la
18	commisceantur	FM.la
19	.	$.
1	darein	PAV
2	soll	VMFIN
3	man	PIS
4	tauchen	VVFIN
5	seidene	ADJA
6	Tüchlein	NN
7	und	KON
8	laulich	ADJD
9	warm	ADJD
10	auf	APPR
11	das	ART
12	Herz	NN
13	legen	VVINF
14	.	$.
1	man	PIS
2	soll	VMFIN
3	auch	ADV
4	Achtung	NN
5	haben	VAFIN
6	/	$(
7	dass	ART
8	der	ART
9	Leib	NN
10	nicht	PTKNEG
11	gestopft	VVPP
12	bleibe	VVFIN
13	/	$(
14	sondern	KON
15	muss	VMFIN
16	ihm	PPER
17	zur	PTKZU
18	Hilfe	NN
19	kommen	VVFIN
20	mit	APPR
21	Zäpflein	NE
22	/	$(
23	mit	APPR
24	Klistieren	VVINF
25	/	$(
26	und	KON
27	auf	APPR
28	andere	ADJA
29	Weise	VVFIN
30	/	$(
31	wie	KOKOM
32	man	PIS
33	gewöhnlich	ADJD
34	pflegt	VVFIN
35	.	$.
1	über	APPR
2	das	ART
3	alles	PIS
4	ist	VAFIN
5	zu	PTKZU
6	merken	VVINF
7	/	$(
8	wie	KOKOM
9	man	PIS
10	mit	APPR
11	den	ART
12	Beulen	VVINF
13	fortfaren	PTKVZ
14	soll	VMFIN
15	/	$(
16	welche	PWAT
17	doch	ADV
18	nicht	PTKNEG
19	einerlei	PIS
20	Art	NN
21	seien	VAINF
22	.	$.
1	dieweil	KOUS
2	auch	ADV
3	die	ART
4	Feuchtigkeiten	NN
5	mancherlei	PIAT
6	sind	VAFIN
7	/	$(
8	doch	ADV
9	sind	VAFIN
10	gemeiniglich	ADJD
11	die	ART
12	Farben	NN
13	der	ART
14	Beulen	VVINF
15	den	ART
16	Feuchtigkeiten	NN
17	gleichmäßig	ADJD
18	/	$(
19	und	KON
20	daraus	PAV
21	zu	PTKZU
22	merken	VVINF
23	ist	VAFIN
24	/	$(
25	dass	ART
26	nicht	PTKNEG
27	allerlei	PIAT
28	Beulen	VVINF
29	gleich	ADV
30	bald	ADV
31	zu	PTKZU
32	ärzneien	NN
33	sind	VAFIN
34	.	$.
1	das	ART
2	muss	VMFIN
3	man	PIS
4	aber	ADV
5	merken	VVINF
6	/	$(
7	dass	ART
8	man	PIS
9	nicht	PTKNEG
10	säumen	VVFIN
11	muss	VMFIN
12	mit	APPR
13	der	ART
14	Eröffnung	NN
15	/	$(
16	sondern	KON
17	mit	APPR
18	allem	PIS
19	Fleiß	NN
20	eröffnen	VVINF
21	/	$(
22	und	KON
23	keinerlei	PIAT
24	Weise	VVFIN
25	auflegen	VVINF
26	/	$(
27	was	PWS
28	zurücktreiben	PTKZU
29	möchte	VMFIN
30	.	$.
1	darum	PAV
2	sind	VAFIN
3	die	ART
4	nicht	PTKNEG
5	närrisch	ADJD
6	die	ART
7	die	ART
8	Beulen	VVINF
9	mit	APPR
10	einem	ART
11	las	VVFIN
12	Eisen	VVINF
13	aufreißen	VVINF
14	/	$(
15	und	KON
16	um	APPR
17	die	ART
18	Geschwulst	NN
19	hacken	VVINF
20	/	$(
21	und	KON
22	darauf	PAV
23	einen	ART
24	Kopf	NN
25	setzen	VVINF
26	lassen	VVINF
27	/	$(
28	welches	PRELS
29	mit	APPR
30	Macht	VVFIN
31	die	ART
32	Gift	NN
33	zu	PTKZU
34	sich	PRF
35	ziehen	VVINF
36	mag	VMFIN
37	.	$.
1	zudem	APPR
2	soll	VMFIN
3	man	PIS
4	ezliche	PIAT
5	Arznei	NE
6	gebrauchen	VVINF
7	/	$(
8	wie	KOKOM
9	folgt	VVFIN
10	.	$.
1	man	PIS
2	soll	VMFIN
3	eine	ART
4	Zwiebel	NE
5	oder	KON
6	zwei	NE
7	nehmen	VVINF
8	/	$(
9	davon	PAV
10	schneide	VVFIN
11	man	PIS
12	die	ART
13	Köpfe	NN
14	/	$(
15	und	KON
16	daselbst	NE
17	sollen	VMFIN
18	sie	PPER
19	ein	ART
20	wenig	PIS
21	ausgehöhlt	VVPP
22	werden	VAINF
23	/	$(
24	und	KON
25	darein	PAV
26	einen	ART
27	guten	ADJA
28	Theriak	NN
29	einfüllen	VVINF
30	/	$(
31	und	KON
32	wiederum	ADV
33	mit	APPR
34	dem	ART
35	vorigen	ADJA
36	abgeschnittenem	ADJA
37	Teil	NN
38	zustopfen	VVINF
39	/	$(
40	und	KON
41	soll	VMFIN
42	also	ADV
43	in	APPR
44	der	ART
45	Asche	NN
46	gebraten	VVPP
47	/	$(
48	darnach	PAV
49	zerstoßen	NE
50	und	KON
51	auf	APPR
52	die	ART
53	Beule	VVFIN
54	wie	KOKOM
55	ein	ART
56	Pflaster	NN
57	gelegt	VVPP
58	werden	VAINF
59	.	$.
1	denn	KON
2	der	ART
3	thiriack	NN
4	treibt	VVFIN
5	nicht	PTKNEG
6	zurück	VVINF
7	die	ART
8	Gift	NN
9	/	$(
10	sondern	KON
11	er	PPER
12	zieht	VVFIN
13	zu	PTKZU
14	sich	PRF
15	wie	KOKOM
16	man	PIS
17	sonst	ADV
18	weitläufig	ADJD
19	in	APPR
20	der	ART
21	Schule	VVINF
22	pflegt	VVFIN
23	zu	PTKZU
24	disputieren	VVINF
25	.	$.
1	auch	ADV
2	mögen	VMFIN
3	die	ART
4	armen	ADJA
5	Leute	NN
6	ein	ART
7	Pflaster	NN
8	machen	VVINF
9	von	APPR
10	saurem	ADJA
11	Teig	NN
12	/	$(
13	altem	ADJD
14	Schmer	NN
15	/	$(
16	Vitriol	NN
17	/[28]|/[29]	_
18	Kalk	VVIMP
19	/	$(
20	Pech	VVIMP
21	/	$(
22	ein	ART
23	jedes	PIAT
24	ein	ART
25	wenig	PIS
26	.	$.
1	die	ART
2	mögen	VMFIN
3	auch	ADV
4	Schnitteln	VVINF
5	von	APPR
6	dem	ART
7	Rettich	NN
8	auflegen	VVINF
9	/	$(
10	und	KON
11	oftmals	ADV
12	dieselbigen	PDAT
13	verneuern	ADJA
14	/	$(
15	dann	ADV
16	es	PPER
17	zieht	VVFIN
18	wohl	ADV
19	aus	APPR
20	.	$.
1	man	PIS
2	soll	VMFIN
3	auch	ADV
4	Kamillenblumen	NN
5	/	$(
6	Foenumgraecumsamen	NE
8	gepulvert	VVPP
9	ein	ART
10	itzliches	NE
11	zwei	CARD
12	Lot	NN
13	nehmen	VVINF
14	und	KON
15	darzu	PAV
16	tue	VVFIN
17	man	PIS
18	auch	ADV
19	Leinsamen	VVIMP
20	/	$(
21	große	ADJD
22	Pappelwurz	NN
23	/	$(
24	jedes	PIAT
25	zwei	CARD
26	Lot	NN
27	/	$(
28	Sauerteig	ADJD
29	von	APPR
30	Roggenmehl	VVINF
31	2	NE
32	Lot	NN
33	.	$.
34	Tormentillwurz	NE
35	/	$(
36	das	ART
37	Kraut	NN
38	Valerian	NE
39	/	$(
40	Diptam	NE
41	/	$(
42	jedes	PIAT
43	3	XY
44	Quent	NN
45	/	$(
46	Senfsamen	NN
47	/	$(
48	Taubenkot	NN
49	ein	ART
50	jedes	PIAT
51	1	NE
52	Lot	NN
53	weiße	VVFIN
54	Lilien	NN
55	und	KON
56	Kamillenöl	NN
57	jedes	PIAT
58	vier	CARD
59	Lot	NN
60	/	$(
61	aus	APPR
62	dem	ART
63	mag	VMFIN
64	man	PIS
65	ein	ART
66	Pflaster	NN
67	machen	VVINF
68	/	$(
69	und	KON
70	darauf	PAV
71	legen	VVINF
72	/	$(
73	denn	KON
74	es	PPER
75	tut	VVFIN
76	in	APPR
77	diesen	PDAT
78	giftigen	ADJA
79	Beulen	VVINF
80	sehr	ADV
81	viel	ADV
82	.	$.
1	in	APPR
2	der	ART
3	Eile	NN
4	aber	ADV
5	mag	VMFIN
6	man	PIS
7	nehmen	VVINF
8	das	ART
9	Pflaster	NN
10	in	APPR
11	der	ART
12	Apotheke	NN
13	genannt	VVPP
14	diachylon	NE
15	simplex	NE
16	,	$,
17	bei	APPR
18	2	NE
19	Unzen	NN
20	/	$(
21	darzu	PAV
22	soll	VMFIN
23	vermischt	VVFIN
24	werden	VAINF
25	Ammoniacum	NE
26	und	KON
27	Galbanum	NE
28	/	$(
29	jedes	PIAT
30	bei	APPR
31	einer	ART
32	Unze	NN
33	.	$.
1	es	PPER
2	ist	VAFIN
3	auch	ADV
4	gut	ADJD
5	der	ART
6	Gänsemist	NN
7	/	$(
8	mit	APPR
9	gemeinem	ADJA
10	Öl	NN
11	aufgelegt	VVPP
12	.	$.
13	wer	PWS
14	da	ADV
15	will	VMFIN
16	etwas	PIS
17	Stärkeres	NN
18	haben	VAFIN
19	/	$(
20	wird	VAFIN
21	man	PIS
22	bekommen	VVINF
23	in	APPR
24	der	ART
25	Apotheke	NN
26	.	$.
1	und	KON
2	nachfolgend	VVPP
3	wird	VAFIN
4	sich	PRF
5	ein	ART
6	geschickter	ADJA
7	Barbierer	NE
8	wohl	ADV
9	wissen	VVINF
10	zu	PTKZU
11	halten	VVINF
12	.	$.
1	zum	APPRART
2	Beschluss	NN
3	wird	VAFIN
4	ein	ART
5	jeder	PIAT
6	Zuflucht	NN
7	haben	VAFIN
8	zu	PTKZU
9	Gott	NN
10	/	$(
11	wie	KOKOM
12	David	NE
13	täte	VVFIN
14	/	$(
15	da	ADV
16	um	APPR
17	seiner	PPOSAT
18	Sünden	NN
19	willen	NN
20	/	$(
21	zwischen	APPR
22	Dan	ADV
23	und	KON
24	Beerscheba	NE
25	in	APPR
26	drei	CARD
27	Tagen	NN
28	siebzigtausend	CARD
29	Mann	PIS
30	an	APPR
31	der	ART
32	Pestilenz	NN
33	gestorben	VVPP
34	sind	VAFIN
35	.	$.
1	aber	KON
2	da	ADV
3	David	NE
4	um	APPR
5	Verzeihung	NE
6	der	ART
7	Sünden	NN
8	bat	VVFIN
9	/	$(
10	und	KON
11	Gnade	NN
12	erlangt	VVFIN
13	durch	APPR
14	sein	VAINF
15	christliches	ADJD
16	Gebet	NN
17	/	$(
18	und	KON
19	anrufen	APPR
20	/	$(
21	so	ADV
22	hatte	VAFIN
23	die	ART
24	Pestilenz	NN
25	ein	ART
26	Ende	NN
27	.	$.
1	desgleichen	KOUS
2	werden	VAINF
3	alle	PIAT
4	frommen	ADJA
5	Christen	NN
6	tun	VVINF
7	/	$(
8	und	KON
9	sich	PRF
10	auf	APPR
11	die	ART
12	Zusagung	NN
13	Gottes	NN
14	verlassen	NE
15	.	$.
1	FINIS	NN
2	.	$.
