1	1	eine	ART	ART	ART	ART	ART	ART	_
1	2	wahrhaftige	NN	ADJA	ADJA	ADJA	ADJA	ADJA	MISMATCH
1	3	Arznei	NN	NN	NN	NN	NN	NN	_
1	4	.	$.	$.	$.	$.	$.	$.	_
1	5	und	KON	KON	KON	KON	KON	KON	_
1	6	Schatz	VVIMP	NN	NN	NN	NN	NN	MISMATCH
1	7	des	ART	ART	ART	ART	ART	ART	_
1	8	Lebens	NN	NN	NN	NN	NN	NN	_
1	9	.	$.	$.	$.	$.	$.	$.	_
2	1	wider	APPR	APPR	APPR	APPR	APPR	APPR	_
2	2	die	ART	ART	ART	ART	ART	ART	_
2	3	schwere	ADJD	ADJA	ADJA	ADJA	ADJA	ADJA	MISMATCH
2	4	und	KON	KON	KON	KON	KON	KON	_
2	5	schnelle	ADJA	ADJA	ADJA	ADJA	ADJA	ADJA	_
2	6	Sucht	VVFIN	NN	NN	NN	NN	NN	MISMATCH
2	7	der	ART	ART	ART	ART	ART	ART	_
2	8	Pestilenz	NN	NN	NN	NN	NN	NN	_
2	9	.	$.	$.	$.	$.	$.	$.	_
2	10	bewährt	VVPP	VVPP	VVFIN	ADJD	VVPP	VVFIN	MISMATCH
2	11	von	XY	APPR	APPR	APPR	APPR	APPR	MISMATCH
2	12	vielen	ADV	PIAT	PIAT	PIAT	PIAT	PIAT	MISMATCH
2	13	Doktoren	NE	NN	NN	NN	NN	NN	MISMATCH
2	14	der	ART	ART	ART	ART	ART	ART	_
2	15	Arznei	NN	NN	NN	NN	NN	NN	_
2	16	.	$.	$.	$.	$.	$.	$.	_
3	1	die	ART	ART	ART	ART	ART	ART	_
3	2	Vorrede	VVFIN	NN	NN	NN	NN	NN	MISMATCH
3	3	.	$.	$.	$.	$.	$.	$.	_
4	1	durch	APPR	APPR	APPR	APPR	APPR	APPR	_
4	2	des	ART	ART	ART	ART	ART	ART	_
4	3	durchlauchtigen	NN	ADJA	ADJA	ADJA	ADJA	ADJA	MISMATCH
4	4	und	KON	KON	KON	KON	KON	KON	_
4	5	wohlgeborenen	ADJA	ADJA	ADJA	ADJA	ADJA	ADJA	_
4	6	Herrn	NN	NN	NN	NN	NN	NN	_
4	7	.	$.	$.	$.	$.	$.	$.	_
4	8	Herrn	NN	NN	NN	NN	NN	NN	_
4	9	von	APPR	APPR	APPR	APPR	APPR	APPR	_
4	10	Linigen	NN	NN	NN	NN	NE	NN	MISMATCH
4	11	der	ART	ART	ART	ART	ART	ART	_
4	12	heiligen	ADJA	ADJA	ADJA	ADJA	ADJA	ADJA	_
4	13	Kirchen	NN	NN	NN	NN	NN	NN	_
4	14	zu	PTKZU	APPR	APPR	APPR	APPR	APPR	MISMATCH
4	15	Lölen	NE	NE	NN	NE	VVPP	NE	MISMATCH
4	16	Schatzbehalter	NN	NN	NN	NN	VVPP	NN	MISMATCH
4	17	meines	PPOSAT	PPOSAT	PPOSAT	PPOSAT	PPOSAT	PPOSAT	_
4	18	gnädigen	ADJA	ADJA	ADJA	ADJA	ADJA	ADJA	_
4	19	und	KON	KON	KON	KON	KON	KON	_
4	20	großgünstigen	ADJA	ADJA	ADJA	ADJA	ADJA	ADJA	_
4	21	Herrn	NN	NN	NN	NN	NN	NN	_
4	22	sonderliche	ADJA	ADJA	ADJA	ADJA	ADJA	ADJA	_
4	23	Gunst	NN	NN	NN	NN	NN	NN	_
4	24	und	KON	KON	KON	KON	KON	KON	_
4	25	Liebe	VVFIN	NN	NN	NN	NN	NN	MISMATCH
4	26	habe	VAFIN	VAFIN	VAFIN	VAFIN	VAFIN	VAFIN	_
4	27	ich	PPER	PPER	PPER	PPER	PPER	PPER	_
4	28	.	$.	$.	$.	$.	$.	$.	_
4	29	N.	NN	NE	NE	NE	NE	NE	MISMATCH
4	30	aus	APPR	APPR	APPR	APPR	APPR	APPR	_
4	31	viel	ADV	PIAT	PIS	ADV	PIAT	ADV	MISMATCH
4	32	und	KON	KON	KON	KON	KON	KON	_
4	33	mancher	NN	PIAT	PIAT	PIAT	PIAT	PIAT	MISMATCH
4	34	Doktoren	NE	NN	NN	NN	NN	NN	MISMATCH
4	35	und	KON	KON	KON	KON	KON	KON	_
4	36	Lehrer	NN	NN	NN	NN	NN	NN	_
4	37	in	APPR	APPR	APPR	APPR	APPR	APPR	_
4	38	der	ART	ART	ART	ART	ART	ART	_
4	39	Arznei	NE	NN	NN	NN	NN	NN	MISMATCH
4	40	erfahrenen	VVINF	ADJA	ADJA	ADJA	ADJA	ADJA	MISMATCH
4	41	Schriften	NN	NN	NN	NN	NN	NN	_
4	42	.	$.	$.	$.	$.	$.	$.	_
4	43	dies	PDS	PDAT	PDAT	PDAT	PDAT	PDAT	MISMATCH
4	44	Büchlein	NN	NN	NN	NN	NN	NN	_
4	45	ausgezogen	VVPP	VVPP	VVPP	VVPP	VVPP	VVPP	_
4	46	und	KON	KON	KON	KON	KON	KON	_
4	47	zu ſamen	ADV	APPR	APPR	APPR	APPR	APPR	MISMATCH
4	48	getragen	VVPP	VVPP	VVPP	VVPP	VVPP	VVPP	_
4	49	.	$.	$.	$.	$.	$.	$.	_
4	50	und	KON	KON	KON	KON	KON	KON	_
4	51	also	ADV	ADV	ADV	ADV	ADV	ADV	_
4	52	seiner	PPOSAT	PPOSAT	PPOSAT	PPOSAT	PPOSAT	PPOSAT	_
4	53	Würdigkeit	NN	NN	NN	NN	NN	NN	_
4	54	als	KOKOM	KOKOM	KOKOM	KOKOM	APPR	KOKOM	MISMATCH
4	55	Gold	NN	NN	NN	NN	NN	NN	_
4	56	über	APPR	APPR	APPR	APPR	APPR	APPR	_
4	57	Gold	NN	NN	NN	NN	NN	NN	_
4	58	und	KON	KON	KON	KON	KON	KON	_
4	59	Edelgestein	NN	NN	NN	NN	NN	NN	_
4	60	geschenkt	VVPP	VVPP	VVPP	VVPP	VVPP	VVPP	_
4	61	gar	ADV	ADV	ADV	ADV	ADV	ADV	_
4	62	dienstlich	ADJD	ADJD	ADJD	ADJD	ADJD	ADJD	_
4	63	vermahnende	NE	ADJA	ADJA	ADJA	VVPP	ADJA	MISMATCH
4	64	solches	NE	PIAT	PIAT	PIAT	PIS	PIAT	MISMATCH
4	65	festiglichen	NN	VVFIN	VVFIN	ADJA	VVPP	ADJA	MISMATCH
4	66	dem	NE	ART	ART	ART	ART	ART	MISMATCH
4	67	Gedächtnis	NE	NN	NN	NN	NN	NN	MISMATCH
4	68	zu	PTKZU	PTKZU	PTKZU	PTKZU	PTKZU	PTKZU	_
4	69	befehlen	NE	VVINF	VVINF	VVINF	VVPP	VVINF	MISMATCH
4	70	.	$.	$.	$.	$.	$.	$.	_
4	71	wann	PWAV	PWAV	PWAV	PWAV	PWAV	PWAV	_
4	72	nicht	PTKNEG	PTKNEG	PTKNEG	PTKNEG	PTKNEG	PTKNEG	_
4	73	anders	ADV	ADV	ADV	ADV	ADV	ADV	_
4	74	in	APPR	APPR	APPR	APPR	APPR	APPR	_
4	75	diesem	PDAT	PDAT	PDAT	PDAT	PDAT	PDAT	_
4	76	Büchlein	NN	NN	NN	NN	NN	NN	_
4	77	beschrieben	VVFIN	VVPP	VVPP	VVPP	VVPP	VVPP	MISMATCH
4	78	ist	VAFIN	VAFIN	VAFIN	VAFIN	VAFIN	VAFIN	_
4	79	dann	ADV	ADV	ADV	ADV	ADV	ADV	_
4	80	allein	NE	ADV	ADV	ADV	ADV	ADV	MISMATCH
4	81	was	PWS	PIS	PIS	PIS	PWS	PIS	MISMATCH
4	82	ich	PPER	PPER	PPER	PPER	PPER	PPER	_
4	83	durch	APPR	APPR	APPR	APPR	APPR	APPR	_
4	84	lange	NN	ADJA	ADJA	ADJA	ADJA	ADJA	MISMATCH
4	85	Erfahrung	NN	NN	NN	NN	NN	NN	_
4	86	wider	APPR	APPR	APPR	APPR	APPR	APPR	_
4	87	diese	PDAT	PDAT	PDAT	PDAT	PDAT	PDAT	_
4	88	Krankheit	NE	NN	NN	NN	NN	NN	MISMATCH
4	89	dienende	ADJA	ADJA	ADJA	ADJA	VVPP	ADJA	MISMATCH
4	90	vor	APPR	APPR	APPR	APPR	APPR	APPR	_
4	91	anderen	ADJA	PIS	PIS	PIS	PIS	PIS	MISMATCH
4	92	erkannt	VVPP	VVPP	VVPP	VVPP	VVPP	VVPP	_
4	93	habe	VAFIN	VAFIN	VAFIN	VAFIN	VAFIN	VAFIN	_
4	94	und	KON	KON	KON	KON	KON	KON	_
4	95	so	ADV	ADV	ADV	ADV	ADV	ADV	_
4	96	ihr	PPOSAT	PPER	PPER	PPOSAT	PPER	PPER	MISMATCH
4	97	diese	PDAT	PDAT	PDAT	PDAT	PDAT	PDAT	_
4	98	Lehre	VVFIN	NN	NN	NN	NN	NN	MISMATCH
4	99	gedächtiglichen	NE	ADJA	ADJA	ADJD	ADJD	ADJA	MISMATCH
4	100	merkt	VVFIN	VVFIN	VVFIN	VVFIN	VVFIN	VVFIN	_
4	101	und	KON	KON	KON	KON	KON	KON	_
4	102	behaltet	VVFIN	VVFIN	VVFIN	VVFIN	VVFIN	VVFIN	_
4	103	gnädiger	ADJA	ADJA	ADJA	ADJA	ADJA	ADJA	_
4	104	Herr	NN	NN	NN	NN	NN	NN	_
4	105	wärt	ADJD	VAFIN	VVFIN	VAFIN	VAFIN	VVFIN	MISMATCH
4	106	ihr	PPOSAT	PPER	PPER	PPER	PPER	PPER	MISMATCH
4	107	keines	PIAT	PIAT	PIAT	PIAT	PIAT	PIAT	_
4	108	anderen	ADJA	PIS	PIAT	PIS	ADJA	PIAT	MISMATCH
4	109	Arztes	NE	NN	NN	NN	NN	NN	MISMATCH
4	110	in	APPR	APPR	APPR	APPR	APPR	APPR	_
4	111	dieser	PDAT	PDAT	PDAT	PDAT	PDAT	PDAT	_
4	112	Krankheit	NE	NN	NN	NN	NN	NN	MISMATCH
4	113	bedürfend	VVPP	ADJD	ADJD	ADJD	VVPP	ADJD	MISMATCH
4	114	.	$.	$.	$.	$.	$.	$.	_
5	1	sonder	KON	VVIMP	KON	VVIMP	KON	VVIMP	MISMATCH
5	2	mit	APPR	APPR	APPR	APPR	APPR	APPR	_
5	3	Hilfe	VVIMP	NN	NN	NN	NN	NN	MISMATCH
5	4	Gottes	NN	NN	NN	NN	NN	NN	_
5	5	des	ART	ART	ART	ART	ART	ART	_
5	6	Allmächtigen	ADJA	NN	NN	NN	NN	NN	MISMATCH
5	7	euer	PPOSAT	PPOSAT	PPOSAT	PPOSAT	PPOSAT	PPOSAT	_
5	8	eigener	VVFIN	ADJA	ADJA	ADJA	ADJA	ADJA	MISMATCH
5	9	Arzt	NN	NN	NN	NN	NN	NN	_
5	10	.	$.	$.	$.	$.	$.	$.	_
5	11	Bewahrer	NN	NN	NN	NN	NN	NN	_
5	12	.	$.	$.	$.	$.	$.	$.	_
5	13	Regierer	VVFIN	NN	NN	NN	NN	NN	MISMATCH
5	14	und	KON	KON	KON	KON	KON	KON	_
5	15	Enthalter	NN	NN	NN	NN	NN	NN	_
5	16	sein	VAINF	VAINF	VAINF	VAINF	VAINF	VAINF	_
5	17	.	$.	$.	$.	$.	$.	$.	_
6	1	zum	APPRART	APPRART	APPRART	APPRART	APPRART	APPRART	_
6	2	Ersten	ADJA	NN	NN	NN	NN	NN	MISMATCH
6	3	zu	PTKZU	APPR	APPR	APPR	APPR	APPR	MISMATCH
6	4	Auflösung	NN	NN	NN	NN	NN	NN	_
6	5	etlicher	ADJA	PIAT	PIAT	PIAT	PIAT	PIAT	MISMATCH
6	6	Fragen	VVIMP	NN	NN	NN	NN	NN	MISMATCH
6	7	und	KON	KON	KON	KON	KON	KON	_
6	8	zweifelhaftiger	ADJA	ADJA	ADJA	ADJA	ADJA	ADJA	_
6	9	Bekümmernis	NN	NN	NN	NN	NN	NN	_
6	10	.	$.	$.	$.	$.	$.	$.	_
7	1	¶	$(	ADJD	NN	XY	$(	NN	MISMATCH
7	2	ist	VAFIN	VAFIN	VAFIN	VAFIN	VAFIN	VAFIN	_
7	3	zu	PTKZU	PTKZU	PTKZU	PTKZU	PTKZU	PTKZU	_
7	4	merken	VVIMP	VVINF	VVINF	VVINF	VVINF	VVINF	MISMATCH
7	5	dass	ART	KOUS	KOUS	KOUS	KOUS	KOUS	MISMATCH
7	6	der	ART	ART	ART	ART	ART	ART	_
7	7	Himmel	NN	NN	NN	NN	NN	NN	_
7	8	.	$.	$.	$.	$.	$.	$.	_
8	1	die	ART	ART	ART	ART	ART	ART	_
8	2	Planeten	NN	NN	NN	NN	NN	NN	_
8	3	und	KON	KON	KON	KON	KON	KON	_
8	4	die	ART	ART	ART	ART	ART	ART	_
8	5	anderen	NN	PIAT	PIAT	PIS	ADJA	PIAT	MISMATCH
8	6	Gestirne	NN	NN	NN	NN	NN	NN	_
8	7	durch	APPR	APPR	APPR	APPR	APPR	APPR	_
8	8	ihren	NE	PPOSAT	PPOSAT	PPOSAT	PPOSAT	PPOSAT	MISMATCH
8	9	Lauf	NN	ADJA	NN	NN	NN	NN	MISMATCH
8	10	.	$.	ADJA	$.	$.	$.	$.	MISMATCH
8	11	Schein	NN	NN	NN	NN	NN	NN	_
8	12	und	KON	KON	KON	KON	KON	KON	_
8	13	Einfluss	NN	NN	NN	NN	NN	NN	_
8	14	diesen	PDAT	PDAT	PDAT	PDAT	PDAT	PDAT	_
8	15	untersten	ADJA	ADJA	ADJA	ADJA	ADJA	ADJA	_
8	16	unvernünftigen	NE	ADJA	ADJA	ADJA	ADJA	ADJA	MISMATCH
8	17	Kreaturen	NE	NN	NN	NN	NN	NN	MISMATCH
8	18	ihre	PPOSAT	PPOSAT	PPOSAT	PPOSAT	PPOSAT	PPOSAT	_
8	19	Wesen	NN	NN	NN	NN	NN	NN	_
8	20	.	$.	$.	$.	$.	$.	$.	_
8	21	natur	NN	ADJA	ADJA	ADJA	NN	ADJA	MISMATCH
8	22	.	$.	ADJA	$.	ADJA	$.	$.	MISMATCH
8	23	Wachsung	NN	NN	NN	NN	NN	NN	_
8	24	.	$.	$.	$.	$.	$.	$.	_
8	25	Verderbung	NE	NN	NN	NN	NN	NN	MISMATCH
8	26	und	KON	KON	KON	KON	KON	KON	_
8	27	Abnehmung	NE	NN	NN	NN	NN	NN	MISMATCH
8	28	geben	VVFIN	VVFIN	VVFIN	VVFIN	VVPP	VVFIN	MISMATCH
8	29	deshalben	ADV	PAV	PAV	PAV	PAV	VVFIN	MISMATCH
8	30	sie	PPER	PPER	PPER	PPER	PPER	PPER	_
8	31	Ursache	NE	NN	NN	NN	NN	NN	MISMATCH
8	32	geben	VVFIN	VVFIN	VVFIN	VVFIN	VVFIN	VVFIN	_
8	33	dass	ART	KOUS	KOUS	KOUS	KOUS	KOUS	MISMATCH
8	34	die	ART	ART	ART	ART	ART	ART	_
8	35	Luft	NN	NN	NN	NN	NN	NN	_
8	36	verstört	NE	NN	VVPP	VVPP	VVPP	VVPP	MISMATCH
8	37	wird	VAFIN	VAFIN	VAFIN	VAFIN	VAFIN	VAFIN	_
8	38	und	KON	KON	KON	KON	KON	KON	_
8	39	vergiftet	NE	VVPP	VVFIN	VVPP	VVFIN	VVPP	MISMATCH
8	40	.	$.	$.	$.	$.	$.	$.	_
9	1	daraus	PAV	PAV	PAV	PAV	PAV	PAV	_
9	2	Pestilenz	NN	NN	NN	NN	NN	NN	_
9	3	folgt	VVFIN	VVFIN	VVFIN	VVFIN	VVFIN	VVFIN	_
9	4	natürlichen	ADJA	ADJA	ADJA	ADJA	ADJA	ADJA	_
9	5	.	$.	$.	$.	$.	$.	$.	_
10	1	sintemal	KOUS	ADV	ADV	ADV	VVPP	ADV	MISMATCH
10	2	durch	APPR	APPR	APPR	APPR	APPR	APPR	_
10	3	den	NE	ART	ART	ART	ART	ART	MISMATCH
10	4	Einfluss	NN	NN	NN	NN	NN	NN	_
10	5	des	ART	ART	ART	ART	ART	ART	_
10	6	Himmels	NN	NN	NN	NN	NN	NN	_
10	7	gestreckt	VVPP	VVPP	VVPP	VVPP	VVPP	VVPP	_
10	8	und	KON	KON	KON	KON	KON	KON	_
10	9	gerichtet	NN	VVFIN	VVFIN	VVPP	VVPP	VVPP	MISMATCH
10	10	er	PPER	PPER	PPER	PPER	PPER	PPER	_
10	11	ein	ART	ART	ART	ART	ART	ART	_
10	12	Mensch	NN	NN	NN	NN	NN	NN	_
10	13	anblickt	VVFIN	VVFIN	VVFIN	VVPP	VVPP	VVFIN	MISMATCH
10	14	und	KON	KON	KON	KON	KON	KON	_
10	15	gerührt	NE	VVPP	VVPP	VVPP	VVPP	VVPP	MISMATCH
10	16	wird	VAFIN	VAFIN	VAFIN	VAFIN	VAFIN	VAFIN	_
10	17	dann	ADV	ADV	ADV	ADV	ADV	ADV	_
10	18	das	KOUS	ART	ART	ART	ART	ART	MISMATCH
10	19	andere	ADJD	PIS	PIS	PIS	PIS	PIS	MISMATCH
10	20	.	$.	$.	$.	$.	$.	$.	_
11	1	und	KON	KON	KON	KON	KON	KON	_
11	2	mehr	ADV	ADV	ADV	ADV	ADV	ADV	_
11	3	ein	ART	ART	ART	ART	ART	ART	_
11	4	Land	NE	NN	NN	NN	NN	NN	MISMATCH
11	5	und	KON	KON	KON	KON	KON	KON	_
11	6	Stadt	NE	NN	NN	NN	NN	NN	MISMATCH
11	7	dann	ADV	ADV	ADV	ADV	ADV	ADV	_
11	8	die	ART	ART	ART	ART	ART	ART	_
11	9	anderen	ADJD	PIS	PIS	PIS	PIS	PIS	MISMATCH
11	10	.	$.	$.	$.	$.	$.	$.	_
12	1	wie	KOKOM	KOUS	KOKOM	KOUS	PWAV	KOUS	MISMATCH
12	2	wohl	ADV	ADV	ADV	ADV	ADV	ADV	_
12	3	sie	PPER	PPER	PPER	PPER	PPER	PPER	_
12	4	oft	ADV	ADV	ADV	ADV	ADV	ADV	_
12	5	einer	ART	ART	ART	ART	ART	ART	_
12	6	Natur	NN	NN	NN	NN	NN	NN	_
12	7	oder	NN	KON	KON	KON	KON	KON	MISMATCH
12	8	Komplexion	NE	NN	NN	NN	NN	NN	MISMATCH
12	9	sind	VAFIN	VAFIN	VAFIN	VAFIN	VAFIN	VAFIN	_
12	10	hierum	PAV	PAV	PAV	PAV	PAV	PAV	_
12	11	wird	VAFIN	VAFIN	VAFIN	VAFIN	VAFIN	VAFIN	_
12	12	ein	ART	ART	ART	ART	ART	ART	_
12	13	Mensch	NE	NN	NN	NN	NN	NN	MISMATCH
12	14	eh	ADV	ADV	ADV	ADV	ADV	ADV	_
12	15	und	KON	KON	KON	KON	KON	KON	_
12	16	mehr	ADV	ADV	ADV	ADV	ADV	ADV	_
12	17	vergiftet	NE	VVPP	VVPP	VVPP	VVPP	VVPP	MISMATCH
12	18	und	KON	KON	KON	KON	KON	KON	_
12	19	berührt	VVFIN	VVFIN	VVFIN	VVFIN	VVPP	VVFIN	MISMATCH
12	20	mit	APPR	APPR	APPR	APPR	APPR	APPR	_
12	21	der	ART	ART	ART	ART	ART	ART	_
12	22	Pestilenz	NE	NN	NN	NN	NN	NN	MISMATCH
12	23	.	$.	$.	$.	$.	$.	$.	_
12	24	wann	PWAV	PWAV	PWAV	PWAV	PWAV	PWAV	_
12	25	der	ART	ART	ART	ART	ART	ART	_
12	26	andere	NE	PIS	PIS	PIS	PIS	PIS	MISMATCH
12	27	auch	ADV	ADV	ADV	ADV	ADV	ADV	_
12	28	regiert	NE	VVFIN	VVFIN	VVFIN	VVFIN	VVFIN	MISMATCH
12	29	der	ART	ART	ART	ART	ART	ART	_
12	30	Pestilenz	NN	NN	NN	NN	NN	NN	_
12	31	in	APPR	APPR	APPR	APPR	APPR	APPR	_
12	32	einem	ART	ART	ART	ART	ART	ART	_
12	33	Land	NN	NN	NN	NN	NN	NN	_
12	34	mehr	ADV	ADV	ADV	ADV	ADV	ADV	_
12	35	dann	ADV	ADV	ADV	ADV	ADV	ADV	_
12	36	in	APPR	APPR	APPR	APPR	APPR	APPR	_
12	37	dem	NE	ART	ART	ART	ART	ART	MISMATCH
12	38	anderen	VVINF	PIS	PIS	PIS	PIS	PIS	MISMATCH
12	39	.	$.	NN	$.	NN	$.	$.	MISMATCH
12	40	des	ART	ART	ART	ART	PRELS	ART	MISMATCH
12	41	ich	PPER	PPER	PPER	PPER	PPER	PPER	_
12	42	oft	ADV	ADV	ADV	ADV	ADV	ADV	_
12	43	Anzeigung	NE	NN	NN	NN	NN	NN	MISMATCH
12	44	an	APPR	APPR	APPR	APPR	APPR	APPR	_
12	45	Bäumen	VVFIN	NN	NN	NN	NN	NN	MISMATCH
12	46	gesehen	VVPP	VVPP	VVPP	VVPP	VVPP	VVPP	_
12	47	habe	VAFIN	VAFIN	VAFIN	VAFIN	VAFIN	VAFIN	_
12	48	.	$.	$.	$.	$.	$.	$.	_
12	49	so	ADV	ADV	ADV	ADV	ADV	ADV	_
12	50	dass	ART	KOUS	KOUS	KOUS	KOUS	KOUS	MISMATCH
12	51	oft	ADV	ADV	ADV	ADV	ADV	ADV	_
12	52	ein	ART	ART	ART	ART	ART	ART	_
12	53	Nebel	NN	NN	NN	NN	NN	NN	_
12	54	oder	KON	KON	KON	KON	KON	KON	_
12	55	schädlich	ADJD	ADJD	ADJD	ADJD	ADJD	ADJD	_
12	56	Luft	NN	NN	NN	NN	NN	NN	_
12	57	einen	ART	ART	ART	ART	ART	ART	_
12	58	Baum	NE	NN	NN	NN	NN	NN	MISMATCH
12	59	versehrt	VVFIN	VVPP	VVPP	VVPP	VVPP	VVPP	MISMATCH
12	60	und	KON	KON	KON	KON	KON	KON	_
12	61	vergiftet	NE	VVPP	VVPP	VVPP	VVPP	VVPP	MISMATCH
12	62	hat	VAFIN	VAFIN	VAFIN	VAFIN	VAFIN	VAFIN	_
12	63	gleich	ADV	ADJD	ADJD	ADJD	ADV	ADJD	MISMATCH
12	64	als	KOKOM	KOKOM	KOKOM	KOKOM	KOUS	KOKOM	MISMATCH
12	65	die	ART	ART	ART	ART	ART	ART	_
12	66	Blätter	NE	NN	NN	NN	NN	NN	MISMATCH
12	67	verbrannt	NE	VVPP	VVPP	VVPP	VVPP	VVPP	MISMATCH
12	68	wären	VAFIN	VAFIN	VAFIN	VAFIN	VAFIN	VAFIN	_
12	69	und	KON	KON	KON	KON	KON	KON	_
12	70	doch	ADV	ADV	ADV	ADV	ADV	ADV	_
12	71	den	NE	ART	ART	ART	ART	ART	MISMATCH
12	72	anderen	ADJA	PIAT	PIAT	PIS	ADJA	PIAT	MISMATCH
12	73	Bäumen	VVFIN	NN	NN	NN	NN	NN	MISMATCH
12	74	derselben	PDAT	PDAT	PDAT	PDAT	PDAT	PDAT	_
12	75	Natur	NN	NN	NN	NN	NN	NN	_
12	76	und	KON	KON	KON	KON	KON	KON	_
12	77	Geschlecht	NN	NN	NN	NN	NN	NN	_
12	78	ganz	NN	ADV	ADV	ADV	ADV	ADV	MISMATCH
12	79	unversehrt	ADJD	ADJD	ADJD	ADJD	VVPP	ADJD	MISMATCH
12	80	und	KON	KON	KON	KON	KON	KON	_
12	81	unverbrannt	NE	ADJD	ADJD	ADJD	VVPP	ADJD	MISMATCH
12	82	gelassen	VVPP	VVPP	VVPP	VVPP	VVPP	VVPP	_
12	83	aus	APPR	APPR	APPR	APPR	APPR	APPR	_
12	84	dem	NE	PDS	PDS	PDS	PDS	PDS	MISMATCH
12	85	folgt	VVFIN	VVFIN	VVFIN	VVFIN	VVFIN	VVFIN	_
12	86	dass	ART	KOUS	KOUS	KOUS	KOUS	KOUS	MISMATCH
12	87	die	ART	ART	ART	ART	ART	ART	_
12	88	Menschen	NN	NN	NN	NN	NN	NN	_
12	89	eh	ADV	ADV	ADV	ADV	ADV	ADV	_
12	90	anstößt	VVFIN	VVFIN	VVFIN	VVFIN	VVPP	VVFIN	MISMATCH
12	91	die	ART	ART	ART	ART	ART	ART	_
12	92	Pestilenz	NN	NN	NN	NN	NN	NN	_
12	93	die	ART	ART	ART	ART	PRELS	ART	MISMATCH
12	94	gerechter	ADJD	ADJD	ADJD	ADJD	ADJD	ADJD	_
12	95	durch	APPR	APPR	APPR	APPR	APPR	APPR	_
12	96	den	ART	ART	ART	ART	ART	ART	_
12	97	Einfluss	NN	NN	NN	NN	NN	NN	_
12	98	etliches	PIAT	PIAT	PIAT	PIAT	PIAT	PIAT	_
12	99	Gestirns	NN	NN	NN	NN	NN	NN	_
12	100	angeblickt	NE	VVPP	VVPP	VVPP	VVPP	VVPP	MISMATCH
12	101	werden	VAFIN	VAINF	VAINF	VAINF	VAFIN	VAINF	MISMATCH
12	102	und	KON	KON	KON	KON	KON	KON	_
12	103	mehr	ADV	ADV	ADV	ADV	ADV	ADV	_
12	104	die	ART	ART	ART	ART	ART	ART	_
12	105	Menschen	VVFIN	NN	NN	NN	NN	NN	MISMATCH
12	106	welcher	PWAT	PIAT	PIAT	PIAT	PWAT	PIAT	MISMATCH
12	107	Komplexion	NE	NN	NN	NN	NN	NN	MISMATCH
12	108	der	ART	ART	ART	ART	ART	ART	_
12	109	vergiftigen	NE	ADJA	ADJA	ADJA	ADJA	ADJA	MISMATCH
12	110	Luft	NN	NN	NN	NN	NN	NN	_
12	111	Komplexion	NE	NN	NN	NN	NN	NN	MISMATCH
12	112	näher	ADJD	ADJD	ADJD	ADJD	ADJD	ADJD	_
12	113	oder	KON	KON	KON	KON	KON	KON	_
12	114	gleicher	ADJA	ADJD	ADJD	ADJD	ADJD	ADJD	MISMATCH
12	115	ist	VAFIN	VAFIN	VAFIN	VAFIN	VAFIN	VAFIN	_
12	116	auch	ADV	ADV	ADV	ADV	ADV	ADV	_
12	117	nicht	PTKNEG	PTKNEG	PTKNEG	PTKNEG	PTKNEG	PTKNEG	_
12	118	allein	ADV	ADV	ADV	ADV	ADV	ADV	_
12	119	der	ART	ART	ART	ART	ART	ART	_
12	120	vergifteten	NE	ADJA	ADJA	ADJA	ADJA	ADJA	MISMATCH
12	121	Luft	NN	NN	NN	NN	NN	NN	_
12	122	halben	ADJA	ADJA	ADJA	ADJA	ADJA	ADJA	_
12	123	geschieht	VVFIN	VVFIN	VVFIN	VVFIN	VVFIN	VVFIN	_
12	124	Pestilenz	NE	NN	NN	NN	NN	NN	MISMATCH
12	125	.	$.	$.	$.	$.	$.	$.	_
12	126	sonder	APPR	VVIMP	KON	VVIMP	KON	VVIMP	MISMATCH
12	127	aus	APPR	APPR	APPR	APPR	APPR	APPR	_
12	128	Überflüssigkeit	NN	NN	NN	NN	NN	NN	_
12	129	unreiner	ADJA	ADJA	ADJA	ADJA	ADJA	ADJA	_
12	130	Feuchtigkeit	NN	NN	NN	NN	NN	NN	_
12	131	in	NE	APPR	APPR	APPR	APPR	APPR	MISMATCH
12	132	dem	NE	ART	ART	ART	ART	ART	MISMATCH
12	133	Menschen	NN	NN	NN	NN	NN	NN	_
12	134	nach	APPR	APPR	APPR	APPR	APPR	APPR	_
12	135	Sagen	VVFIN	NN	NN	NN	NN	NN	MISMATCH
12	136	des	ART	ART	ART	ART	ART	ART	_
12	137	großen	ADJA	ADJA	ADJA	ADJA	ADJA	ADJA	_
12	138	Arztes	NN	NN	NN	NN	NN	NN	_
12	139	Gallieni	NE	NE	NE	NE	NE	NE	_
12	140	im	APPRART	APPRART	APPRART	APPRART	APPRART	APPRART	_
12	141	Buch	NN	NN	NN	NN	NN	NN	_
12	142	von	APPR	APPR	APPR	APPR	APPR	APPR	_
12	143	dem	ART	ART	ART	ART	ART	ART	_
12	144	Fieber	VVIMP	NN	NN	NN	NN	NN	MISMATCH
12	145	aus	APPR	APPR	APPR	APPR	APZR	APPR	MISMATCH
12	146	keinerlei	PIAT	PIAT	PIS	PIS	PIS	PIAT	MISMATCH
12	147	geschieht	VVFIN	VVFIN	VVFIN	VVFIN	VVFIN	VVFIN	_
12	148	Versehrung	NN	NN	NN	NN	NN	NN	_
12	149	oder	KON	KON	KON	KON	KON	KON	_
12	150	Vergiftung	NE	NN	NN	NN	NN	NN	MISMATCH
12	151	des	ART	ART	ART	ART	ART	ART	_
12	152	Leichnams	NN	NN	NN	NN	NN	NN	_
12	153	.	$.	$.	$.	$.	$.	$.	_
12	154	es	PPER	PPER	PPER	PPER	PPER	PPER	_
12	155	sei	VAFIN	VAFIN	VAFIN	VAFIN	VAFIN	VAFIN	_
12	156	dann	ADV	ADV	ADV	ADV	ADV	ADV	_
12	157	dass	ART	KOUS	KOUS	KOUS	KOUS	KOUS	MISMATCH
12	158	des	ART	ART	ART	ART	ART	ART	_
12	159	Körpers	NN	NN	NN	NN	NN	NN	_
12	160	Materie	NE	NN	NN	NN	NN	NN	MISMATCH
12	161	geschickt	VVPP	ADJD	VVPP	VVPP	ADJD	VVPP	MISMATCH
12	162	sei	VAFIN	VAFIN	VAFIN	VAFIN	VAFIN	VAFIN	_
12	163	und	KON	KON	KON	KON	KON	KON	_
12	164	etlicher	ADJA	PIAT	PIAT	PIAT	PIAT	PIAT	MISMATCH
12	165	Maß	NE	NN	NN	NN	NN	NN	MISMATCH
12	166	unterworfen	VVPP	VVPP	VVPP	VVPP	VVPP	VVPP	_
12	167	der	ART	ART	ART	ART	ART	ART	_
12	168	versehrlichen	ADJA	ADJA	ADJA	ADJA	ADJA	ADJA	_
12	169	oder	KON	KON	KON	KON	KON	KON	_
12	170	vergiftigen	NE	ADJA	ADJA	ADJA	VVPP	ADJA	MISMATCH
12	171	Sache	NN	NN	NN	NN	NN	NN	_
12	172	oder	KON	KON	KON	KON	KON	KON	_
12	173	dem	NE	ART	ART	ART	ART	ART	MISMATCH
12	174	schädlichen	ADJA	ADJA	ADJA	ADJA	VVPP	ADJA	MISMATCH
12	175	Ursprung	NE	NN	NN	NN	NN	NN	MISMATCH
12	176	dieser	PDAT	PDAT	PDAT	PDAT	PDAT	PDAT	_
12	177	Krankheit	NE	NN	NN	NN	NN	NN	MISMATCH
12	178	.	$.	$.	$.	$.	$.	$.	_
13	1	in	APPR	APPR	APPR	APPR	APPR	APPR	_
13	2	Gleichnis	NN	NN	NN	NN	VVFIN	NN	MISMATCH
13	3	.	$.	NN	$.	$.	$.	$.	MISMATCH
13	4	also	ADV	ADV	ADV	ADV	ADV	ADV	_
13	5	das	ART	ART	ART	ART	ART	ART	_
13	6	Feuer	VVFIN	NN	NN	NN	NN	NN	MISMATCH
13	7	nicht	PTKNEG	PTKNEG	PTKNEG	PTKNEG	PTKNEG	PTKNEG	_
13	8	brennt	NE	VVFIN	VVFIN	VVFIN	VVFIN	VVFIN	MISMATCH
13	9	es	PPER	PPER	PPER	PPER	PPER	PPER	_
13	10	sei	VAFIN	VAFIN	VAFIN	VAFIN	VAFIN	VAFIN	_
13	11	dann	ADV	ADV	ADV	ADV	ADV	ADV	_
13	12	in	APPR	APPR	APPR	APPR	APPR	APPR	_
13	13	bequemer	ADJD	ADJA	ADJA	ADJA	VVFIN	ADJA	MISMATCH
13	14	Materien	NN	NN	NN	NN	NN	NN	_
13	15	so	ADV	ADV	ADV	ADV	ADV	ADV	_
13	16	schadet	ADJD	VVFIN	VVFIN	VVFIN	VVFIN	VVFIN	MISMATCH
13	17	die	ART	ART	ART	ART	ART	ART	_
13	18	Pestilenz	NN	NN	NN	NN	NN	NN	_
13	19	keinem	PIAT	PIAT	PIAT	PIAT	PIAT	PIAT	_
13	20	Leichnam	NE	NN	NN	NN	NN	NN	MISMATCH
13	21	es	PPER	PPER	PPER	PPER	PPER	PPER	_
13	22	sei	VAFIN	VAFIN	VAFIN	VAFIN	VAFIN	VAFIN	_
13	23	dann	ADV	ADV	ADV	ADV	ADV	ADV	_
13	24	dass	ART	KOUS	KOUS	KOUS	KOUS	KOUS	MISMATCH
13	25	sie	PPER	PPER	PPER	PPER	PPER	PPER	_
13	26	finde	VVFIN	VVFIN	VVFIN	VVFIN	VVFIN	VVFIN	_
13	27	Materie	NE	NN	NN	NN	NN	NN	MISMATCH
13	28	die	ART	ART	ART	ART	PRELS	ART	MISMATCH
13	29	da	ADV	ADV	ADV	ADV	ADV	ADV	_
13	30	bequem	ADJD	ADJD	ADJD	ADJD	ADJD	ADJD	_
13	31	sei	VAFIN	VAFIN	VAFIN	VAFIN	VAFIN	VAFIN	_
13	32	zu	PTKZU	APPR	APPR	APPR	APPR	APPR	MISMATCH
13	33	der	ART	ART	ART	ART	ART	ART	_
13	34	Verstörung	NE	NN	NN	NN	NN	NN	MISMATCH
13	35	oder	KON	KON	KON	KON	KON	KON	_
13	36	Vergiftung	NN	NN	NN	NN	NN	NN	_
13	37	hierum	PAV	PAV	PAV	PAV	PAV	PAV	_
13	38	welche	PWAT	PIAT	PIAT	PIAT	PWAT	PIAT	MISMATCH
13	39	Leichname	NE	NN	NN	NN	NN	NN	MISMATCH
13	40	rein	ADJD	ADJD	ADV	ADV	ADJD	ADV	MISMATCH
13	41	sind	VAFIN	VAFIN	VAFIN	VAFIN	VAFIN	VAFIN	_
13	42	und	KON	KON	KON	KON	KON	KON	_
13	43	mit	APPR	APPR	APPR	APPR	APPR	APPR	_
13	44	Reinigung	NN	NN	NN	NN	NN	NN	_
13	45	nicht	PTKNEG	PTKNEG	PTKNEG	PTKNEG	PTKNEG	PTKNEG	_
13	46	versäumt	NE	VVPP	VVFIN	VVPP	VVFIN	VVFIN	MISMATCH
13	47	die	ART	PRELS	PRELS	PDS	PDS	PDS	MISMATCH
13	48	bleiben	VVINF	VVFIN	VVFIN	VVFIN	VVFIN	VVFIN	MISMATCH
13	49	lang	ADJD	ADJD	ADJD	ADJD	ADJD	ADJD	_
13	50	frei	ADJD	ADJD	ADJD	ADJD	ADJD	ADJD	_
13	51	von	APPR	APPR	APPR	APPR	APPR	APPR	_
13	52	Vergiftung	NE	NN	NN	NN	NN	NN	MISMATCH
13	53	der	ART	ART	ART	ART	ART	ART	_
13	54	Pestilenz	NN	NN	NN	NN	NN	NN	_
13	55	auch	ADV	ADV	ADV	ADV	ADV	ADV	_
13	56	die	ART	ART	ART	ART	ART	ART	_
13	57	Menschen	NN	NN	NN	NN	NN	NN	_
13	58	bleiben	VVFIN	VVFIN	VVFIN	VVFIN	VVFIN	VVFIN	_
13	59	gesund	ADJD	ADJD	ADJD	ADJD	ADJD	ADJD	_
13	60	welcher	PWAT	PIAT	PIAT	PIAT	PWAT	PIAT	MISMATCH
13	61	Komplexion	NN	NN	NN	NN	NN	NN	_
13	62	wider	APPR	ADJD	PTKVZ	PTKVZ	ADJD	APPO	MISMATCH
13	63	ist	VAFIN	VAFIN	VAFIN	VAFIN	VAFIN	VAFIN	_
13	64	der	ART	ART	ART	ART	ART	ART	_
13	65	Komplexion	NN	NN	NN	NN	NN	NN	_
13	66	der	ART	ART	ART	ART	ART	ART	_
13	67	vergiftigen	ADJA	ADJA	ADJA	ADJA	ADJA	ADJA	_
13	68	Luft	NN	NN	NN	NN	NN	NN	_
13	69	.	$.	$.	$.	$.	$.	$.	_
14	1	sonst	ADV	ADV	ADV	ADV	ADV	ADV	_
14	2	wo	PWAV	PWAV	PWAV	PWAV	PWAV	PWAV	_
14	3	das	KOUS	ART	ART	ART	ART	ART	MISMATCH
14	4	Luft	NN	NN	NN	NN	NN	NN	_
14	5	vergiftet	VVPP	VVPP	VVPP	VVPP	ADJA	VVPP	MISMATCH
14	6	wäre	VAFIN	VAFIN	VAFIN	VAFIN	VAFIN	VAFIN	_
14	7	würden	VAFIN	VAFIN	VAFIN	VAFIN	VAFIN	VAFIN	_
14	8	alle	PIAT	PIAT	PIAT	PIAT	PIAT	PIAT	_
14	9	Menschen	VVFIN	NN	NN	NN	NN	NN	MISMATCH
14	10	in	APPR	APPR	APPR	APPR	APPR	APPR	_
14	11	der	ART	ART	ART	ART	ART	ART	_
14	12	selbigen	ADJA	ADJA	ADJA	ADJA	ADJA	ADJA	_
14	13	Luft	NN	NN	NN	NN	NN	NN	_
14	14	sterben	VVINF	VVFIN	VVFIN	VVFIN	ADJA	VVFIN	MISMATCH
14	15	das	ART	PDS	ART	PDS	PRELS	PDS	MISMATCH
14	16	doch	ADV	ADV	KON	ADV	ADV	ADV	MISMATCH
14	17	Erfahrung	NN	NN	NN	NN	NN	NN	_
14	18	nicht	PTKNEG	PTKNEG	PTKNEG	PTKNEG	PTKNEG	PTKNEG	_
14	19	zugibt	VVFIN	VVFIN	VVFIN	VVFIN	VVFIN	VVFIN	_
14	20	.	$.	$.	$.	$.	$.	$.	_
15	1	von	APPR	APPR	APPR	APPR	APPR	APPR	_
15	2	Bewahrung	NN	NN	NN	NN	NN	NN	_
15	3	vor	APPR	APPR	APPR	APPR	APPR	APPR	_
15	4	der	ART	ART	ART	ART	ART	ART	_
15	5	Pestilenz	NN	NN	NN	NN	NN	NN	_
15	6	zu	PTKZU	APPR	APPR	APPR	APPR	APPR	MISMATCH
15	7	dem	ART	ART	ART	ART	ART	ART	_
15	8	Ersten	CARD	NN	NN	NN	NN	NN	MISMATCH
15	9	so	ADV	ADV	ADV	ADV	ADV	ADV	_
15	10	sollt	VMFIN	VMFIN	VMFIN	VMFIN	VMFIN	VMFIN	_
15	11	ihr	PPOSAT	PPER	PPER	PPER	PPER	PPER	MISMATCH
15	12	vermeiden	VVFIN	VVFIN	VVFIN	VVFIN	NN	VVFIN	MISMATCH
15	13	überflüssige	ADJD	ADJA	ADJA	ADJA	ADJA	ADJA	MISMATCH
15	14	Völlung	VVFIN	NN	NN	NN	NN	NN	MISMATCH
15	15	Speise	VVIMP	NN	NN	NN	NN	NN	MISMATCH
15	16	und	KON	KON	KON	KON	KON	KON	_
15	17	Getranks	NE	NN	NN	NN	NN	NN	MISMATCH
15	18	.	$.	$.	$.	$.	$.	$.	_
16	1	jedoch	ADV	ADV	ADV	ADV	ADV	ADV	_
16	2	sintemal	NE	ADV	ADV	ADV	VVINF	ADV	MISMATCH
16	3	Hunger	ADJD	NN	NN	NN	NN	NN	MISMATCH
16	4	und	KON	KON	KON	KON	KON	KON	_
16	5	Durst	NN	NN	NN	NN	NN	NN	_
16	6	in	APPR	APPR	APPR	APPR	APPR	APPR	_
16	7	solcher	PIAT	PIAT	PIAT	PIAT	PIAT	PIAT	_
16	8	Zeit	NN	NN	NN	NN	NN	NN	_
16	9	schädlich	ADJD	ADJD	ADJD	ADJD	VVINF	ADJD	MISMATCH
16	10	ist	VAFIN	VAFIN	VAFIN	VAFIN	VAFIN	VAFIN	_
16	11	darum	PAV	PAV	PAV	PAV	PAV	PAV	_
16	12	sollt	NE	VMFIN	VMFIN	VMFIN	VMFIN	VMFIN	MISMATCH
16	13	ihr	PPOSAT	PPER	PPER	PPER	PPER	PPER	MISMATCH
16	14	die	ART	ART	ART	ART	ART	ART	_
16	15	Menge	NE	NN	NN	NN	NN	NN	MISMATCH
16	16	der	ART	ART	ART	ART	ART	ART	_
16	17	Speise	VVIMP	NN	NN	NN	NN	NN	MISMATCH
16	18	auf	APPR	APPR	APPR	APPR	APPR	APPR	_
16	19	ein	ART	ART	ART	ART	ART	ART	_
16	20	Mal	NN	NN	NN	NN	NN	NN	_
16	21	mindern	ADJA	VVINF	VVINF	VVINF	VVINF	VVINF	MISMATCH
16	22	und	KON	KON	KON	KON	KON	KON	_
16	23	die	ART	ART	ART	ART	ART	ART	_
16	24	Male	NN	NN	NN	NN	NN	NN	_
16	25	der	ART	ART	ART	ART	ART	ART	_
16	26	Speisung	NN	NN	NN	NN	NN	NN	_
16	27	mehren	VVFIN	VVFIN	VVFIN	VVFIN	VVINF	VVFIN	MISMATCH
16	28	so	ADV	ADV	ADV	ADV	ADV	ADV	_
16	29	dass	KOUS	KOUS	KOUS	KOUS	KOUS	KOUS	_
16	30	ihr	PPOSAT	PPER	PPER	PPER	PPER	PPER	MISMATCH
16	31	zwischen	APPR	APPR	APPR	APPR	APPR	APPR	_
16	32	mittag	ADV	NN	NN	NN	ADV	ADV	MISMATCH
16	33	und	KON	KON	KON	KON	KON	KON	_
16	34	abend	ADV	ADV	ADJD	ADJD	ADV	ADV	MISMATCH
16	35	essen	VVINF	VVFIN	VVFIN	VVFIN	VVINF	VVFIN	MISMATCH
16	36	ein	ART	ART	ART	ART	ART	ART	_
16	37	Bissen	VVINF	NN	NN	NN	NN	NN	MISMATCH
16	38	Brots	NN	NN	NN	NN	NN	NN	_
16	39	oder	KON	KON	KON	KON	KON	KON	_
16	40	etwas	PIS	ADV	ADV	ADV	PIAT	PIAT	MISMATCH
16	41	anderes	ADV	PIS	PIS	PIS	PIS	PIS	MISMATCH
16	42	nehmt	VVFIN	VVFIN	VVFIN	VVFIN	VVINF	VVFIN	MISMATCH
16	43	und	NE	KON	KON	KON	KON	KON	MISMATCH
16	44	darauf	PAV	PAV	PAV	PAV	PAV	PAV	_
16	45	ein	ART	ART	ART	ART	ART	ART	_
16	46	Trunk	VVFIN	NN	NN	NN	NN	NN	MISMATCH
16	47	Weins	NN	NN	NN	NN	NN	NN	_
16	48	mit	APPR	APPR	APPR	APPR	APPR	APPR	_
16	49	Wasser	VVIMP	NN	NN	NN	NN	NN	MISMATCH
16	50	gemischt	VVPP	VVPP	VVPP	VVPP	VVFIN	ADJD	MISMATCH
16	51	auch	ADV	ADV	ADV	ADV	ADV	ADV	_
16	52	sollt	VMFIN	VMFIN	VMFIN	VMFIN	VMFIN	VMFIN	_
16	53	ihr	PPOSAT	PPER	PPER	PPER	PPER	PPER	MISMATCH
16	54	vermeiden	VVFIN	VVFIN	VVFIN	VVFIN	VVINF	VVFIN	MISMATCH
16	55	grobes	ADJA	ADJA	ADJA	ADJA	ADJA	ADJA	_
16	56	und	KON	KON	KON	KON	KON	KON	_
16	57	schleimiges	ADJA	ADJA	ADJA	ADJA	ADJA	ADJA	_
16	58	Fleisch	VVIMP	NN	NN	NN	NN	NN	MISMATCH
16	59	und	KON	KON	KON	KON	KON	KON	_
16	60	aller	PIAT	PIAT	PIAT	PIAT	PIAT	PIAT	_
16	61	hand	NN	NN	NN	ADJA	NN	ADJA	MISMATCH
16	62	Fisch	NN	NN	NN	NN	NN	NN	_
16	63	und	KON	KON	KON	KON	KON	KON	_
16	64	alle	PIAT	PIAT	PIAT	PIAT	PIAT	PIAT	_
16	65	scharfe	NE	ADJA	ADJA	ADJA	ADJA	ADJA	MISMATCH
16	66	Speisen	VVIMP	NN	NN	NN	NN	NN	MISMATCH
16	67	als	KOKOM	KOKOM	KOKOM	KOKOM	APPR	KOKOM	MISMATCH
16	68	Knoblauch	NN	NN	NN	NN	NN	NN	_
16	69	Zwiebel	VVIMP	NN	NN	NN	NN	NN	MISMATCH
16	70	.	$.	$.	$.	$.	$.	$.	_
16	71	Lauch	NN	NN	NN	NN	NN	NN	_
16	72	und	KON	KON	KON	KON	KON	KON	_
16	73	hitzige	ADJA	ADJA	ADJA	ADJA	ADJA	ADJA	_
16	74	Würze	NN	NN	NN	NN	NN	NN	_
16	75	oder	KON	KON	KON	KON	KON	KON	_
16	76	Spezies	NE	NN	NN	NN	NN	NN	MISMATCH
16	77	.	$.	$.	$.	$.	$.	$.	_
17	1	als	KOKOM	KOKOM	KOKOM	KOKOM	APPR	KOKOM	MISMATCH
17	2	Pfeffer	VVIMP	NN	NN	NN	NN	NN	MISMATCH
17	3	und	KON	KON	KON	KON	KON	KON	_
17	4	paradis	NN	NN	NE	NE	ADJD	NE	MISMATCH
17	5	Körner	NE	NE	NE	NE	NN	NN	MISMATCH
17	6	¶	$(	ADJA	NN	XY	$(	XY	MISMATCH
17	7	euer	PPOSAT	PPOSAT	PPOSAT	PPOSAT	PPOSAT	PPOSAT	_
17	8	salzenes	NE	ADJA	ADJA	ADJA	ADJA	ADJA	MISMATCH
17	9	.	$.	ADJA	$.	ADJA	$.	$.	MISMATCH
17	10	Getränk	NE	NN	NN	NN	NN	NN	MISMATCH
17	11	und	KON	KON	KON	KON	KON	KON	_
17	12	alle	PIAT	PIAT	PIAT	PIAT	PIAT	PIAT	_
17	13	Speisen	VVIMP	NN	NN	NN	NN	NN	MISMATCH
17	14	sollen	VMFIN	VMFIN	VMFIN	VMFIN	VMFIN	VMFIN	_
17	15	mit	APPR	APPR	APPR	APPR	APPR	APPR	_
17	16	Essig	NN	NN	NN	NN	NN	NN	_
17	17	bereit	ADJD	ADJD	ADJD	ADJD	ADJD	ADJD	_
17	18	sein	VAINF	VAINF	VAINF	VAINF	VAINF	VAINF	_
17	19	.	$.	$.	$.	$.	$.	$.	_
18	1	auch	ADV	ADV	ADV	ADV	ADV	ADV	_
18	2	sollt	VMFIN	VMFIN	VMFIN	VMFIN	VMFIN	VMFIN	_
18	3	ihr	PPOSAT	PPER	PPER	PPER	PPER	PPER	MISMATCH
18	4	vermeiden	VVFIN	VVFIN	VVFIN	VVFIN	VVINF	VVFIN	MISMATCH
18	5	süße	ADJA	ADJA	ADJA	ADJA	ADJA	ADJA	_
18	6	Speisen	VVIMP	NN	NN	NN	NN	NN	MISMATCH
18	7	mit	APPR	APPR	APPR	APPR	APPR	APPR	_
18	8	Honig	NN	NN	NN	NN	NN	NN	_
18	9	zubereitet	ADJD	VVPP	VVPP	VVPP	VVPP	VVPP	MISMATCH
18	10	.	$.	$.	$.	$.	$.	$.	_
19	1	¶	$(	XY	XY	XY	$(	XY	MISMATCH
19	2	item	NE	ADV	ADV	ADV	FM	ADV	MISMATCH
19	3	allerlei	PIAT	PIAT	PIAT	PIAT	PIAT	PIAT	_
19	4	Früchte	NN	NN	NN	NN	NN	NN	_
19	5	sollt	NE	VMFIN	VMFIN	VMFIN	VMFIN	VMFIN	MISMATCH
19	6	ihr	PPOSAT	PPER	PPER	PPER	PPER	PPER	MISMATCH
19	7	vermeiden	VVFIN	VVINF	VVINF	VVINF	ADJA	VVINF	MISMATCH
19	8	.	$.	$.	$.	$(	$.	$.	MISMATCH
19	9	wann	PWAV	PWAV	PWAV	PWAV	PWAV	PWAV	_
19	10	durch	APPR	APPR	APPR	APPR	APPR	APPR	_
19	11	ungesunde	ADJA	ADJA	ADJA	ADJA	ADJA	ADJA	_
19	12	Luft	NN	NN	NN	NN	NN	NN	_
19	13	seien	VAFIN	VAFIN	VAFIN	VAFIN	VAFIN	VAFIN	_
19	14	sie	PPER	PPER	PPER	PPER	PPER	PPER	_
19	15	vergiftet	NE	VVPP	VVPP	VVPP	ADJA	VVPP	MISMATCH
19	16	.	$.	$.	$.	$(	$.	$.	MISMATCH
19	17	ausgenommen	NE	ADV	ADV	ADV	VVPP	ADV	MISMATCH
19	18	saure	ADJD	ADJA	ADJA	ADJA	ADJA	ADJA	MISMATCH
19	19	Früchte	NN	NN	NN	NN	NN	NN	_
19	20	.	$.	$.	$.	$(	$.	$.	MISMATCH
19	21	als	KOKOM	KOKOM	KOKOM	KOKOM	APPR	KOKOM	MISMATCH
19	22	sauer	ADJD	ADJD	ADJD	ADJD	ADJD	ADJD	_
19	23	Kirschen	NN	NN	NN	NN	NN	NN	_
19	24	.	$.	$.	$.	$(	$.	$.	MISMATCH
19	25	saure	ADJD	ADJA	ADJA	ADJA	ADJA	ADJA	MISMATCH
19	26	Äpfel	NE	NN	NN	NN	NN	NN	MISMATCH
19	27	und	KON	KON	KON	KON	KON	KON	_
19	28	malogrant	NN	ADJA	VVFIN	ADJA	ADJA	NE	MISMATCH
19	29	Äpfel	NE	NN	NN	NN	NN	NN	MISMATCH
19	30	.	$.	$.	$.	$.	$.	$.	_
20	1	bittere	NE	ADJA	ADJA	ADJA	ADJA	ADJA	MISMATCH
20	2	Mandelmilch	NN	NN	NN	NN	NN	NN	_
20	3	ist	VAFIN	VAFIN	VAFIN	VAFIN	VAFIN	VAFIN	_
20	4	bequem	ADJD	ADJD	ADJD	ADJD	ADJA	ADJD	MISMATCH
20	5	zu	PTKZU	APPR	APPR	APPR	APPR	APPR	MISMATCH
20	6	Bereitung	NE	NN	NN	NN	ADJA	NN	MISMATCH
20	7	der	ART	ART	ART	ART	ART	ART	_
20	8	Speise	VVIMP	NN	NN	NN	NN	NN	MISMATCH
20	9	.	$.	$.	$.	$.	$.	$.	_
20	10	sonst	ADV	ADV	ADV	ADV	ADV	ADV	_
20	11	alle	PIAT	PIAT	PIAT	PIAT	PIAT	PIAT	_
20	12	andere	ADJA	PIS	PIAT	PIS	ADJA	PIS	MISMATCH
20	13	Milch	NN	NN	NN	NN	NN	NN	_
20	14	ist	VAFIN	VAFIN	VAFIN	VAFIN	VAFIN	VAFIN	_
20	15	schädlich	ADJD	ADJD	ADJD	ADJD	ADJA	ADJD	MISMATCH
20	16	.	$.	$.	$.	$.	$.	$.	_
20	17	zu mal	ADV	APPR	PTKA	APPR	APPR	APPR	MISMATCH
20	18	den	NE	ART	ART	ART	ART	ART	MISMATCH
20	19	müßigen	ADJA	ADJA	ADJA	ADJA	ADJA	ADJA	_
20	20	Menschen	VVFIN	NN	NN	NN	NN	NN	MISMATCH
20	21	.	$.	$.	$.	$.	$.	$.	_
20	22	den	ART	PRELS	PRELS	PDS	PDS	PDS	MISMATCH
20	23	bringt	VVFIN	VVFIN	VVFIN	VVFIN	ADJA	VVFIN	MISMATCH
20	24	sie	PPER	PPER	PPER	PPER	PPER	PPER	_
20	25	das	ART	ART	ART	ART	ART	ART	_
20	26	Fieber	VVIMP	NN	NN	NN	NN	NN	MISMATCH
20	27	.	$.	$.	$.	$.	$.	$.	_
20	28	oder	KON	KON	KON	KON	KON	KON	_
20	29	den	ART	ART	ART	ART	ART	ART	_
20	30	kalten	ADJA	ADJA	ADJA	ADJA	ADJA	ADJA	_
20	31	Siechtag	NN	NN	NN	NN	NN	NN	_
20	32	.	$.	$.	$.	$.	$.	$.	_
20	33	und	KON	KON	KON	KON	KON	KON	_
20	34	verstört	NE	NN	VVFIN	VVFIN	ADJA	VVFIN	MISMATCH
20	35	die	ART	ART	ART	ART	ART	ART	_
20	36	vier	CARD	CARD	CARD	CARD	CARD	CARD	_
20	37	Feuchtigkeiten	NN	NN	NN	NN	NN	NN	_
20	38	in	APPR	APPR	APPR	APPR	APPR	APPR	_
20	39	den	ART	ART	ART	ART	ART	ART	_
20	40	Tieren	NN	NN	NN	NN	NN	NN	_
20	41	¶	$(	XY	XY	XY	$(	XY	MISMATCH
20	42	ihr	PPOSAT	PPER	PPER	PPER	PPER	PPER	MISMATCH
20	43	sollt	NE	VMFIN	VMFIN	VMFIN	VMFIN	VMFIN	MISMATCH
20	44	vermeiden	VVINF	VVINF	VVFIN	VVFIN	ADJA	VVINF	MISMATCH
20	45	Bad	NN	NE	NE	NE	NN	NE	MISMATCH
20	46	.	$.	$.	$.	$.	$.	$.	_
21	1	und	KON	KON	KON	KON	KON	KON	_
21	2	alles	PIS	PIS	PIS	PIS	PIS	PIS	_
21	3	das	KOUS	PDS	PDS	PDS	PRELS	ART	MISMATCH
21	4	hitzt	VVFIN	VVFIN	ADJD	VVFIN	VVFIN	VVFIN	MISMATCH
21	5	und	KON	KON	KON	KON	KON	KON	_
21	6	die	ART	ART	ART	ART	ART	ART	_
21	7	Schweißlöcher	NN	NN	NN	NN	NN	NN	_
21	8	öffnet	VVFIN	VVFIN	VVFIN	VVFIN	VVFIN	VVFIN	_
21	9	.	$.	$.	$.	$.	$.	$.	_
21	10	wann	PWAV	PWAV	PWAV	PWAV	PWAV	PWAV	_
21	11	sie	PPER	PPER	PPER	PPER	PPER	PPER	_
21	12	geöffnet	VVPP	VVPP	VVPP	VVPP	VVFIN	VVPP	MISMATCH
21	13	sind	VAFIN	VAFIN	VAFIN	VAFIN	VAFIN	VAFIN	_
21	14	so	ADV	ADV	ADV	ADV	ADV	ADV	_
21	15	schleuft	VVFIN	VVFIN	VVFIN	VVFIN	VVFIN	VVFIN	_
21	16	der	ART	ART	ART	ART	ART	ART	_
21	17	vergifteten	NE	ADJA	ADJA	ADJA	ADJA	ADJA	MISMATCH
21	18	Luft	NN	NN	NN	NN	NN	NN	_
21	19	darin	ADV	PAV	PAV	PAV	PAV	PAV	MISMATCH
21	20	und	KON	KON	KON	KON	KON	KON	_
21	21	vergiftigt	ADJD	VVFIN	VVFIN	VVFIN	VVFIN	VVFIN	MISMATCH
21	22	den	ART	ART	ART	ART	ART	ART	_
21	23	Leichnam	NE	NN	NN	NN	NN	NN	MISMATCH
21	24	und	KON	KON	KON	KON	KON	KON	_
21	25	zerstört	VVPP	VVFIN	VVFIN	VVFIN	VVFIN	VVFIN	MISMATCH
21	26	die	ART	ART	ART	ART	ART	ART	_
21	27	natürlichen	ADJA	ADJA	ADJA	ADJA	ADJA	ADJA	_
21	28	und	KON	KON	KON	KON	KON	KON	_
21	29	lebendigen	ADJA	ADJA	ADJA	ADJA	ADJA	ADJA	_
21	30	Geister	VVFIN	NN	NN	NN	NN	NN	MISMATCH
21	31	.	$.	$.	$.	$.	$.	$.	_
22	1	¶	$(	XY	XY	XY	$(	XY	MISMATCH
22	2	Vor	APPR	APPR	APPR	APPR	APPR	APPR	_
22	3	allen	PIAT	PIAT	PIAT	PIAT	PIAT	PIAT	_
22	4	Dingen	NN	NN	NN	NN	NN	NN	_
22	5	sollt	NE	VMFIN	VMFIN	VMFIN	VMFIN	VMFIN	MISMATCH
22	6	ihr	PPOSAT	PPER	PPER	PPER	PPER	PPER	MISMATCH
22	7	unkeusch	ADJD	ADJD	ADJD	ADJD	ADJD	ADJD	_
22	8	und	KON	KON	KON	KON	KON	KON	_
22	9	Leibs	NN	NN	NN	NN	NN	NN	_
22	10	Wollust	NN	ADJD	NN	NN	NN	NN	MISMATCH
22	11	fliehen	VVINF	VVINF	VVINF	VVINF	ADJD	VVINF	MISMATCH
22	12	.	$.	$.	$.	$.	$.	$.	_
23	1	¶	$(	XY	XY	XY	$(	XY	MISMATCH
23	2	besonder	NN	ADJD	ADJD	ADJD	ADJD	ADJD	MISMATCH
23	3	ist	VAFIN	VAFIN	VAFIN	VAFIN	VAFIN	VAFIN	_
23	4	mein	PPOSAT	PPOSAT	PPOSAT	PPOSAT	PPOSAT	PPOSAT	_
23	5	Rat	NN	NN	NN	NN	NN	NN	_
23	6	dass	KOUS	KOUS	KOUS	KOUS	KOUS	KOUS	_
23	7	ihr	PPOSAT	PPER	PPER	PPER	PPER	PPER	MISMATCH
23	8	in	APPR	APPR	APPR	APPR	APPR	APPR	_
23	9	den	ART	ART	ART	ART	ART	ART	_
23	10	Monden	NN	NN	NN	NN	NN	NN	_
23	11	zu	PTKZU	APPR	APPR	APPR	APPR	APPR	MISMATCH
23	12	der	ART	ART	ART	ART	ART	ART	_
23	13	Adern	NN	NN	NN	NN	NN	NN	_
23	14	lasst	VVFIN	VVFIN	VVFIN	VVFIN	VVFIN	VVFIN	_
23	15	.	$.	$.	$.	$.	$.	$.	_
23	16	und	KON	KON	KON	KON	KON	KON	_
23	17	doch	ADV	ADV	ADV	ADV	ADV	ADV	_
23	18	wenig	PIS	PIS	ADV	ADV	PIS	PIS	MISMATCH
23	19	als	KOKOM	KOKOM	KOKOM	KOKOM	KOKOM	KOKOM	_
23	20	.	$.	ART	$.	ART	$(	ADJA	MISMATCH
23	21	6	NE	ADJA	CARD	CARD	CARD	CARD	MISMATCH
23	22	oder	KON	KON	KON	KON	KON	KON	_
23	23	8.	NE	ADJA	ADJA	ADJA	ADJA	ADJA	MISMATCH
23	24	Lot	NN	NN	NN	NN	NN	NN	_
23	25	Bluts	NN	NN	NN	NN	VVPP	NN	MISMATCH
23	26	und	KON	KON	KON	KON	KON	KON	_
23	27	tut	VVFIN	VVFIN	VVFIN	VVFIN	VVIMP	VVFIN	MISMATCH
23	28	das	KOUS	ART	ART	ART	PDS	ART	MISMATCH
23	29	drei	CARD	CARD	CARD	CARD	CARD	CARD	_
23	30	oder	KON	KON	KON	KON	KON	KON	_
23	31	3	XY	CARD	CARD	CARD	CARD	CARD	MISMATCH
23	32	Tage	NN	NN	NN	NN	NN	NN	_
23	33	vor	APPR	APPR	PTKVZ	PTKVZ	APPR	PTKVZ	MISMATCH
23	34	oder	KON	KON	KON	KON	KON	KON	_
23	35	nach	APPR	APPR	APPR	APPR	APPR	APPR	_
23	36	dem	NE	ART	ART	ART	ART	ART	MISMATCH
23	37	Vollmond	NE	NN	NN	NN	NN	NN	MISMATCH
23	38	und	KON	KON	KON	KON	KON	KON	_
23	39	gemeiniglich	NE	ADJD	ADJD	ADJD	ADV	ADJD	MISMATCH
23	40	von	XY	APPR	APPR	APPR	APPR	APPR	MISMATCH
23	41	der	ART	ART	ART	ART	ART	ART	_
23	42	Leber	NN	NN	NN	NN	NN	NN	_
23	43	oder	KON	KON	KON	KON	KON	KON	_
23	44	an	APPR	APPR	APPR	APPR	APPR	APPR	_
23	45	dem	ART	ART	ART	ART	ART	ART	_
23	46	rechten	ADJA	ADJA	ADJA	ADJA	ADJA	ADJA	_
23	47	Arm	ADJA	NN	NN	NN	NN	NN	MISMATCH
23	48	zu	PTKZU	APPR	APPR	APPR	APPR	APPR	MISMATCH
23	49	Gezeiten	NN	NN	NN	NN	NN	NN	_
23	50	von	XY	APPR	APPR	APPR	APPR	APPR	MISMATCH
23	51	der	ART	ART	ART	ART	ART	ART	_
23	52	Milz	NN	NN	NN	NN	NN	NN	_
23	53	Ader	NN	NN	NN	NN	NN	NN	_
23	54	an	NE	APPR	APPR	APPR	APPR	APPR	MISMATCH
23	55	der	ART	ART	ART	ART	ART	ART	_
23	56	linken	ADJA	ADJA	ADJA	ADJA	ADJA	ADJA	_
23	57	Hand	VAFIN	NN	NN	NN	NN	NN	MISMATCH
23	58	und	KON	KON	KON	KON	KON	KON	_
23	59	zuweilen	ADV	ADV	ADV	ADV	ADV	ADV	_
23	60	von	XY	APPR	APPR	APPR	APPR	APPR	MISMATCH
23	61	der	ART	ART	ART	ART	ART	ART	_
23	62	Median	NE	NN	NE	NN	NN	NN	MISMATCH
23	63	in	APPR	APPR	APPR	APPR	APPR	APPR	_
23	64	dem	NE	ART	ART	ART	ART	ART	MISMATCH
23	65	Arm	ADJD	NN	NN	NN	NN	NN	MISMATCH
23	66	darnach	PAV	ADV	ADV	ADV	PAV	ADV	MISMATCH
23	67	ihr	PPOSAT	PPER	PPER	PPER	PPER	PPER	MISMATCH
23	68	empfindet	NE	VVFIN	VVFIN	VVFIN	VVPP	VVFIN	MISMATCH
23	69	Stechung	NE	NN	NN	NN	NN	NN	MISMATCH
23	70	und	KON	KON	KON	KON	KON	KON	_
23	71	Lauf	NN	NN	NN	NN	NN	NN	_
23	72	der	ART	ART	ART	ART	ART	ART	_
23	73	Feuchtigkeit	NN	NN	NN	NN	NN	NN	_
23	74	an	NE	APPR	APPR	APPR	APPR	APPR	MISMATCH
23	75	diesem	PDAT	PDAT	PDAT	PDAT	PDAT	PDAT	_
23	76	oder	KON	KON	KON	KON	KON	KON	_
23	77	anderen	NN	PIS	PIS	PIS	ADJA	PIS	MISMATCH
23	78	Ende	NN	NN	NN	NN	NN	NN	_
23	79	.	$.	$.	$.	$.	$.	$.	_
23	80	wann	PWAV	PWAV	PWAV	PWAV	PWAV	PWAV	_
23	81	diese	PDAT	PDAT	PDAT	PDAT	PDAT	PDAT	_
23	82	Wallung	NE	NN	NN	NN	NN	NN	MISMATCH
23	83	des	ART	ART	ART	ART	ART	ART	_
23	84	Geblüts	NN	VVPP	NN	NN	NN	NN	MISMATCH
23	85	mag	VMFIN	VMFIN	VMFIN	VMFIN	VMFIN	VMFIN	_
23	86	nicht	PTKNEG	PTKNEG	PTKNEG	PTKNEG	PTKNEG	PTKNEG	_
23	87	mehr	NE	ADV	ADV	ADV	ADV	ADV	MISMATCH
23	88	ausgelöscht	NE	VVPP	VVPP	VVPP	VVPP	VVPP	MISMATCH
23	89	werden	VAFIN	VAFIN	VAFIN	VAFIN	VAINF	VAINF	MISMATCH
23	90	dann	ADV	ADV	ADV	ADV	ADV	ADV	_
23	91	durch	APPR	APPR	APPR	APPR	APPR	APPR	_
23	92	künstliche	ADJA	ADJA	ADJA	ADJA	ADJA	ADJA	_
23	93	und	KON	KON	KON	KON	KON	KON	_
23	94	gebührliche	ADJA	ADJA	ADJA	ADJA	ADJA	ADJA	_
23	95	Aderlassen	NN	NN	NN	NN	NN	NN	_
23	96	.	$.	$.	$.	$.	$.	$.	_
24	1	¶	$(	XY	XY	XY	$(	XY	MISMATCH
24	2	zu	APPR	APPR	APPR	APPR	APPR	APPR	_
24	3	dem	NE	ART	ART	ART	ART	ART	MISMATCH
24	4	anderen	ADJA	PIAT	PIAT	PIS	ADJA	PIAT	MISMATCH
24	5	Mal	NN	NN	NN	NN	NN	NN	_
24	6	ist	VAFIN	VAFIN	VAFIN	VAFIN	VAFIN	VAFIN	_
24	7	zu	PTKZU	PTKZU	PTKZU	PTKZU	PTKZU	PTKZU	_
24	8	merken	VVINF	VVINF	VVINF	VVINF	VVINF	VVINF	_
24	9	.	$.	$.	$.	$.	$.	$.	_
25	1	dass	ART	KOUS	KOUS	KOUS	KOUS	KOUS	MISMATCH
25	2	ihr	PPOSAT	PPER	PPER	PPER	PPER	PPER	MISMATCH
25	3	alle	PIAT	PIAT	PIAT	PIAT	PIAT	PIAT	_
25	4	Nacht	NN	NN	NN	NN	NN	NN	_
25	5	so	ADV	ADV	ADV	ADV	ADV	ADV	_
25	6	ihr	PPOSAT	PPER	PPER	PPER	PPER	PPER	MISMATCH
25	7	schlafen	ADJA	VVINF	VVINF	VVINF	ADV	VVINF	MISMATCH
25	8	sollt	VVPP	VMFIN	VMFIN	VMFIN	VMFIN	VMFIN	MISMATCH
25	9	nehmen	VVFIN	VVFIN	VVFIN	VVFIN	ADV	VVFIN	MISMATCH
25	10	ein	XY	ART	ART	ART	ART	ART	MISMATCH
25	11	Löffel	NN	NN	NN	NN	NN	NN	_
25	12	Weins	NN	NN	NN	NN	NN	NN	_
25	13	oder	KON	KON	KON	KON	KON	KON	_
25	14	zwei	NE	CARD	CARD	CARD	CARD	CARD	MISMATCH
25	15	mit	APPR	APPR	APPR	APPR	APPR	APPR	_
25	16	Rosen	NN	NN	NN	NN	NN	NN	_
25	17	Wasser	VVIMP	NN	NN	NN	NN	NN	MISMATCH
25	18	mit	APPR	APPR	APPR	APPR	APPR	APPR	_
25	19	ein	ART	ART	ART	ART	ART	ART	_
25	20	wenig	PIS	PIAT	PIAT	PIAT	PIAT	PIAT	MISMATCH
25	21	boli	NE	NE	NE	NE	FM	NE	MISMATCH
25	22	armenici	NE	NE	NE	NE	FM	NE	MISMATCH
25	23	all	PIAT	ADJA	ADV	PIAT	FM	PIAT	MISMATCH
25	24	kleinst	ADJD	ADJD	ADJD	ADJD	ADV	ADJD	MISMATCH
25	25	gepulvert	NE	NN	VVPP	VVPP	ADV	VVPP	MISMATCH
25	26	.	$.	$.	$.	$.	$.	$.	_
25	27	wann	PWAV	PWAV	PWAV	PWAV	PWAV	PWAV	_
25	28	solcher	PIAT	PIAT	PIAT	PIAT	PIAT	PIAT	_
25	29	Trank	VVFIN	NN	NN	NN	NN	NN	MISMATCH
25	30	ist	VAFIN	VAFIN	VAFIN	VAFIN	VAFIN	VAFIN	_
25	31	wahrhaftig	ADJD	ADJD	ADJD	ADJD	ADV	ADJD	MISMATCH
25	32	nütze	VVIMP	ADV	VVFIN	VVFIN	ADV	VVFIN	MISMATCH
25	33	wider	APPR	APPR	APPR	APPR	APPR	APPR	_
25	34	die	ART	ART	ART	ART	ART	ART	_
25	35	Krankheit	NN	NN	NN	NN	NN	NN	_
25	36	durch	APPR	APPR	APPR	APPR	APPR	APPR	_
25	37	mancherlei	NN	PIAT	PIAT	PIAT	PIAT	PIAT	MISMATCH
25	38	Sache	NN	NN	NN	NN	NN	NN	_
25	39	¶	$(	ADJD	NN	XY	$(	NN	MISMATCH
25	40	zum	APPR	APPRART	APPRART	APPRART	APPRART	APPRART	MISMATCH
25	41	Ersten	ADJA	NN	NN	NN	NN	NN	MISMATCH
25	42	erkühlt	VVFIN	NN	VVFIN	VVFIN	ADV	VVFIN	MISMATCH
25	43	das	ART	ART	ART	ART	ART	ART	_
25	44	Herz	NN	NN	NN	NN	NN	NN	_
25	45	und	KON	KON	KON	KON	KON	KON	_
25	46	löscht	VVFIN	VVFIN	VVFIN	VVFIN	ADV	VVFIN	MISMATCH
25	47	die	ART	ART	ART	ART	ART	ART	_
25	48	vergiftigen	ADJA	ADJA	ADJA	ADJA	ADJA	ADJA	_
25	49	Verzehrung	VVIMP	NN	NN	NN	NN	NN	MISMATCH
25	50	der	ART	ART	ART	ART	ART	ART	_
25	51	Feuchtigkeit	NE	NN	NN	NN	NN	NN	MISMATCH
25	52	¶	$(	ADJD	NN	XY	$(	NN	MISMATCH
25	53	zu	APPR	APPR	APPR	APPR	APPR	APPR	_
25	54	dem	NE	ART	ART	ART	ART	ART	MISMATCH
25	55	Anderen	VVINF	PIAT	PIS	PIS	PIS	PIS	MISMATCH
25	56	etlicher	ADJA	PIAT	PIAT	PIAT	PIAT	PIAT	MISMATCH
25	57	Maß	VVFIN	NN	NN	NN	NN	NN	MISMATCH
25	58	verzehrter	ADJA	ADJA	ADJA	ADJA	ADV	ADJA	MISMATCH
25	59	Überflüssigkeit	NN	NN	NN	NN	NN	NN	_
25	60	bei	APPR	APPR	APPR	APPR	APPR	APPR	_
25	61	dem	NE	ART	ART	ART	ART	ART	MISMATCH
25	62	Herzen	NN	NN	NN	NN	NN	NN	_
25	63	und	KON	KON	KON	KON	KON	KON	_
25	64	der	ART	ART	ART	ART	ART	ART	_
25	65	Leber	NN	NN	NN	NN	NN	NN	_
25	66	.	$.	$.	$.	$.	$.	$.	_
26	1	zum	APPR	APPRART	APPRART	APPRART	APPRART	APPRART	MISMATCH
26	2	Dritten	ADJA	NN	NN	NN	NN	NN	MISMATCH
26	3	er	PPER	PPER	PPER	PPER	PPER	PPER	_
26	4	schließt	VVFIN	VVFIN	VVFIN	VVFIN	VVFIN	VVFIN	_
26	5	zu	PTKZU	APPR	APPR	APPR	PTKVZ	APPR	MISMATCH
26	6	die	ART	ART	ART	ART	ART	ART	_
26	7	Gänge	NE	NN	NN	NN	NN	NN	MISMATCH
26	8	und	KON	KON	KON	KON	KON	KON	_
26	9	Wege	PTKVZ	NN	NN	NN	NN	NN	MISMATCH
26	10	der	ART	ART	ART	ART	ART	ART	_
26	11	vernehmsten	ADJA	ADJA	ADJA	ADJA	ADJA	ADJA	_
26	12	Glieder	NN	NN	NN	NN	NN	NN	_
26	13	die	ART	ART	ART	ART	PRELS	ART	MISMATCH
26	14	nicht	PTKNEG	PTKNEG	PTKNEG	PTKNEG	PTKNEG	PTKNEG	_
26	15	die	ART	ART	ART	ART	ART	ART	_
26	16	grausamen	ADJA	ADJA	ADJA	ADJA	ADJA	ADJA	_
26	17	vergiftigen	ADJA	ADJA	ADJA	ADJA	ADJA	ADJA	_
26	18	Dünste	NE	NN	NN	NN	NN	NN	MISMATCH
26	19	oder	KON	KON	KON	KON	KON	KON	_
26	20	Rauch	ADJD	NN	NN	NN	NN	NN	MISMATCH
26	21	der	ART	ART	ART	ART	ART	ART	_
26	22	vergifteten	VVINF	ADJA	ADJA	ADJA	ADJA	ADJA	MISMATCH
26	23	Feuchtigkeit	NN	NN	NN	NN	NN	NN	_
26	24	das	KOUS	ART	ART	ART	ART	ART	MISMATCH
26	25	Herz	NN	NN	NN	NN	NN	NN	_
26	26	und	KON	KON	KON	KON	KON	KON	_
26	27	andere	VVIMP	PIS	PIS	PIS	ADJA	PIS	MISMATCH
26	28	gesunde	ADJA	ADJA	ADJA	ADJA	ADJA	ADJA	_
26	29	Glieder	NE	NN	NN	NN	NN	NN	MISMATCH
26	30	anrührt	ADJD	VVFIN	VVFIN	VVPP	VVFIN	VVFIN	MISMATCH
26	31	.	$.	$.	$.	$.	$.	$.	_
27	1	¶	$(	XY	XY	XY	$(	XY	MISMATCH
27	2	zum	APPR	APPRART	APPRART	APPRART	APPRART	APPRART	MISMATCH
27	3	Vierten	ADJA	ADJA	NN	NN	ADJA	NN	MISMATCH
27	4	über	APPR	PTKVZ	APPR	APPR	ADV	APPR	MISMATCH
27	5	.	$.	$.	$.	$.	$.	$.	_
27	6	4	CARD	ADJA	ADJA	ADJA	ADJA	ADJA	MISMATCH
27	7	.	$.	ADJA	ADJA	ADJA	ADJA	ADJA	MISMATCH
27	8	Tag	NN	NN	NN	NN	NN	NN	_
27	9	in	APPR	APPR	APPR	APPR	APPR	APPR	_
27	10	aufgehender	NN	ADJA	ADJA	ADJA	ADJA	ADJA	MISMATCH
27	11	Sonne	VVFIN	NN	NN	NN	NN	NN	MISMATCH
27	12	oder	KON	KON	KON	KON	KON	KON	_
27	13	am	NE	APPRART	APPRART	APPRART	APPRART	APPRART	MISMATCH
27	14	aber	ADV	ADV	ADV	ADV	ADV	KON	MISMATCH
27	15	vor	APPR	APPR	APPR	APPR	APPR	APPR	_
27	16	dem	NE	ART	ART	ART	ART	ART	MISMATCH
27	17	Eingang	NN	NN	NN	NN	NN	NN	_
27	18	des	ART	ART	ART	ART	ART	ART	_
27	19	Betts	NN	NN	NN	NN	NN	NN	_
27	20	nehmt	VVFIN	VVFIN	VVFIN	VVFIN	ADJA	VVFIN	MISMATCH
27	21	ein	ART	ART	ART	ART	ART	ART	_
27	22	Löffel	NN	NN	NN	NN	NN	NN	_
27	23	voll	ADJD	ADJD	ADJD	ADJD	NN	ADJD	MISMATCH
27	24	dieses	PDAT	PDAT	PDAT	PDAT	PDAT	PDAT	_
27	25	Pulvers	NN	NN	NN	NN	NN	NN	_
27	26	von	APPR	APPR	APPR	APPR	APPR	APPR	_
27	27	Aloe	NE	NN	NE	NN	NN	NE	MISMATCH
27	28	cicotrino	NE	NE	NE	NE	NE	NE	_
27	29	.	$.	$.	$.	$.	$.	$.	_
27	30	von	XY	APPR	APPR	APPR	APPR	APPR	MISMATCH
27	31	Mirre	NE	NE	NE	NN	NE	NE	MISMATCH
27	32	und	KON	KON	KON	KON	KON	KON	_
27	33	Ort	NN	NN	NN	NN	NN	NN	_
27	34	Safran	NN	NN	NE	NN	NN	NN	MISMATCH
27	35	mit	APPR	APPR	APPR	APPR	APPR	APPR	_
27	36	ein	ART	ART	ART	ART	ART	ART	_
27	37	wenig	PIS	PIAT	PIAT	PIAT	PIAT	PIAT	MISMATCH
27	38	Weins	NN	NN	NN	NN	NN	NN	_
27	39	gemischt	VVPP	ADJD	ADJD	ADJD	VVPP	ADJD	MISMATCH
27	40	mit	APPR	APPR	APPR	APPR	APPR	APPR	_
27	41	Rosen	NE	NN	NN	NN	NN	NN	MISMATCH
27	42	Wasser	VVIMP	NN	NN	NN	NN	NN	MISMATCH
27	43	und	KON	KON	KON	KON	KON	KON	_
27	44	des	ART	ART	ART	ART	ART	ART	_
27	45	Aloe	NE	NN	NE	NN	NN	NN	MISMATCH
27	46	soll	NE	VMFIN	VMFIN	VMFIN	VMFIN	VMFIN	MISMATCH
27	47	allein	ADV	ADV	ADV	ADV	ADV	ADV	_
27	48	so	ADV	ADV	ADV	ADV	ADV	ADV	_
27	49	viel	ADV	PIS	ADV	ADV	PIS	PIS	MISMATCH
27	50	sein	VAINF	VAINF	VAINF	VAINF	VAINF	VAINF	_
27	51	als	KOKOM	KOKOM	KOKOM	KOKOM	KOKOM	KOKOM	_
27	52	der	ART	ART	ART	ART	ART	ART	_
27	53	anderen	ADJA	PIS	PIS	PIS	PIS	PIS	MISMATCH
27	54	.	$.	$.	$.	$.	$.	$.	_
27	55	beide	PIAT	PIAT	PIAT	PIAT	PIAT	PIAT	_
27	56	solche	PIAT	PIAT	PIAT	PIAT	PIAT	PIAT	_
27	57	Pulver	VVIMP	NN	NN	NN	NN	NN	MISMATCH
27	58	verjagt	VVPP	VVFIN	VVFIN	VVFIN	ADJA	VVFIN	MISMATCH
27	59	das	ART	ART	ART	ART	ART	ART	_
27	60	Vergift	NN	NN	NN	NN	NN	NN	_
27	61	das	ART	ART	ART	ART	PRELS	ART	MISMATCH
27	62	sich	PRF	PRF	PRF	PRF	PRF	PRF	_
27	63	in	APPR	APPR	APPR	APPR	APPR	APPR	_
27	64	solcher	PIAT	PIAT	PIAT	PIAT	PIAT	PIAT	_
27	65	Zeit	NN	NN	NN	NN	NN	NN	_
27	66	stet	ADJD	ADJD	ADJD	ADJD	ADJD	ADJD	_
27	67	sammelt	VVFIN	VVFIN	VVFIN	VVFIN	VVFIN	VVFIN	_
27	68	bei	APPR	APPR	APPR	APPR	APPR	APPR	_
27	69	dem	ART	ART	ART	ART	ART	ART	_
27	70	Herzen	VVFIN	NN	NN	NN	NN	NN	MISMATCH
27	71	und	KON	KON	KON	KON	KON	KON	_
27	72	bei	APPR	APPR	APPR	APPR	APPR	APPR	_
27	73	den	NE	ART	ART	ART	ART	ART	MISMATCH
27	74	fürgenehmsten	ADJA	ADJA	ADJA	ADJA	ADJA	ADJA	_
27	75	Gliedern	NN	NN	NN	NN	NN	NN	_
27	76	.	$.	$.	$.	$.	$.	$.	_
28	1	¶	$(	XY	XY	XY	$(	XY	MISMATCH
28	2	item	NE	ADV	ADV	ADV	XY	ADV	MISMATCH
28	3	zu	PTKZU	APPR	APPR	APPR	APPR	APPR	MISMATCH
28	4	Morgen	ADV	NN	NN	NN	NN	NN	MISMATCH
28	5	eh	ADV	KOUS	KOUS	KOUS	KOUS	ADV	MISMATCH
28	6	ihr	PPOSAT	PPER	PPER	PPER	PPER	PPER	MISMATCH
28	7	aus	APPR	APPR	APPR	APPR	APPR	APPR	_
28	8	dem	NE	ART	ART	ART	ART	ART	MISMATCH
28	9	Haus	VVFIN	NN	NN	NN	NN	NN	MISMATCH
28	10	geht	VVFIN	VVFIN	VVFIN	VVFIN	VVINF	VVFIN	MISMATCH
28	11	oder	KON	KON	KON	KON	KON	KON	_
28	12	nach	APPR	APPR	APPR	APPR	APPR	APPR	_
28	13	Mittag	ADV	NN	NN	NN	NN	NN	MISMATCH
28	14	Mal	NN	ADV	NN	NN	NN	NN	MISMATCH
28	15	auch	ADV	ADV	ADV	ADV	ADV	ADV	_
28	16	alle	PIAT	PIAT	PIAT	PIAT	PIAT	PIAT	_
28	17	Stunden	VVFIN	NN	NN	NN	NN	NN	MISMATCH
28	18	des	NE	ART	ART	ART	ART	ART	MISMATCH
28	19	Tages	ADV	NN	NN	NN	NN	NN	MISMATCH
28	20	sollt	NE	VMFIN	VMFIN	VMFIN	VMFIN	VMFIN	MISMATCH
28	21	ihr	PPOSAT	PPER	PPER	PPER	PPER	PPER	MISMATCH
28	22	waschen	VVINF	VVFIN	VVFIN	VVFIN	VVINF	VVFIN	MISMATCH
28	23	die	ART	ART	ART	ART	ART	ART	_
28	24	Hände	NN	NN	NN	NN	NN	NN	_
28	25	mit	APPR	APPR	APPR	APPR	APPR	APPR	_
28	26	Essig	NN	NN	NN	NN	NN	NN	_
28	27	.	$.	$.	$.	$.	$.	$.	_
28	28	darin	ADV	PAV	PAV	PAV	PAV	PAV	MISMATCH
28	29	nun	ADV	ADV	ADV	ADV	ADV	ADV	_
28	30	ein	ART	ART	ART	ART	ART	ART	_
28	31	wenig	PIS	PIAT	PIAT	PIAT	PIAT	PIAT	MISMATCH
28	32	Triaker	NE	NN	NN	NN	NN	NN	MISMATCH
28	33	ist	VAFIN	VAFIN	VAFIN	VAFIN	VAFIN	VAFIN	_
28	34	und	KON	KON	KON	KON	KON	KON	_
28	35	die	ART	ART	ART	ART	ART	ART	_
28	36	Hände	NE	NN	NN	NN	NN	NN	MISMATCH
28	37	für	NE	APPR	APPR	APPR	APPR	APPR	MISMATCH
28	38	die	ART	ART	ART	ART	ART	ART	_
28	39	Nase	ADJA	NN	NN	NN	NN	NN	MISMATCH
28	40	gehalten	ADJA	VVPP	VVPP	VVPP	VVPP	VVPP	MISMATCH
28	41	und	KON	KON	KON	KON	KON	KON	_
28	42	den	ART	ART	ART	ART	ART	ART	_
28	43	Atem	NN	NN	NN	NN	NN	NN	_
28	44	an	APPR	APPR	APPR	APPR	APPR	APPR	_
28	45	sich	ADJD	PRF	PRF	PRF	PRF	PRF	MISMATCH
28	46	gezogen	VVPP	VVPP	VVPP	VVPP	VVPP	VVPP	_
28	47	.	$.	$.	$.	$.	$.	$.	_
29	1	¶	$(	XY	XY	XY	$(	XY	MISMATCH
29	2	item	NE	ADV	ADV	ADV	XY	ADV	MISMATCH
29	3	eins	PIS	CARD	CARD	CARD	CARD	CARD	MISMATCH
29	4	oder	NN	KON	KON	KON	KON	KON	MISMATCH
29	5	zwier	NE	NN	ADJA	CARD	PIS	CARD	MISMATCH
29	6	in	NE	APPR	APPR	APPR	APPR	APPR	MISMATCH
29	7	der	XY	ART	ART	ART	ART	ART	MISMATCH
29	8	Woche	NN	NN	NN	NN	NN	NN	_
29	9	nehmt	NE	VVFIN	VVFIN	VVFIN	VVPP	VVFIN	MISMATCH
29	10	FW	NE	NN	NN	NN	NN	NE	MISMATCH
29	11	mit	APPR	APPR	APPR	APPR	APPR	APPR	_
29	12	6	NE	ADJA	ADJA	ADJA	CARD	ADJA	MISMATCH
29	13	.	$.	ADJA	ADJA	ADJA	$.	ADJA	MISMATCH
29	14	oder	KOUS	KON	KON	KON	KON	KON	MISMATCH
29	15	.	$.	ADJA	ADJA	ADJA	XY	ADJA	MISMATCH
29	16	vij.	NE	ADJA	ADJA	ADJA	XY	ADJA	MISMATCH
29	17	Löffel	NN	NN	NN	NN	NN	NN	_
29	18	geseihtes	VVPP	NN	ADJA	ADJA	VVPP	ADJA	MISMATCH
29	19	Gersten	NN	NN	NN	NN	NN	NN	_
29	20	Wasser	NN	NN	NN	NN	NN	NN	_
29	21	am	APPRART	APPRART	APPRART	APPRART	APPRART	APPRART	_
29	22	Aufgang	VVFIN	NN	NN	NN	NN	NN	MISMATCH
29	23	der	ART	ART	ART	ART	ART	ART	_
29	24	Sonne	VVFIN	NN	NN	NN	NN	NN	MISMATCH
29	25	ein	ART	ART	ART	ART	ART	ART	_
29	26	wenig	PIS	PIAT	PIAT	PIAT	PIAT	PIAT	MISMATCH
29	27	Lab	NE	NN	NN	NN	NN	NN	MISMATCH
29	28	das	ART	PDS	PDS	PDS	PDS	PDS	MISMATCH
29	29	ist	VAFIN	VAFIN	VAFIN	VAFIN	VAFIN	VAFIN	_
29	30	in	APPR	APPR	APPR	APPR	APPR	APPR	_
29	31	Wahrheit	NN	NN	NN	NN	NN	NN	_
29	32	ein	ART	ART	ART	ART	ART	ART	_
29	33	gut	ADJD	ADJD	ADJD	ADJD	ADJD	ADJD	_
29	34	verborgene	NE	ADJA	ADJA	ADJA	ADJA	ADJA	MISMATCH
29	35	Arznei	NN	NN	NN	NN	NN	NN	_
29	36	und	KON	KON	KON	KON	KON	KON	_
29	37	Doktoren	NE	NN	NN	NN	NN	NN	MISMATCH
29	38	die	ART	ART	ART	ART	PRELS	ART	MISMATCH
29	39	solchen	PIAT	PIAT	PIAT	PIAT	PIAT	PIAT	_
29	40	Trank	NN	NN	NN	NN	NN	NN	_
29	41	erkannten	VVFIN	VVFIN	VVFIN	VVFIN	VVPP	VVFIN	MISMATCH
29	42	haben	VAFIN	VAFIN	VAFIN	VAFIN	VAFIN	VAFIN	_
29	43	den	NE	PDS	ART	ART	PDS	ART	MISMATCH
29	44	für	APPR	APPR	APPR	APPR	APPR	APPR	_
29	45	heimlich	ADJD	ADJD	ADJD	ADJD	ADJD	ADJD	_
29	46	gehalten	VVPP	VVPP	VVPP	VVPP	VVPP	VVPP	_
29	47	.	$.	$.	$.	$.	$.	$.	_
29	48	wann	PWAV	PWAV	PWAV	PWAV	PWAV	PWAV	_
29	49	so	ADV	ADV	ADV	ADV	ADV	ADV	_
29	50	er	PPER	PPER	PPER	PPER	PPER	PPER	_
29	51	sauer	ADJD	ADJD	ADJD	ADJD	ADJD	ADJD	_
29	52	ist	VAFIN	VAFIN	VAFIN	VAFIN	VAFIN	VAFIN	_
29	53	hat	VAFIN	VAFIN	VAFIN	VAFIN	VAFIN	VAFIN	_
29	54	er	PPER	PPER	PPER	PPER	PPER	PPER	_
29	55	Eigenschaft	NN	NN	NN	NN	NN	NN	_
29	56	wider	NE	APPR	APPR	APPR	APPR	APPR	MISMATCH
29	57	Vergift	NE	NN	NN	NN	NN	NN	MISMATCH
29	58	und	KON	KON	KON	KON	KON	KON	_
29	59	dient	VVFIN	VVFIN	VVFIN	VVFIN	VVFIN	VVFIN	_
29	60	sehr	NE	ADV	ADV	ADV	ADV	ADV	MISMATCH
29	61	zum	APPRART	APPRART	APPRART	APPRART	APPRART	APPRART	_
29	62	Herzen	NN	NN	NN	NN	NN	NN	_
29	63	auch	ADV	ADV	ADV	ADV	ADV	ADV	_
29	64	reinigt	VVFIN	VVFIN	VVFIN	VVFIN	VVPP	VVFIN	MISMATCH
29	65	er	PPER	PPER	PPER	PPER	PPER	PPER	_
29	66	die	ART	ART	ART	ART	ART	ART	_
29	67	Leber	NN	NN	NN	NN	NN	NN	_
29	68	den	NE	ART	ART	ART	ART	ART	MISMATCH
29	69	Magen	NE	NN	NN	NN	NN	NN	MISMATCH
29	70	und	KON	KON	KON	KON	KON	KON	_
29	71	die	ART	ART	ART	ART	ART	ART	_
29	72	Nieren	NN	NN	NN	NN	NN	NN	_
29	73	dass	ART	KOUS	KOUS	KOUS	KOUS	KOUS	MISMATCH
29	74	sehr	NE	ADV	ADV	ADV	ADV	ADV	MISMATCH
29	75	not	NN	ADJD	ADJD	ADJD	ADJD	ADJD	MISMATCH
29	76	ist	VAFIN	VAFIN	VAFIN	VAFIN	VAFIN	VAFIN	_
29	77	in	APPR	APPR	APPR	APPR	APPR	APPR	_
29	78	dieser	PDAT	PDAT	PDAT	PDAT	PDAT	PDAT	_
29	79	Krankheit	NE	NN	NN	NN	NN	NN	MISMATCH
29	80	und	KON	KON	KON	KON	KON	KON	_
29	81	die	ART	ART	ART	ART	ART	ART	_
29	82	Doktoren	NE	NN	NN	NN	NN	NN	MISMATCH
29	83	die	ART	ART	ART	ART	PRELS	ART	MISMATCH
29	84	des	ART	ART	ART	ART	ART	ART	_
29	85	Getranks	NE	NN	NN	NN	NN	NN	MISMATCH
29	86	erfahren	VVINF	VVPP	VVPP	VVPP	VVPP	VVPP	MISMATCH
29	87	haben	VAFIN	VAFIN	VAFIN	VAFIN	VAFIN	VAFIN	_
29	88	gebrauchen	VVFIN	VVFIN	VVFIN	VVFIN	VVPP	VVFIN	MISMATCH
29	89	das	KOUS	PDS	PDS	PDS	PDS	PDS	MISMATCH
29	90	zu	PTKZU	APPR	APPR	APPR	APPR	APPR	MISMATCH
29	91	Bewahrung	NE	NN	NN	NN	VVPP	NN	MISMATCH
29	92	vor	APPR	APPR	APPR	APPR	APPR	APPR	_
29	93	dieser	PDAT	PDAT	PDAT	PDAT	PDAT	PDAT	_
29	94	Kranckheit	NE	NN	NN	NN	NN	NN	MISMATCH
29	95	im	APPRART	APPRART	APPRART	APPRART	APPRART	APPRART	_
29	96	Lenzen	VVINF	NN	NN	NN	NN	NN	MISMATCH
29	97	und	KON	KON	KON	KON	KON	KON	_
29	98	im	APPRART	APPRART	APPRART	APPRART	APPRART	APPRART	_
29	99	Sommer	NN	NN	NN	NN	NN	NN	_
29	100	und	KON	KON	KON	KON	KON	KON	_
29	101	allweg	ADV	NN	NN	NN	ADV	NN	MISMATCH
29	102	in	NE	APPR	APPR	APPR	APPR	APPR	MISMATCH
29	103	traurigen	ADJA	ADJA	ADJA	ADJA	ADJA	ADJA	_
29	104	Sommern	NE	NN	NN	NN	NN	NN	MISMATCH
29	105	gebrauchen	VVINF	VVFIN	VVFIN	VVFIN	VVPP	VVFIN	MISMATCH
29	106	dieses	PDS	PDAT	PDAT	PDAT	PDAT	PDAT	MISMATCH
29	107	Getranks	NE	NN	NN	NN	NN	NN	MISMATCH
29	108	als	KOKOM	KOKOM	KOKOM	KOKOM	APPR	KOKOM	MISMATCH
29	109	des	ART	ART	ART	ART	ART	ART	_
29	110	behaglichsten	ADJA	ADJA	ADJA	ADJA	ADJA	ADJA	_
29	111	und	KON	KON	KON	KON	KON	KON	_
29	112	besten	VVINF	ADJA	ADJA	ADJA	ADJA	ADJA	MISMATCH
29	113	Rats	NN	NN	NN	NN	NN	NN	_
29	114	in	APPR	APPR	APPR	APPR	APPR	APPR	_
29	115	solcher	PIAT	PIAT	PIAT	PIAT	PIAT	PIAT	_
29	116	Weise	VVFIN	NN	NN	NN	NN	NN	MISMATCH
29	117	gebrauchen	VVFIN	VVFIN	VVFIN	VVFIN	VVPP	VVFIN	MISMATCH
29	118	sie	PPER	PPER	PPER	PPER	PPER	PPER	_
29	119	auch	ADV	ADV	ADV	ADV	ADV	ADV	_
29	120	des	ART	ART	ART	ART	ART	ART	_
29	121	Pulvers	NN	NN	NN	NN	NN	NN	_
29	122	von	XY	APPR	APPR	APPR	APPR	APPR	MISMATCH
29	123	Aloe	NE	NE	NE	NN	NN	NN	MISMATCH
29	124	.	$.	$.	$.	$.	$.	$.	_
29	125	wann	PWAV	PWAV	PWAV	PWAV	PWAV	PWAV	_
29	126	dieser	PDAT	PDAT	PDAT	PDAT	PDAT	PDAT	_
29	127	Pulver	VVIMP	NN	NN	NN	NN	NN	MISMATCH
29	128	am	APPRART	APPRART	APPRART	APPRART	APPRART	APPRART	_
29	129	anderen	ADJA	PIAT	PIS	PIS	ADJA	PIS	MISMATCH
29	130	Tag	NN	NN	NN	NN	NN	NN	_
29	131	nach	APPR	APPR	APPR	APPR	APPR	APPR	_
29	132	seiner	PPOSAT	PPOSAT	PPOSAT	PPOSAT	PPOSAT	PPOSAT	_
29	133	Empfangung	NE	NN	NN	NN	NN	NN	MISMATCH
29	134	macht	VVFIN	VVFIN	VVFIN	VVFIN	VVFIN	VVFIN	_
29	135	er	PPER	PPER	PPER	PPER	PPER	PPER	_
29	136	zwei	NE	CARD	CARD	CARD	CARD	CARD	MISMATCH
29	137	oder	KON	KON	KON	KON	KON	KON	_
29	138	drei	CARD	CARD	CARD	CARD	CARD	CARD	_
29	139	Stühle	NN	NN	NN	NN	NN	NN	_
29	140	Gänge	NE	NN	NN	NN	NN	NN	MISMATCH
29	141	mehr	ADV	ADV	ADV	ADV	ADV	ADV	_
29	142	dann	ADV	ADV	ADV	ADV	ADV	ADV	_
29	143	der	ART	ART	ART	ART	ART	ART	_
29	144	Mensch	NE	NN	NN	NN	NN	NN	MISMATCH
29	145	gewohnt	VVPP	VVPP	VVPP	VVPP	ADJD	VVPP	MISMATCH
29	146	ist	VAFIN	VAFIN	VAFIN	VAFIN	VAFIN	VAFIN	_
29	147	.	$.	$.	$.	$.	$.	$.	_
29	148	und	KON	KON	KON	KON	KON	KON	_
29	149	gleicher	ADJA	ADJA	ADJA	ADJA	ADJA	ADJA	_
29	150	Weise	VVFIN	NN	NN	NN	NN	NN	MISMATCH
29	151	als	KOKOM	KOKOM	KOKOM	KOKOM	KOKOM	KOKOM	_
29	152	das	KOUS	ART	ART	ART	ART	ART	MISMATCH
29	153	Fleisch	VVIMP	NN	NN	NN	NN	NN	MISMATCH
29	154	in	NE	APPR	APPR	APPR	APPR	APPR	MISMATCH
29	155	einen	ART	ART	ART	ART	ART	ART	_
29	156	Topf	VVIMP	NN	NN	NN	NN	NN	MISMATCH
29	157	am	APPRART	APPRART	APPRART	APPRART	APPRART	APPRART	_
29	158	Anbeginn	NE	NN	NN	NN	VVPP	NN	MISMATCH
29	159	seines	NN	PPOSAT	PPOSAT	PPOSAT	PPOSAT	PPOSAT	MISMATCH
29	160	Siedens	NN	NN	NN	NN	VVPP	NN	MISMATCH
29	161	geschäumt	VVPP	NN	VVPP	VVPP	VVPP	VVPP	MISMATCH
29	162	wird	VAFIN	VAFIN	VAFIN	VAFIN	VAFIN	VAFIN	_
29	163	und	KON	KON	KON	KON	KON	KON	_
29	164	gereinigt	VVPP	VVPP	VVPP	VVPP	VVPP	ADJD	MISMATCH
29	165	von	XY	APPR	APPR	APPR	APPR	APPR	MISMATCH
29	166	seiner	PPOSAT	PPOSAT	PPOSAT	PPOSAT	PPOSAT	PPOSAT	_
29	167	Unflätigkeit	NN	NN	NN	NN	NN	NN	_
29	168	so	ADV	ADV	ADV	ADV	ADV	ADV	_
29	169	tut	VVFIN	VVFIN	VVFIN	VVFIN	VVFIN	VVFIN	_
29	170	dieses	PDS	PDAT	PDAT	PDAT	PDAT	PDAT	MISMATCH
29	171	Pulver	VVIMP	NN	NN	NN	NN	NN	MISMATCH
29	172	auch	ADV	ADV	ADV	ADV	ADV	ADV	_
29	173	es	PPER	PPER	PPER	PPER	PPER	PPER	_
29	174	reinigt	VVFIN	VVFIN	VVFIN	VVFIN	VVPP	VVFIN	MISMATCH
29	175	stet	ADJD	ADJD	ADJD	ADJD	ADJD	ADJD	_
29	176	den	ART	ART	ART	ART	ART	ART	_
29	177	Unflat	NN	NN	NN	NN	NN	NN	_
29	178	und	KON	KON	KON	KON	KON	KON	_
29	179	Vergift	NN	NN	NN	NN	NN	NN	_
29	180	das	KOUS	ART	ART	ART	PRELS	ART	MISMATCH
29	181	sich	PRF	PRF	PRF	PRF	PRF	PRF	_
29	182	an	APPR	APPR	APPR	APPR	APPR	APPR	_
29	183	Unflat	NE	NN	NN	NN	NN	NN	MISMATCH
29	184	sammelt	VVFIN	VVFIN	VVFIN	VVFIN	VVFIN	VVFIN	_
29	185	zu	PTKZU	APPR	APPR	APPR	APPR	APPR	MISMATCH
29	186	dem	NE	ART	ART	ART	ART	ART	MISMATCH
29	187	Herzen	NN	NN	NN	NN	NN	NN	_
29	188	und	KON	KON	KON	KON	KON	KON	_
29	189	den	NE	ART	ART	ART	ART	ART	MISMATCH
29	190	anderen	ADJA	PIAT	PIS	PIS	ADJA	PIAT	MISMATCH
29	191	fürnehmischen	ADJA	ADJA	ADJA	ADJA	ADJA	ADJA	_
29	192	Gliedern	NN	NN	NN	NN	NN	NN	_
29	193	in	APPR	APPR	APPR	APPR	APPR	APPR	_
29	194	solchem	PIAT	PIAT	PIAT	PIAT	PIAT	PIAT	_
29	195	Anblick	NN	NN	NN	NN	NN	NN	_
29	196	des	ART	ART	ART	ART	ART	ART	_
29	197	Himmels	NN	NN	NN	NN	NN	NN	_
29	198	.	$.	$.	$.	$.	$.	$.	_
30	1	jedoch	ADV	ADV	ADV	ADV	ADV	ADV	_
30	2	etliche	PIAT	PIAT	PIAT	PIAT	PIAT	PIAT	_
30	3	Doktoren	NE	NN	NN	NN	NN	NN	MISMATCH
30	4	machen	VVINF	VVFIN	VVFIN	VVFIN	VVFIN	VVFIN	MISMATCH
30	5	aus	APPR	APPR	APPR	APPR	APPR	APPR	_
30	6	diesem	PDAT	PDAT	PDAT	PDAT	PDAT	PDAT	_
30	7	Pulver	VVIMP	NN	NN	NN	NN	NN	MISMATCH
30	8	Pillen	NE	NN	NN	NN	NN	NN	MISMATCH
30	9	um	XY	APPR	APPR	APPR	APPR	APPR	MISMATCH
30	10	ihrer	PPOSAT	PPOSAT	PPOSAT	PPOSAT	PPOSAT	PPOSAT	_
30	11	Purheit	NE	NN	NN	NN	VVFIN	NN	MISMATCH
30	12	willen	NN	APPO	APPO	APPO	APZR	APPO	MISMATCH
30	13	das	ART	PRELS	PRELS	ART	PRELS	ART	MISMATCH
30	14	ich	PPER	PPER	PPER	PPER	PPER	PPER	_
30	15	durch	APPR	APPR	APPR	APPR	APPR	APPR	_
30	16	etlicher	ADJA	PIAT	PIAT	PIAT	PIAT	PIAT	MISMATCH
30	17	Sache	NN	NN	NN	NN	NN	NN	_
30	18	willen	NN	APPO	APPO	APPO	APZR	APPO	MISMATCH
30	19	nicht	PTKNEG	PTKNEG	PTKNEG	PTKNEG	PTKNEG	PTKNEG	_
30	20	zugib	PTKZU	VVFIN	VVFIN	VVFIN	VVFIN	VVIMP	MISMATCH
30	21	oder	KON	KON	KON	KON	KON	KON	_
30	22	bewähre	VVIMP	VVFIN	VVFIN	VVFIN	VVFIN	VVFIN	MISMATCH
30	23	auch	ADV	ADV	ADV	ADV	ADV	ADV	_
30	24	die	ART	ART	ART	ART	ART	ART	_
30	25	fürnehmsten	ADJA	ADJA	ADJA	ADJA	ADJA	ADJA	_
30	26	Doktoren	NE	NN	NN	NN	NN	NN	MISMATCH
30	27	haben	VAFIN	VAFIN	VAFIN	VAFIN	VAFIN	VAFIN	_
30	28	das	KOUS	PDS	PDS	PDS	PDS	PDS	MISMATCH
30	29	nicht	PTKNEG	PTKNEG	PTKNEG	PTKNEG	PTKNEG	PTKNEG	_
30	30	gesetzt	VVPP	VVPP	VVPP	VVPP	VVFIN	VVPP	MISMATCH
30	31	oder	KON	KON	KON	KON	KON	KON	_
30	32	gelehrt	VVPP	VVPP	VVPP	VVPP	VVPP	VVPP	_
30	33	dass	ART	KOUS	KOUS	KOUS	KOUS	KOUS	MISMATCH
30	34	man	NE	PIS	PIS	PIS	PIS	PIS	MISMATCH
30	35	sie	PPER	PPER	PPER	PPER	PPER	PPER	_
30	36	in	NE	APPR	APPR	APPR	APPR	APPR	MISMATCH
30	37	Pillen	NN	NN	NN	NN	NN	NN	_
30	38	geben	VVINF	VVINF	VVINF	VVINF	VVFIN	VVINF	MISMATCH
30	40	soll	VVFIN	VMFIN	VMFIN	VMFIN	VMFIN	VMFIN	MISMATCH
30	41	.	$.	$.	$.	$.	$.	$.	_
30	42	wie	KOKOM	KOUS	KOUS	KOUS	PWAV	KOUS	MISMATCH
30	43	wohl	ADV	ADV	ADV	ADV	ADV	ADV	_
30	44	dieses	PDAT	PDAT	PDAT	PDAT	PDAT	PDAT	_
30	45	Pulver	VVIMP	NN	NN	NN	NN	NN	MISMATCH
30	46	fast	ADV	ADV	ADV	ADV	ADV	ADV	_
30	47	bitter	ADJD	ADJD	ADJD	ADJD	ADJD	ADJD	_
30	48	ist	VAFIN	VAFIN	VAFIN	VAFIN	VAFIN	VAFIN	_
30	49	.	$.	$.	$.	$.	$.	$.	_
31	1	jedoch	ADV	ADV	ADV	ADV	ADV	ADV	_
31	2	so	ADV	ADV	ADV	ADV	ADV	ADV	_
31	3	der	ART	ART	ART	ART	ART	ART	_
31	4	Mund	NN	NN	NN	NN	NN	NN	_
31	5	eins	PIS	CARD	CARD	CARD	CARD	CARD	MISMATCH
31	6	oder	KON	KON	KON	KON	KON	KON	_
31	7	zwier	NE	ADJD	ADJD	ADJD	CARD	CARD	MISMATCH
31	8	gewaschen	VVPP	VVPP	VVPP	VVPP	VVPP	VVPP	_
31	9	wird	VAFIN	VAFIN	VAFIN	VAFIN	VAFIN	VAFIN	_
31	10	darnach	PAV	ADV	ADV	ADV	VVPP	ADV	MISMATCH
31	11	so	ADV	ADV	ADV	ADV	ADV	ADV	_
31	12	vergeht	NN	VVFIN	VVFIN	VVFIN	VVPP	VVFIN	MISMATCH
31	13	die	ART	ART	ART	ART	ART	ART	_
31	14	Bitterkeit	NE	NN	NN	NN	NN	NN	MISMATCH
31	15	aber	KON	KON	KON	ADV	KON	KON	MISMATCH
31	16	das	KOUS	ART	ART	ART	ART	ART	MISMATCH
31	17	Pulver	VVIMP	NN	NN	NN	NN	NN	MISMATCH
31	18	wirkt	VVFIN	VVFIN	VVFIN	VVFIN	VVFIN	VVFIN	_
31	19	viel	ADV	ADV	ADV	ADV	ADV	ADV	_
31	20	mehr	ADV	ADV	ADV	ADV	ADV	ADV	_
31	21	wann	PWAV	PWAV	PWAV	PWAV	KOKOM	PWAV	MISMATCH
31	22	die	ART	ART	ART	ART	ART	ART	_
31	23	Pillen	NN	NN	NN	NN	NN	NN	_
31	24	.	$.	$.	$.	$.	$.	$.	_
32	1	¶	$(	XY	XY	XY	$(	XY	MISMATCH
32	2	item	NN	ADV	ADV	ADV	XY	ADV	MISMATCH
32	3	am	APPRART	APPRART	APPRART	APPRART	PTKA	APPRART	MISMATCH
32	4	allermeisten	PIAT	ADJA	NN	ADJD	VVINF	NN	MISMATCH
32	5	in	NE	APPR	APPR	APPR	APPR	APPR	MISMATCH
32	6	Bewahrung	NE	NN	NN	NN	VVINF	NN	MISMATCH
32	7	der	ART	ART	ART	ART	ART	ART	_
32	8	Pestilenz	NN	NN	NN	NN	NN	NN	_
32	9	sollt	NE	VMFIN	VMFIN	VMFIN	VMFIN	VMFIN	MISMATCH
32	10	ihr	PPOSAT	PPER	PPER	PPER	PPER	PPER	MISMATCH
32	11	fliehen	VVINF	VVFIN	VVFIN	VVFIN	VVINF	VVFIN	MISMATCH
32	12	die	ART	ART	ART	ART	ART	ART	_
32	13	Stätte	ADJD	NN	NN	NN	NN	NN	MISMATCH
32	14	da	ADV	ADV	ADV	ADV	ADV	ADV	_
32	15	Pestilenz	NN	NN	NN	NN	NN	NN	_
32	16	ist	VAFIN	VAFIN	VAFIN	VAFIN	VAFIN	VAFIN	_
32	17	.	$.	$.	$.	$.	$.	$.	_
32	18	wann	PWAV	PWAV	PWAV	PWAV	PWAV	PWAV	_
32	19	die	ART	ART	ART	ART	ART	ART	_
32	20	giftigen	ADJA	ADJA	ADJA	ADJA	ADJA	ADJA	_
32	21	Menschen	NN	NN	NN	NN	NN	NN	_
32	22	vergiften	VVINF	VVFIN	VVFIN	VVFIN	VVINF	VVFIN	MISMATCH
32	23	euch	PPER	PPER	PRF	PPER	PPER	PRF	MISMATCH
32	24	eure	NE	PPOSAT	PPOSAT	PPOSAT	PPOSAT	PPOSAT	MISMATCH
32	25	Luft	NN	NN	NN	NN	NN	NN	_
32	26	.	$.	$.	$.	$.	$.	$.	_
33	1	auch	ADV	ADV	ADV	ADV	ADV	ADV	_
33	2	das	KOUS	ART	ART	ART	ART	ART	MISMATCH
33	3	Teil	NN	NN	NN	NN	NN	NN	_
33	4	des	ART	ART	ART	ART	ART	ART	_
33	5	Himmels	NN	NN	NN	NN	NN	NN	_
33	6	daraus	PAV	PAV	PAV	PAV	PAV	PAV	_
33	7	die	ART	ART	ART	ART	ART	ART	_
33	8	Pestilenz	NN	NN	NN	NN	NN	NN	_
33	9	gesacht	VVPP	VVPP	VVPP	VVPP	VVPP	VVPP	_
33	10	wird	VAFIN	VAFIN	VAFIN	VAFIN	VAFIN	VAFIN	_
33	11	blickt	VVFIN	VVFIN	VVFIN	VVFIN	VVFIN	VVFIN	_
33	12	mehr	ADV	ADV	ADV	ADV	ADV	ADV	_
33	13	an	APPR	APPR	APPR	APPR	APPR	APPR	_
33	14	die	ART	ART	ART	ART	ART	ART	_
33	15	Menschen	VVFIN	NN	NN	NN	NN	NN	MISMATCH
33	16	die	ART	ART	ART	ART	PRELS	ART	MISMATCH
33	17	an	NE	APPR	APPR	APPR	APPR	APPR	MISMATCH
33	18	Stätten	ADJA	NN	NN	NN	NN	NN	MISMATCH
33	19	sind	NE	VAFIN	VAFIN	VAFIN	VAFIN	VAFIN	MISMATCH
33	20	da	ADV	ADV	ADV	ADV	KOUS	ADV	MISMATCH
33	21	die	ART	ART	ART	ART	ART	ART	_
33	22	Pestilenz	NN	NN	NN	NN	NN	NN	_
33	23	ist	VAFIN	VAFIN	VAFIN	VAFIN	VAFIN	VAFIN	_
33	24	dann	ADV	ADV	ADV	ADV	ADV	ADV	_
33	25	an	NE	APPR	APPR	APPR	APPR	APPR	MISMATCH
33	26	anderen	ADJA	PIS	PIS	PIS	ADJA	PIS	MISMATCH
33	27	Stätten	ADJA	NN	NN	NN	NN	NN	MISMATCH
33	28	hierum	PAV	PAV	PAV	PAV	ADV	PAV	MISMATCH
33	29	wird	VAFIN	VAFIN	VAFIN	VAFIN	VAFIN	VAFIN	_
33	30	da	ADV	ADV	ADV	ADV	ADV	ADV	_
33	31	größer	ADJD	ADJD	ADJD	ADJD	ADJD	ADJA	MISMATCH
33	32	Veränderung	NE	NN	NN	NN	NN	NN	MISMATCH
33	33	der	ART	ART	ART	ART	ART	ART	_
33	34	Luft	NN	NN	NN	NN	NN	NN	_
33	35	in	APPR	APPR	APPR	APPR	APPR	APPR	_
33	36	ihren	ADJA	PPOSAT	PPOSAT	PPOSAT	PPOSAT	PPOSAT	MISMATCH
33	37	Wesen	PWAT	NN	NN	NN	NN	NN	MISMATCH
33	38	und	KON	KON	KON	KON	KON	KON	_
33	39	natürlichen	ADJA	ADJA	ADJA	ADJA	ADJA	ADJA	_
33	40	Widmigkeit	NE	NN	NN	NN	NN	NN	MISMATCH
33	41	oder	KON	KON	KON	KON	KON	KON	_
33	42	Eigenschaft	NN	NN	NN	NN	NN	NN	_
33	43	an	NE	APPR	APPR	APPR	APPR	APPR	MISMATCH
33	44	den	ART	ART	ART	ART	ART	ART	_
33	45	Stätten	ADJA	NN	NN	NN	NN	NN	MISMATCH
33	46	dann	ADV	ADV	ADV	ADV	ADV	ADV	_
33	47	an	APPR	APPR	APPR	APPR	APPR	APPR	_
33	48	anderen	NN	PIS	PIS	PIS	ADJA	PIS	MISMATCH
33	49	Stätten	ADJA	NN	NN	NN	NN	NN	MISMATCH
33	50	item	NN	ADV	ADV	ADV	XY	ADV	MISMATCH
33	51	keinerlei	PIAT	PIS	PIS	PIS	PIS	PIS	MISMATCH
33	52	ist	VAFIN	VAFIN	VAFIN	VAFIN	VAFIN	VAFIN	_
33	53	vergleichen	VVFIN	VVFIN	VVFIN	ADJD	ADJD	VVFIN	MISMATCH
33	54	der	ART	ART	ART	ART	ART	ART	_
33	55	Ätzung	NE	NN	NN	NN	NN	NN	MISMATCH
33	56	dass	KOUS	KOUS	KOUS	KOUS	PRELS	KOUS	MISMATCH
33	57	ich	PPER	PPER	PPER	PPER	PPER	PPER	_
33	58	zu	PTKZU	APPR	APPR	APPR	APPR	APPR	MISMATCH
33	59	tausend	NE	CARD	CARD	CARD	CARD	CARD	MISMATCH
33	60	Mal	NN	NN	NN	NN	NN	NN	_
33	61	in	APPR	APPR	APPR	APPR	APPR	APPR	_
33	62	Erfahrung	NE	NN	NN	NN	NN	NN	MISMATCH
33	63	gemerkt	VVPP	VVPP	VVPP	VVPP	VVPP	VVPP	_
33	64	habe	VAFIN	VAFIN	VAFIN	VAFIN	VAFIN	VAFIN	_
33	65	.	$.	$.	$.	$.	$.	$.	_
33	66	wann	PWAV	PWAV	PWAV	PWAV	PWAV	PWAV	_
33	67	Ätzung	NE	NN	NN	NN	NN	NN	MISMATCH
33	68	treibt	VVFIN	VVFIN	VVFIN	VVFIN	VVPP	VVFIN	MISMATCH
33	69	aus	APPR	APPR	APPR	APPR	PTKVZ	APPR	MISMATCH
33	70	sichtiglich	ADJD	ADJD	ADJD	ADJD	VVPP	ADJD	MISMATCH
33	71	alles	PIAT	PIAT	PIAT	PIAT	PIAT	PIAT	_
33	72	Gift	NN	NN	NN	NN	NN	NN	_
33	73	das	ART	ART	ART	ART	PRELS	ART	MISMATCH
33	74	sich	PRF	PRF	PRF	PRF	PRF	PRF	_
33	75	in	APPR	APPR	APPR	APPR	APPR	APPR	_
33	76	dem	NE	ART	ART	ART	ART	ART	MISMATCH
33	77	Leichnam	NE	NN	NN	NN	NN	NN	MISMATCH
33	78	sammelt	VVFIN	VVFIN	VVFIN	VVFIN	VVFIN	VVFIN	_
33	79	es	PPER	PPER	PPER	PPER	PPER	PPER	_
33	80	kommt	NN	VVFIN	VVFIN	VVFIN	VVFIN	VVFIN	MISMATCH
33	81	wo	PWAV	PWAV	PWAV	PWAV	PWAV	PWAV	_
33	82	von	XY	APPR	APPR	APPR	PTKVZ	APPR	MISMATCH
33	83	es	PPER	PPER	PPER	PPER	PPER	PPER	_
33	84	will	VVIMP	VMFIN	VMFIN	VMFIN	VMFIN	VMFIN	MISMATCH
33	85	darum	NE	PAV	PAV	PAV	PAV	PAV	MISMATCH
33	86	tragt	VVFIN	VVFIN	VVFIN	VVFIN	VVPP	VVFIN	MISMATCH
33	87	die	ART	ART	ART	ART	ART	ART	_
33	88	Ätzung	NE	NN	NN	NN	NN	NN	MISMATCH
33	89	dieweil	ADV	KOUS	ADV	KOUS	ADV	ADV	MISMATCH
33	90	die	ART	ART	ART	ART	ART	ART	_
33	91	Pestilenz	NE	NN	NN	NN	NN	NN	MISMATCH
33	92	währt	ADJD	VVFIN	VVFIN	VVFIN	ADV	VVFIN	MISMATCH
33	93	so	ADV	ADV	ADV	ADV	ADV	ADV	_
33	94	gewird	VVPP	VVFIN	VVFIN	VVFIN	VVPP	VVFIN	MISMATCH
33	95	euch	PPER	PPER	PRF	PPER	PPER	PPER	MISMATCH
33	96	nicht	PTKNEG	PTKNEG	PTKNEG	PTKNEG	PTKNEG	PTKNEG	_
33	97	.	$.	NN	$.	$.	$.	$.	MISMATCH
33	98	mit	APPR	APPR	APPR	APPR	APPR	APPR	_
33	99	Gottes	NN	NN	NN	NN	NN	NN	_
33	100	Hilfe	VVIMP	NN	NN	NN	NN	NN	MISMATCH
33	101	.	$.	$.	$.	$.	$.	$.	_
34	1	die	ART	ART	ART	ART	ART	ART	_
34	2	Pestilenz	NN	NN	NN	NN	NN	NN	_
34	3	zu	PTKZU	PTKZU	PTKZU	PTKZU	PTKZU	PTKZU	_
34	4	heilen	VVINF	VVINF	VVINF	VVINF	VVPP	VVINF	MISMATCH
34	5	ob	KOUS	KOUS	KOUS	KOUS	KOUS	KOUS	_
34	6	ihr	PPOSAT	PPER	PPER	PPER	PPER	PPER	MISMATCH
34	7	euch	PPER	PRF	PRF	PRF	PPER	PRF	MISMATCH
34	8	nicht	PTKNEG	PTKNEG	PTKNEG	PTKNEG	PTKNEG	PTKNEG	_
34	9	des	ART	ART	ART	ART	ART	ART	_
34	10	Regiments	NE	NN	NN	NN	NN	NN	MISMATCH
34	11	durch	APPR	APPR	APPR	APPR	APPR	APPR	_
34	12	Versäumlichkeit	NE	NN	NN	NN	VVPP	NN	MISMATCH
34	13	recht	ADJD	ADJD	ADJD	ADJD	NN	ADJD	MISMATCH
34	14	gebraucht	VVPP	VVPP	VVPP	VVPP	VVPP	VVPP	_
34	15	hat	VAFIN	VAFIN	VAFIN	VAFIN	VAFIN	VAFIN	_
34	16	.	$.	$.	$.	$.	$.	$.	_
35	1	wie	KOKOM	KOUS	KOUS	KOUS	PWAV	KOUS	MISMATCH
35	2	ihr	PPOSAT	PPER	PPER	PPER	PPER	PPER	MISMATCH
35	3	der	ART	ART	ART	ART	PDS	ART	MISMATCH
35	4	las	VVIMP	ADJD	VVFIN	ADJD	VVINF	NE	MISMATCH
35	5	werdet	VAFIN	VAFIN	VAFIN	VAFIN	VAFIN	VAFIN	_
35	6	/	$(	$(	$(	$(	$(	$(	_
35	7	alsbald	KOKOM	ADV	VVFIN	ADV	VVFIN	ADV	MISMATCH
35	8	ihr	PPOSAT	PPER	PPOSAT	PPER	PPER	PPER	MISMATCH
35	9	etwas	PIS	PIAT	PIAT	PIAT	PIAT	PIAT	MISMATCH
35	10	Arges	NN	NN	NN	NN	VVFIN	NN	MISMATCH
35	11	empfindet	NE	VVFIN	VVFIN	VVFIN	VVFIN	VVFIN	MISMATCH
35	12	es	PPER	PPER	PPER	PPER	PPER	PPER	_
35	13	sei	VAFIN	VAFIN	VAFIN	VAFIN	VAFIN	VAFIN	_
35	14	Tag	NN	NN	NN	NN	NN	NN	_
35	15	oder	KON	KON	KON	KON	KON	KON	_
35	16	Nacht	NN	NN	NN	NN	NN	NN	_
35	17	.	$.	$.	$.	$.	$.	$.	_
35	18	so	ADV	ADV	ADV	ADV	ADV	ADV	_
35	19	nehmt	NE	VVFIN	VVFIN	VVFIN	VVFIN	VVFIN	MISMATCH
35	20	von	XY	APPR	APPR	APPR	APPR	APPR	MISMATCH
35	21	Stunde	ADJD	NN	NN	NN	NN	NN	MISMATCH
35	22	an	APPR	APPR	APPR	APPR	APZR	APPR	MISMATCH
35	23	ein	XY	ART	ART	ART	ART	ART	MISMATCH
35	24	Löffel	VVIMP	NN	NN	NN	NN	NN	MISMATCH
35	25	voll	ADJD	ADJD	ADJD	ADJD	APPR	ADJD	MISMATCH
35	26	des	ART	ART	ART	ART	ART	ART	_
35	27	Pulvers	NN	NN	NN	NN	NN	NN	_
35	28	.	$.	$.	$.	$.	$.	$.	_
36	1	als	KOKOM	KOKOM	KOKOM	KOKOM	APPR	KOKOM	MISMATCH
36	2	von	XY	APPR	APPR	APPR	APPR	APPR	MISMATCH
36	3	Diptam	NE	NE	NE	NN	NE	NN	MISMATCH
36	4	.	$.	$.	$.	NE	$.	$.	MISMATCH
36	5	Bibenelle	NN	NE	NE	NE	NE	NE	MISMATCH
36	6	.	$.	$.	$.	$.	$.	$.	_
36	7	Tormentille	NE	NE	NE	NE	NN	NE	MISMATCH
36	8	.	$.	$.	$.	$.	$.	$.	_
36	9	bollo	NE	NE	NE	NE	FM	NE	MISMATCH
36	10	armeno	NE	NE	NE	ADJA	NE	NE	MISMATCH
36	11	.	$.	NE	$.	ADJA	$.	$.	MISMATCH
36	12	terra	NE	NE	NE	NN	FM	NE	MISMATCH
36	13	ſigilata	NE	NN	ADJA	NN	$(	NN	MISMATCH
36	14	.	$.	NN	$.	NN	$.	$.	MISMATCH
36	15	mit	APPR	APPR	APPR	APPR	APPR	APPR	_
36	16	Wein	NN	NN	NN	NN	NN	NN	_
36	17	und	KON	KON	KON	KON	KON	KON	_
36	18	mit	APPR	APPR	APPR	APPR	APPR	APPR	_
36	19	Wasser	VVIMP	NN	NN	NN	NN	NN	MISMATCH
36	20	aus	APPR	APPR	APPR	APPR	APPR	APPR	_
36	21	Tormentillen	NE	NN	NN	NN	NN	NN	MISMATCH
36	22	wurtzel	NN	ADJD	ADJD	ADJD	NN	NN	MISMATCH
36	23	de­s­til­lie­rt	NE	NE	VVPP	VVPP	VVPP	VVFIN	MISMATCH
36	24	¶	$(	XY	NN	XY	$(	NN	MISMATCH
36	25	von	NE	APPR	APPR	APPR	APPR	APPR	MISMATCH
36	26	diesem	PDAT	PDAT	PDAT	PDAT	PDAT	PDAT	_
36	27	Pulver	VVIMP	NN	NN	NN	NN	NN	MISMATCH
36	28	sag	VVIMP	VVIMP	VVIMP	VVIMP	VVFIN	VVIMP	MISMATCH
36	29	ich	PPER	PPER	PPER	PPER	PPER	PPER	_
36	30	dass	KOUS	KOUS	KOUS	KOUS	KOUS	KOUS	_
36	31	ich	PPER	PPER	PPER	PPER	PPER	PPER	_
36	32	hundert	VVFIN	CARD	CARD	CARD	CARD	CARD	MISMATCH
36	33	Mal	NN	NN	NN	NN	NN	NN	_
36	34	bewährt	VVPP	VVPP	VVPP	VVPP	VVPP	VVPP	_
36	35	habe	VAFIN	VAFIN	VAFIN	VAFIN	VAFIN	VAFIN	_
36	36	dass	KOUS	KOUS	KOUS	KOUS	KOUS	KOUS	_
36	37	ein	ART	ART	ART	ART	ART	ART	_
36	38	itzlich	NE	ADJD	ADJD	ADJD	ADJD	ADJD	MISMATCH
36	39	dieser	PDAT	PDAT	PDAT	PDAT	PDAT	PDAT	_
36	40	Wurz	NN	NN	NN	NN	NN	NN	_
36	41	für	APPR	APPR	APPR	APPR	APPR	APPR	_
36	42	sich	PRF	PRF	PRF	PRF	PRF	PRF	_
36	43	selbst	ADJD	ADV	ADV	ADV	ADV	ADV	MISMATCH
36	44	die	ART	ART	ART	ART	ART	ART	_
36	45	Gift	NN	NN	NN	NN	NN	NN	_
36	46	vertreibt	NE	VVFIN	VVFIN	VVFIN	VVPP	VVFIN	MISMATCH
36	47	es	PPER	PPER	PPER	PPER	PPER	PPER	_
36	48	kommt	NE	VVFIN	VVFIN	VVFIN	VVFIN	VVFIN	MISMATCH
36	49	von	XY	APPR	APPR	APPR	APPR	APPR	MISMATCH
36	50	Tier	NN	NN	NN	NN	NN	NN	_
36	51	Biss	VVIMP	NN	NN	NN	NN	NN	MISMATCH
36	52	oder	KON	KON	KON	KON	KON	KON	_
36	53	Schlangen	VVFIN	NN	NN	NN	NN	NN	MISMATCH
36	54	.	$.	$.	$.	$.	$.	$.	_
36	55	wann	PWAV	PWAV	PWAV	PWAV	PWAV	PWAV	_
36	56	zu	PTKZU	APPR	APPR	APPR	APPR	APPR	MISMATCH
36	57	Hand	VAFIN	NN	NN	NN	NN	NN	MISMATCH
36	58	mit	APPR	APPR	APPR	APPR	APPR	APPR	_
36	59	Gewalt	NN	NN	NN	NN	NN	NN	_
36	60	so	ADV	ADV	ADV	ADV	ADV	ADV	_
36	61	treibt	VVFIN	VVFIN	VVFIN	VVFIN	VVPP	VVFIN	MISMATCH
36	62	es	PPER	PPER	PPER	PPER	PPER	PPER	_
36	63	das	KOUS	ART	ART	ART	ART	ART	MISMATCH
36	64	Gift	NN	NN	NN	NN	NN	NN	_
36	65	aus	APPR	APPR	APPR	APPR	PTKVZ	APPR	MISMATCH
36	66	mit	APPR	APPR	APPR	APPR	APPR	APPR	_
36	67	dem	NE	ART	ART	ART	ART	ART	MISMATCH
36	68	Blut	NN	NN	NN	NN	NN	NN	_
36	69	darum	PAV	PAV	PAV	PAV	PAV	PAV	_
36	70	als	KOKOM	KOKOM	KOKOM	KOKOM	KOUS	KOKOM	MISMATCH
36	71	bald	VVFIN	ADV	ADV	ADV	ADV	ADV	MISMATCH
36	72	man	NE	PIS	PIS	PIS	PIS	PIS	MISMATCH
36	73	dieses	NE	PDAT	PDAT	PDAT	PDAT	PDAT	MISMATCH
36	74	Pulver	VVIMP	NN	NN	NN	NN	NN	MISMATCH
36	75	nimmt	NE	VVFIN	VVFIN	VVFIN	VVPP	VVFIN	MISMATCH
36	76	soll	VMFIN	VMFIN	VMFIN	VMFIN	VMFIN	VMFIN	_
36	77	man	NE	PIS	PIS	PIS	PIS	PIS	MISMATCH
36	78	zu	PTKZU	APPR	APPR	APPR	APPR	APPR	MISMATCH
36	79	der	XY	ART	ART	ART	ART	ART	MISMATCH
36	80	Ader	VVINF	NN	NN	NN	NN	NN	MISMATCH
36	81	lassen	VVFIN	VVINF	VVINF	VVINF	VVPP	VVINF	MISMATCH
36	82	und	KON	KON	KON	KON	KON	KON	_
36	83	dieser	PDAT	PDS	PDS	PDS	PDS	PDAT	MISMATCH
36	84	lassen	VVINF	VVFIN	VVINF	VVINF	VVINF	VVINF	MISMATCH
36	85	gehen	VVFIN	VVINF	VVINF	ADJA	VVPP	VVINF	MISMATCH
36	86	.	$.	$.	$.	$.	$.	$.	_
36	87	an	NE	APPR	APPR	APPR	APPR	APPR	MISMATCH
36	88	der	ART	ART	ART	ART	ART	ART	_
36	89	Ader	VVINF	NN	NN	NN	NN	NN	MISMATCH
36	90	die	ART	ART	ART	ART	PRELS	ART	MISMATCH
36	91	all	PIAT	ADJA	PIAT	PIS	ADV	PIAT	MISMATCH
36	92	nächst	APPR	ADJD	ADJD	ADJD	ADV	APPR	MISMATCH
36	93	ist	VAFIN	VAFIN	VAFIN	VAFIN	VAFIN	VAFIN	_
36	94	der	ART	ART	ART	ART	ART	ART	_
36	95	Stätte	NE	NN	NN	NN	NN	NN	MISMATCH
36	96	da	ADV	ADV	ADV	ADV	KOUS	ADV	MISMATCH
36	97	der	ART	ART	ART	ART	ART	ART	_
36	98	Beulen	VVIMP	NN	NN	NN	NN	NN	MISMATCH
36	99	oder	KON	KON	KON	KON	KON	KON	_
36	100	Pestilenz	NN	NN	NN	NN	NN	NN	_
36	101	ist	VAFIN	VAFIN	VAFIN	VAFIN	VAFIN	VAFIN	_
36	102	.	$.	$.	$.	$.	$.	$.	_
37	1	sieht	NN	VVFIN	VVFIN	VVFIN	VVFIN	VVFIN	MISMATCH
37	2	man	NE	PIS	PIS	PIS	PIS	PIS	MISMATCH
37	3	keine	NE	PIAT	PIAT	PIAT	PIAT	PIAT	MISMATCH
37	4	Beulen	VVIMP	NN	NN	NN	NN	NN	MISMATCH
37	5	oder	KON	KON	KON	KON	KON	KON	_
37	6	Schwäre	ADJD	NN	NN	NN	NN	NN	MISMATCH
37	7	.	$.	$.	$.	$.	$.	$.	_
38	1	besonder	VVIMP	ADV	ADJD	ADJD	ADV	VVFIN	MISMATCH
38	2	ein	ART	ART	ART	ART	ART	ART	_
38	3	Hitze	NE	NN	NN	NN	NN	NN	MISMATCH
38	4	mit	APPR	APPR	APPR	APPR	APPR	APPR	_
38	5	Kälte	VVFIN	NN	NN	NN	NN	NN	MISMATCH
38	6	und	KON	KON	KON	KON	KON	KON	_
38	7	Zittern	VVIMP	NN	NN	NN	NN	NN	MISMATCH
38	8	.	$.	$.	$.	$.	$.	$.	_
39	1	und	KON	KON	KON	KON	KON	KON	_
39	2	die	ART	ART	ART	ART	ART	ART	_
39	3	Glieder	NN	NN	NN	NN	NN	NN	_
39	4	werden	VAINF	VAFIN	VAFIN	VAFIN	VAFIN	VAFIN	MISMATCH
39	5	schwer	ADJD	ADJD	ADJD	ADJD	ADJD	ADJD	_
39	6	und	KON	KON	KON	KON	KON	KON	_
39	7	dem	NE	ART	ART	ART	ART	ART	MISMATCH
39	8	Menschen	NN	NN	NN	NN	NN	NN	_
39	9	schläfert	VVFIN	VVFIN	VVFIN	VVFIN	VVFIN	VVFIN	_
39	10	.	$.	$.	$.	$.	$.	$.	_
40	1	so	ADV	ADV	ADV	ADV	ADV	ADV	_
40	2	nehmt	VVFIN	VVFIN	VVFIN	VVFIN	ADV	VVFIN	MISMATCH
40	3	das	ART	ART	ART	ART	ART	ART	_
40	4	vorgeschriebene	VVPP	ADJA	ADJA	ADJA	ADV	ADJA	MISMATCH
40	5	Pulver	VVIMP	NN	NN	NN	NN	NN	MISMATCH
40	6	in	APPR	APPR	APPR	APPR	APPR	APPR	_
40	7	Maßen	VVFIN	NN	NN	NN	NN	NN	MISMATCH
40	8	wie	KOKOM	KOKOM	KOKOM	KOKOM	KOKOM	KOKOM	_
40	9	vor	APPR	ADV	ADV	ADV	ADV	ADV	MISMATCH
40	10	berührt	VVFIN	VVPP	VVPP	VVPP	VVPP	VVPP	MISMATCH
40	11	ist	VAFIN	VAFIN	VAFIN	VAFIN	VAFIN	VAFIN	_
40	12	und	KON	KON	KON	KON	KON	KON	_
40	13	von	APPR	APPR	APPR	APPR	APPR	APPR	_
40	14	Stunde	VVFIN	NN	NN	NN	NN	NN	MISMATCH
40	15	an	APPR	APZR	APZR	APZR	APZR	APPR	MISMATCH
40	16	lasse	VVFIN	VVFIN	VVFIN	VVFIN	VVFIN	VVFIN	_
40	17	man	PIS	PIS	PIS	PIS	PIS	PIS	_
40	18	die	ART	ART	ART	ART	ART	ART	_
40	19	Medianadern	NN	NN	NN	NN	NN	NN	_
40	20	und	KON	KON	KON	KON	KON	KON	_
40	21	über	APPR	APPR	APPR	APPR	ADV	APPR	MISMATCH
40	22	eine	ART	ART	ART	ART	ART	ART	_
40	23	Stunde	VVFIN	NN	NN	NN	NN	NN	MISMATCH
40	24	lasse	VVFIN	VVFIN	VVFIN	VVFIN	VVFIN	VVFIN	_
40	25	man	PIS	PIS	PIS	PIS	PIS	PIS	_
40	26	an­der­wärts	NE	ADV	ADV	ADV	ADV	ADV	MISMATCH
40	27	ist	VAFIN	VAFIN	VAFIN	VAFIN	VAFIN	VAFIN	_
40	28	anders	ADV	ADV	ADV	ADV	ADV	ADV	_
40	29	die	ART	ART	ART	ART	ART	ART	_
40	30	Natur	NN	NN	NN	NN	NN	NN	_
40	31	so	ADV	ADV	ADV	ADV	ADV	ADV	_
40	32	kräftig	ADJD	ADJD	ADJD	ADJD	ADJD	ADJD	_
40	33	dass	ART	KOUS	KOUS	KOUS	KOUS	KOUS	MISMATCH
40	34	sie	PPER	PPER	PPER	PPER	PPER	PPER	_
40	35	das	ART	ART	ART	ART	ART	ART	_
40	36	Lassen	VVINF	NN	NN	NN	NN	NN	MISMATCH
40	37	geleiden	VVINF	VVINF	VVINF	VVINF	ADV	VVINF	MISMATCH
40	38	mag	VMFIN	VMFIN	VMFIN	VMFIN	VMFIN	VMFIN	_
40	39	merkt	VVFIN	VVFIN	VVFIN	VVFIN	VVFIN	VVFIN	_
40	40	eben	ADV	ADV	ADV	ADV	ADV	ADV	_
40	41	dass	ART	KOUS	KOUS	KOUS	KOUS	KOUS	MISMATCH
40	42	man	NE	PIS	PIS	PIS	PIS	PIS	MISMATCH
40	43	viel	ADV	ADV	ADV	ADV	PIS	ADV	MISMATCH
40	44	auf	APPR	APPR	APPR	APPR	APPR	APPR	_
40	45	ein	ART	ART	ART	ART	ART	ART	_
40	46	Mal	NN	NN	NN	NN	NN	NN	_
40	47	lassen	VVFIN	VVINF	VVINF	VVINF	ADV	VVINF	MISMATCH
40	48	soll	NE	VMFIN	VMFIN	VMFIN	VMFIN	VMFIN	MISMATCH
40	49	also	ADV	ADV	ADV	ADV	ADV	ADV	_
40	50	dass	ART	KOUS	KOUS	KOUS	KOUS	KOUS	MISMATCH
40	51	ein	ART	ART	ART	ART	ART	ART	_
40	52	Pfund	NN	NN	NN	NN	NN	NN	_
40	53	Bluts	NN	NN	NN	NN	NN	NN	_
40	54	gelassen	NN	VVPP	VVPP	VVPP	ADV	VVPP	MISMATCH
40	55	werde	VAFIN	VAFIN	VAFIN	VAFIN	VAFIN	VAFIN	_
40	56	.	$.	$.	$.	$.	$.	$.	_
40	57	wann	PWAV	PWAV	PWAV	PWAV	PWAV	PWAV	_
40	58	wenig	PIS	PIAT	PIAT	PIAT	PIAT	PIAT	MISMATCH
40	59	Bluts	NN	NN	NN	NN	NN	NN	_
40	60	lassen	VVINF	VVINF	VVINF	VVINF	VVINF	VVINF	_
40	61	ist	VAFIN	VAFIN	VAFIN	VAFIN	VAFIN	VAFIN	_
40	62	schädlicher	ADJA	ADJD	ADJD	ADJD	ADV	ADJD	MISMATCH
40	63	dann	ADV	ADV	ADV	ADV	ADV	ADV	_
40	64	dass	ART	KOUS	KOUS	KOUS	KOUS	KOUS	MISMATCH
40	65	man	PIS	PIS	PIS	PIS	PIS	PIS	_
40	66	nicht	PTKNEG	PTKNEG	PTKNEG	PTKNEG	PTKNEG	PTKNEG	_
40	67	ließ	VVFIN	VVFIN	VVFIN	VVFIN	VVFIN	VVFIN	_
40	68	und	KON	KON	KON	KON	KON	KON	_
40	69	tötet	VVFIN	VVFIN	VVFIN	VVFIN	ADJD	VVFIN	MISMATCH
40	70	mehr	ADV	ADV	ADV	ADV	ADV	ADV	_
40	71	dann	ADV	ADV	ADV	ADV	ADV	ADV	_
40	72	sie	PPER	PPER	PPER	PPER	PPER	PPER	_
40	73	gesund	ADJD	ADJD	ADJD	ADJD	ADJD	ADJD	_
40	74	macht	VVFIN	VVFIN	VVFIN	VVFIN	VVFIN	VVFIN	_
40	75	und	KON	KON	KON	KON	KON	KON	_
40	76	das	ART	PDS	PDS	PDS	PDS	PDS	MISMATCH
40	77	sehen	VVFIN	VVFIN	VVFIN	VVFIN	VVFIN	VVFIN	_
40	78	wir	PPER	PPER	PPER	PPER	PPER	PPER	_
40	79	vor	APPR	APPR	APPR	APPR	APPR	APPR	_
40	80	Augen	NN	NN	NN	NN	NN	NN	_
40	81	wann	PWAV	PWAV	PWAV	PWAV	PWAV	PWAV	_
40	82	alle	PIAT	PIS	PIS	PIS	PIS	PIS	MISMATCH
40	83	die	ART	ART	ART	ART	ART	ART	_
40	84	Pestilenz	NE	NN	NN	NN	NN	NN	MISMATCH
40	85	an	APPR	PTKVZ	PTKVZ	PTKVZ	PTKVZ	PTKVZ	MISMATCH
40	86	stößt	VVFIN	VVFIN	VVFIN	VVFIN	VVINF	VVFIN	MISMATCH
40	87	lassen	VVINF	VVFIN	VVFIN	VVFIN	VVFIN	VVINF	MISMATCH
40	88	zu	PTKZU	APPR	APPR	APPR	APPR	APPR	MISMATCH
40	89	der	ART	ART	ART	ART	ART	ART	_
40	90	Ader	VVINF	NN	NN	NN	NN	NN	MISMATCH
40	91	.	$.	$.	$.	$.	$.	$.	_
41	1	aber	KON	ADV	KON	ADV	KON	KON	MISMATCH
41	2	nach	APPR	APPR	APPR	APPR	APPR	APPR	_
41	3	aller	PIAT	PIAT	PIAT	PIAT	PIAT	PIAT	_
41	4	Gewohnheit	NN	NN	NN	NN	NN	NN	_
41	5	lassen	VVINF	VVFIN	VVFIN	VVFIN	VVFIN	VVFIN	MISMATCH
41	6	sie	PPER	PPER	PPER	PPER	PPER	PPER	_
41	7	wenig	PIS	PIAT	PIAT	PIAT	PIAT	PIAT	MISMATCH
41	8	Bluts	NN	NN	NN	NN	NN	NN	_
41	9	gehen	APPR	VVINF	VVINF	VVINF	NN	VVINF	MISMATCH
41	10	und	KON	KON	KON	KON	KON	KON	_
41	11	sterben	VVINF	VVFIN	VVFIN	VVFIN	VVFIN	VVFIN	MISMATCH
41	12	sonder	NN	ADJD	KON	ADJD	ADV	VVIMP	MISMATCH
41	13	in	APPR	APPR	APPR	APPR	APPR	APPR	_
41	14	der	ART	ART	ART	ART	ART	ART	_
41	15	großen	ADJA	ADJA	ADJA	ADJA	ADJA	ADJA	_
41	16	Aderlassung	NE	NN	NN	NN	NN	NN	MISMATCH
41	17	so	ADV	ADV	ADV	ADV	ADV	ADV	_
41	18	man	NE	PIS	PIS	PIS	PIS	PIS	MISMATCH
41	19	viel	ADV	PIAT	PIAT	PIAT	PIAT	PIAT	MISMATCH
41	20	Bluts	NN	NN	NN	NN	NN	NN	_
41	21	auf	APPR	APPR	APPR	APPR	APPR	APPR	_
41	22	ein	ART	ART	ART	ART	ART	ART	_
41	23	Mal	NN	NN	NN	NN	NN	NN	_
41	24	lässt	VVIMP	VVFIN	VVFIN	VVFIN	VVFIN	VVFIN	MISMATCH
41	25	gehen	APPR	VVINF	VVINF	VVINF	NN	VVINF	MISMATCH
41	26	.	$.	$.	$.	$.	$.	$.	_
42	1	ist	VAFIN	VAFIN	VAFIN	VAFIN	VAFIN	VAFIN	_
42	2	anders	ADV	ADV	ADV	ADV	ADV	ADV	_
42	3	wann	PWAV	PWAV	PWAV	PWAV	PWAV	PWAV	_
42	4	das	ART	ART	ART	ART	ART	ART	_
42	5	Vergift	NE	NN	NN	NN	VVFIN	NN	MISMATCH
42	6	geht	VVFIN	VVFIN	VVFIN	VVFIN	VVFIN	VVFIN	_
42	7	mit	APPR	APPR	APPR	APPR	APPR	APPR	_
42	8	dem	ART	ART	ART	ART	ART	ART	_
42	9	Blut	NN	NN	NN	NN	NN	NN	_
42	10	.	$.	$.	$.	$.	$.	$.	_
42	11	und	KON	KON	KON	KON	KON	KON	_
42	12	der	ART	ART	ART	ART	ART	ART	_
42	13	Mensch	NN	NN	NN	NN	NN	NN	_
42	14	genest	NN	VVPP	VVFIN	VVPP	VVFIN	VVFIN	MISMATCH
42	15	und	KON	KON	KON	KON	KON	KON	_
42	16	ist	VAFIN	VAFIN	VAFIN	VAFIN	VAFIN	VAFIN	_
42	17	die	ART	ART	ART	ART	ART	ART	_
42	18	Ursache	NE	NN	NN	NN	NN	NN	MISMATCH
42	19	so	ADV	ADV	ADV	ADV	ADV	ADV	_
42	20	die	ART	ART	ART	ART	ART	ART	_
42	21	Ader	VVIMP	NN	NN	NN	NN	NN	MISMATCH
42	22	geschlagen	VVPP	VVPP	VVPP	VVPP	VVFIN	VVPP	MISMATCH
42	23	wird	VAFIN	VAFIN	VAFIN	VAFIN	VAFIN	VAFIN	_
42	24	und	KON	KON	KON	KON	KON	KON	_
42	25	das	ART	ART	ART	ART	ART	ART	_
42	26	Blut	NN	NN	NN	NN	NN	NN	_
42	27	beginnt	VVFIN	VVFIN	VVFIN	VVFIN	VVFIN	VVFIN	_
42	28	zu	PTKZU	PTKZU	PTKZU	PTKZU	PTKZU	PTKZU	_
42	29	laufen	VVFIN	VVINF	VVINF	VVINF	VVFIN	VVINF	MISMATCH
42	30	.	$.	$.	$.	$.	$.	$.	_
43	1	so	ADV	ADV	ADV	ADV	ADV	ADV	_
43	2	wird	VAFIN	VAFIN	VAFIN	VAFIN	VAFIN	VAFIN	_
43	3	zu	PTKZU	APPR	APPR	APPR	APPR	APPR	MISMATCH
43	4	Hand	VAFIN	NN	NN	NN	NN	NN	MISMATCH
43	5	ein	ART	ART	ART	ART	ART	ART	_
43	6	große	ADJA	ADJA	ADJA	ADJA	ADJA	ADJA	_
43	7	Bewegung	NN	NN	NN	NN	NN	NN	_
43	8	des	ART	ART	ART	ART	ART	ART	_
43	9	Geblüts	NN	NN	NN	NN	NN	NN	_
43	10	und	KON	KON	KON	KON	KON	KON	_
43	11	der	ART	ART	ART	ART	ART	ART	_
43	12	anderen	ADJA	PIAT	PIAT	PIS	ADJA	PIAT	MISMATCH
43	13	Feuchtigkeit	NN	NN	NN	NN	NN	NN	_
43	14	des	ART	ART	ART	ART	ART	ART	_
43	15	Leichnams	NN	NN	NN	NN	NN	NN	_
43	16	und	KON	KON	KON	KON	KON	KON	_
43	17	aus	APPR	APPR	APPR	APPR	APPR	APPR	_
43	18	der	ART	ART	ART	ART	ART	ART	_
43	19	Bewegung	NN	NN	NN	NN	NN	NN	_
43	20	der	ART	ART	ART	ART	ART	ART	_
43	21	vergiftigen	NE	ADJA	ADJA	ADJA	ADJA	ADJA	MISMATCH
43	22	Bradem	NN	NN	NE	NN	NN	NN	MISMATCH
43	23	steigt	VVFIN	VVFIN	VVFIN	VVFIN	VVPP	VVFIN	MISMATCH
43	24	auf	APPR	APPR	APPR	APPR	PTKVZ	APPR	MISMATCH
43	25	zu	PTKZU	APPR	APPR	APPR	APPR	APPR	MISMATCH
43	26	dem	ART	ART	ART	ART	ART	ART	_
43	27	Herzen	NN	NN	NN	NN	NN	NN	_
43	28	und	KON	KON	KON	KON	KON	KON	_
43	29	zu	PTKZU	APPR	APPR	APPR	APPR	APPR	MISMATCH
43	30	den	ART	ART	ART	ART	ART	ART	_
43	31	vorgenehmsten	ADJA	ADJA	ADJA	ADJA	ADJA	ADJA	_
43	32	Gliedern	NN	NN	NN	NN	NN	NN	_
43	33	und	KON	KON	KON	KON	KON	KON	_
43	34	mag	VMFIN	VMFIN	VMFIN	VMFIN	VMFIN	VMFIN	_
43	35	nicht	PTKNEG	PTKNEG	PTKNEG	PTKNEG	PTKNEG	PTKNEG	_
43	36	sobald	KOUS	KOUS	KOUS	KOUS	KOUS	KOUS	_
43	37	die	ART	ART	ART	ART	ART	ART	_
43	38	vergifteten	NE	ADJA	ADJA	ADJA	ADJA	ADJA	MISMATCH
43	39	Materien	NN	NN	NN	NN	NN	NN	_
43	40	ausgetrieben	VVPP	VVPP	VVPP	VVPP	VVPP	VVPP	_
43	41	werden	VAFIN	VAINF	VAINF	VAINF	VAFIN	VAINF	MISMATCH
43	42	.	$.	$.	$.	$.	$.	$.	_
43	43	und	KON	KON	KON	KON	KON	KON	_
43	44	so	ADV	ADV	ADV	ADV	ADV	ADV	_
43	45	die	ART	ART	ART	ART	ART	ART	_
43	46	Ader	VVIMP	NN	NN	NN	NN	NN	MISMATCH
43	47	zu	PTKZU	PTKVZ	PTKVZ	PTKA	ADV	PTKA	MISMATCH
43	48	getan	VVPP	VVPP	VVPP	VVPP	VVPP	VVPP	_
43	49	wird	VAFIN	VAFIN	VAFIN	VAFIN	VAFIN	VAFIN	_
43	50	eh	ADV	ADV	ADV	ADV	KOUS	ADV	MISMATCH
43	51	die	ART	ART	ART	ART	ART	ART	_
43	52	vergiftige	NE	ADJA	ADJA	ADJA	ADJA	ADJA	MISMATCH
43	53	Materie	NN	NN	NN	NN	NN	NN	_
43	54	gänzlich	NE	ADJD	ADJD	ADJD	ADJD	ADJD	MISMATCH
43	55	ausgetrieben	VVPP	VVPP	VVPP	VVPP	VVPP	VVPP	_
43	56	wird	VAFIN	VAFIN	VAFIN	VAFIN	VAFIN	VAFIN	_
43	57	so	ADV	ADV	ADV	ADV	ADV	ADV	_
43	58	läuft	VVFIN	VVFIN	VVFIN	VVFIN	VVPP	VVFIN	MISMATCH
43	59	der	ART	ART	ART	ART	ART	ART	_
43	60	vergiftige	ADJD	ADJA	ADJA	ADJA	ADJA	ADJA	MISMATCH
43	61	Bradem	NE	NN	NE	NN	NN	NN	MISMATCH
43	62	bald	VVFIN	ADV	ADV	ADV	ADV	ADV	MISMATCH
43	63	zu	PTKZU	APPR	APPR	APPR	APPR	APPR	MISMATCH
43	64	dem	ART	ART	ART	ART	ART	ART	_
43	65	Herzen	NN	NN	NN	NN	NN	NN	_
43	66	und	KON	KON	KON	KON	KON	KON	_
43	67	schnell	ADJD	ADJD	ADJD	ADJD	ADJD	ADJD	_
43	68	tötet	VVFIN	VVFIN	VVFIN	VVFIN	VVFIN	VVFIN	_
43	69	das	ART	PDS	PDS	PDS	PDS	PDS	MISMATCH
43	70	.	$.	NN	$.	$.	$.	$.	MISMATCH
43	71	so	ADV	ADV	ADV	ADV	ADV	ADV	_
43	72	aber	ADV	ADV	ADV	ADV	ADV	ADV	_
43	73	das	ART	ART	ART	ART	ART	ART	_
43	74	Lassen	VVFIN	NN	NN	NN	NN	NN	MISMATCH
43	75	groß	ADJD	ADJD	ADJD	ADJD	ADJD	ADJD	_
43	76	und	KON	KON	KON	KON	KON	KON	_
43	77	viel	ADV	ADV	ADV	ADV	PIS	ADV	MISMATCH
43	78	ist	VAFIN	VAFIN	VAFIN	VAFIN	VAFIN	VAFIN	_
43	79	.	$.	$.	$.	$.	$.	$.	_
44	1	wie	KOKOM	KOKOM	KOKOM	KOKOM	PWAV	KOKOM	MISMATCH
44	2	wohl	ADV	ADV	ADV	ADV	ADV	ADV	_
44	3	auch	ADV	ADV	ADV	ADV	ADV	ADV	_
44	4	bewegt	VVFIN	VVPP	VVPP	VVPP	VVPP	ADJD	MISMATCH
44	5	wird	VAFIN	VAFIN	VAFIN	VAFIN	VAFIN	VAFIN	_
44	6	die	ART	ART	ART	ART	ART	ART	_
44	7	vergiftige	NE	ADJA	ADJA	ADJA	ADJA	ADJA	MISMATCH
44	8	Materie	NE	NN	NN	NN	NN	NN	MISMATCH
44	9	so	ADV	ADV	ADV	ADV	ADV	ADV	_
44	10	wird	VAFIN	VAFIN	VAFIN	VAFIN	VAFIN	VAFIN	_
44	11	das	ART	ART	ART	ART	ART	ART	_
44	12	Vergift	NN	NN	NN	NN	NN	NN	_
44	13	doch	ADV	ADV	ADV	ADV	ADV	ADV	_
44	14	durch	APPR	APPR	APPR	APPR	APPR	APPR	_
44	15	das	ART	ART	ART	ART	ART	ART	_
44	16	lange	ADV	ADJA	ADJA	ADJA	ADJA	ADJA	MISMATCH
44	17	Laufen	VVFIN	NN	NN	NN	NN	NN	MISMATCH
44	18	der	ART	ART	ART	ART	ART	ART	_
44	19	Adern	VVINF	NN	NN	NN	NN	NN	MISMATCH
44	20	ganz	ADV	ADV	ADV	ADV	ADV	ADV	_
44	21	ausgelegt	VVPP	VVPP	VVPP	VVPP	VVPP	VVPP	_
44	22	und	KON	KON	KON	KON	KON	KON	_
44	23	ob	PTKVZ	KOUS	KOUS	KOUS	KOUS	KOUS	MISMATCH
44	24	je	ADV	APPR	ADV	ADV	ADV	APPR	MISMATCH
44	25	etwas	PIS	PIS	ADV	ADV	PIS	PIS	MISMATCH
44	26	blieb	NE	VVFIN	VVFIN	VVFIN	VVFIN	VVFIN	MISMATCH
44	27	des	ART	ART	ART	ART	ART	ART	_
44	28	Vergifts	NE	NN	NN	NN	NN	NN	MISMATCH
44	29	in	APPR	APPR	APPR	APPR	APPR	APPR	_
44	30	dem	NE	ART	ART	ART	ART	ART	MISMATCH
44	31	Leichnam	NN	NN	NN	NN	NN	NN	_
44	32	.	$.	$.	$.	$.	$.	$.	_
44	33	so	ADV	ADV	ADV	ADV	ADV	ADV	_
44	34	wird	VAFIN	VAFIN	VAFIN	VAFIN	VAFIN	VAFIN	_
44	35	die	ART	ART	ART	ART	ART	ART	_
44	36	Natur	NN	NN	NN	NN	NN	NN	_
44	37	mächtiger	ADJA	ADJD	ADJD	ADJD	VVPP	ADJD	MISMATCH
44	38	und	KON	KON	KON	KON	KON	KON	_
44	39	kräftiger	ADJD	ADJD	ADJD	ADJD	ADJD	ADJD	_
44	40	wider	APPR	APPR	APPR	APPR	APPR	APPR	_
44	41	das	ART	ART	ART	PDS	PDS	ART	MISMATCH
44	42	überblieben	VVFIN	NN	VVFIN	VVPP	VVPP	VVFIN	MISMATCH
44	43	ist	VAFIN	VAFIN	VAFIN	VAFIN	VAFIN	VAFIN	_
44	44	.	$.	$.	$.	$.	$.	$.	_
45	1	und	KON	KON	KON	KON	KON	KON	_
45	2	durch	APPR	APPR	APPR	APPR	APPR	APPR	_
45	3	Hilfe	NN	NN	NN	NN	NN	NN	_
45	4	der	ART	ART	ART	ART	ART	ART	_
45	5	Arznei	NN	NN	NN	NN	NN	NN	_
45	6	wird	VAFIN	VAFIN	VAFIN	VAFIN	VAFIN	VAFIN	_
45	7	der	ART	ART	ART	ART	ART	ART	_
45	8	Natur	NN	NN	NN	NN	NN	NN	_
45	9	Hilfe	NN	VVPP	NN	NN	NN	NN	MISMATCH
45	10	getan	VVPP	VVPP	VVPP	VVPP	VVPP	VVPP	_
45	11	.	$.	$.	$.	$.	$.	$.	_
46	1	¶	$(	XY	XY	XY	$(	XY	MISMATCH
46	2	auch	ADV	ADV	ADV	ADV	ADV	ADV	_
46	3	habe	VAFIN	VAFIN	VAFIN	VAFIN	VAFIN	VAFIN	_
46	4	ich	PPER	PPER	PPER	PPER	PPER	PPER	_
46	5	keinen	PIAT	PIAT	PIS	PIS	PIS	PIS	MISMATCH
46	6	vernommen	NE	VVPP	VVPP	VVPP	VVPP	VVPP	MISMATCH
46	7	der	ART	ART	ART	ART	PRELS	ART	MISMATCH
46	8	sich	PRF	PRF	PRF	PRF	PRF	PRF	_
46	9	nach	APPR	APPR	APPR	APPR	APPR	APPR	_
46	10	obgeschriebener	NE	ADJA	ADJA	ADJA	VVPP	ADJA	MISMATCH
46	11	Arznei	NN	NN	NN	NN	NN	NN	_
46	12	und	KON	KON	KON	KON	KON	KON	_
46	13	Weise	VVFIN	NN	NN	NN	NN	NN	MISMATCH
46	14	gehalten	ADJA	VVPP	VVPP	VVPP	VVPP	VVPP	MISMATCH
46	15	habe	VAFIN	VAFIN	VAFIN	VAFIN	VAFIN	VAFIN	_
46	16	mit	APPR	APPR	APPR	APPR	APPR	APPR	_
46	17	Aderlassen	NN	NN	NN	NN	NN	NN	_
46	18	und	KON	KON	KON	KON	KON	KON	_
46	19	gutem	ADJA	ADJA	ADJA	ADJA	ADJA	ADJA	_
46	20	Regiment	NE	NN	NN	NN	NN	NN	MISMATCH
46	21	.	$.	$.	$.	$.	$.	$.	_
46	22	der	ART	ART	ART	ART	PRELS	ART	MISMATCH
46	23	in	APPR	APPR	APPR	APPR	APPR	APPR	_
46	24	der	ART	ART	ART	ART	ART	ART	_
46	25	Sucht	VVFIN	NN	NN	NN	NN	NN	MISMATCH
46	26	der	ART	ART	ART	ART	ART	ART	_
46	27	Pestilenz	NE	NN	NN	NN	NN	NN	MISMATCH
46	28	gestorben	VVPP	VVPP	VVPP	VVPP	VVPP	VVPP	_
46	29	sei	VAFIN	VAFIN	VAFIN	VAFIN	VAFIN	VAFIN	_
46	30	¶	$(	XY	NN	XY	$(	XY	MISMATCH
46	31	gedruckt	VVPP	VVPP	VVPP	VVPP	VVPP	ADJD	MISMATCH
46	32	zu	PTKZU	APPR	APPR	APPR	APPR	APPR	MISMATCH
46	33	Erfurt	NE	NE	NE	NE	NE	NE	_
46	34	.	$.	$.	$.	$.	$.	$.	_
47	1	von	APPR	APPR	APPR	APPR	APPR	APPR	_
47	2	Hansen	NE	NE	NE	NE	NE	NE	_
47	3	Sporer	NN	NN	NN	NN	NE	NE	MISMATCH
47	4	bei	APPR	APPR	APPR	APPR	APPR	APPR	_
47	5	.	$.	NE	$.	$.	$.	$.	MISMATCH
47	6	Sankt	NE	NE	NE	NE	NE	NE	_
47	8	Veits	NE	NE	NE	NE	NE	NE	_
47	9	Pfarrer	NN	NN	NN	NN	NN	NN	_
47	10	in	APPR	APPR	APPR	APPR	APPR	APPR	_
47	11	??	$.	$.	NN	NN	$.	NN	MISMATCH
48	1	Liiy	FM	NE	ADJA	NE	NE	ADJA	MISMATCH
48	2	.	$.	$.	$.	ADJA	$.	$.	MISMATCH
48	3	Jahr	FM	NN	NN	NN	NN	NN	MISMATCH
48	4	.	$.	$.	$.	$.	$.	$.	_
