SID	TID	TOKEN	POS1	POS2
1	1	eine	ART	ART
1	2	wahrhaftige	NN	ADJA
1	3	Arznei	NN	NN
1	4	.	$.	$.
1	5	und	KON	KON
1	6	Schatz	VVIMP	NN
1	7	des	ART	ART
1	8	Lebens	NN	NN
1	9	.	$.	$.
2	1	wider	APPR	APPR
2	2	die	ART	ART
2	3	schwere	ADJD	ADJA
2	4	und	KON	KON
2	5	schnelle	ADJA	ADJA
2	6	Sucht	VVFIN	NN
2	7	der	ART	ART
2	8	Pestilenz	NN	NN
2	9	.	$.	$.
2	10	bewährt	VVPP	VVFIN
2	11	von	XY	APPR
2	12	vielen	ADV	PIAT
2	13	Doktoren	NE	NN
2	14	der	ART	ART
2	15	Arznei	NN	NN
2	16	.	$.	$.
3	1	die	ART	ART
3	2	Vorrede	VVFIN	NN
3	3	.	$.	$.
4	1	durch	APPR	APPR
4	2	des	ART	ART
4	3	durchlauchtigen	NN	ADJA
4	4	und	KON	KON
4	5	wohlgeborenen	ADJA	ADJA
4	6	Herrn	NN	NN
4	7	.	$.	$.
4	8	Herrn	NN	NN
4	9	von	APPR	APPR
4	10	Linigen	NN	NN
4	11	der	ART	ART
4	12	heiligen	ADJA	ADJA
4	13	Kirchen	NN	NN
4	14	zu	PTKZU	APPR
4	15	Lölen	NE	NE
4	16	Schatzbehalter	NN	NN
4	17	meines	PPOSAT	PPOSAT
4	18	gnädigen	ADJA	ADJA
4	19	und	KON	KON
4	20	großgünstigen	ADJA	ADJA
4	21	Herrn	NN	NN
4	22	sonderliche	ADJA	ADJA
4	23	Gunst	NN	NN
4	24	und	KON	KON
4	25	Liebe	VVFIN	NN
4	26	habe	VAFIN	VAFIN
4	27	ich	PPER	PPER
4	28	.	$.	$.
4	29	N.	NN	NE
4	30	aus	APPR	APPR
4	31	viel	ADV	PIAT
4	32	und	KON	KON
4	33	mancher	NN	PIAT
4	34	Doktoren	NE	NN
4	35	und	KON	KON
4	36	Lehrer	NN	NN
4	37	in	APPR	APPR
4	38	der	ART	ART
4	39	Arznei	NE	NN
4	40	erfahrenen	VVINF	ADJA
4	41	Schriften	NN	NN
4	42	.	$.	$.
4	43	dies	PDS	PDAT
4	44	Büchlein	NN	NN
4	45	ausgezogen	VVPP	VVPP
4	46	und	KON	KON
4	47	zu ſamen	ADV	APPR
4	48	getragen	VVPP	VVPP
4	49	.	$.	$.
4	50	und	KON	KON
4	51	also	ADV	ADV
4	52	seiner	PPOSAT	PPOSAT
4	53	Würdigkeit	NN	NN
4	54	als	KOKOM	KOKOM
4	55	Gold	NN	NN
4	56	über	APPR	APPR
4	57	Gold	NN	NN
4	58	und	KON	KON
4	59	Edelgestein	NN	NN
4	60	geschenkt	VVPP	VVPP
4	61	gar	ADV	ADV
4	62	dienstlich	ADJD	ADJD
4	63	vermahnende	NE	ADJA
4	64	solches	NE	PIAT
4	65	festiglichen	NN	VVFIN
4	66	dem	NE	ART
4	67	Gedächtnis	NE	NN
4	68	zu	PTKZU	PTKZU
4	69	befehlen	NE	VVINF
4	70	.	$.	$.
4	71	wann	PWAV	PWAV
4	72	nicht	PTKNEG	PTKNEG
4	73	anders	ADV	ADV
4	74	in	APPR	APPR
4	75	diesem	PDAT	PDAT
4	76	Büchlein	NN	NN
4	77	beschrieben	VVFIN	VVPP
4	78	ist	VAFIN	VAFIN
4	79	dann	ADV	ADV
4	80	allein	NE	ADV
4	81	was	PWS	PIS
4	82	ich	PPER	PPER
4	83	durch	APPR	APPR
4	84	lange	NN	ADJA
4	85	Erfahrung	NN	NN
4	86	wider	APPR	APPR
4	87	diese	PDAT	PDAT
4	88	Krankheit	NE	NN
4	89	dienende	ADJA	ADJA
4	90	vor	APPR	APPR
4	91	anderen	ADJA	PIS
4	92	erkannt	VVPP	VVPP
4	93	habe	VAFIN	VAFIN
4	94	und	KON	KON
4	95	so	ADV	ADV
4	96	ihr	PPOSAT	PPER
4	97	diese	PDAT	PDAT
4	98	Lehre	VVFIN	NN
4	99	gedächtiglichen	NE	ADJA
4	100	merkt	VVFIN	VVFIN
4	101	und	KON	KON
4	102	behaltet	VVFIN	VVFIN
4	103	gnädiger	ADJA	ADJA
4	104	Herr	NN	NN
4	105	wärt	ADJD	VAFIN
4	106	ihr	PPOSAT	PPER
4	107	keines	PIAT	PIAT
4	108	anderen	ADJA	PIS
4	109	Arztes	NE	NN
4	110	in	APPR	APPR
4	111	dieser	PDAT	PDAT
4	112	Krankheit	NE	NN
4	113	bedürfend	VVPP	ADJD
4	114	.	$.	$.
5	1	sonder	KON	VVIMP
5	2	mit	APPR	APPR
5	3	Hilfe	VVIMP	NN
5	4	Gottes	NN	NN
5	5	des	ART	ART
5	6	Allmächtigen	ADJA	NN
5	7	euer	PPOSAT	PPOSAT
5	8	eigener	VVFIN	ADJA
5	9	Arzt	NN	NN
5	10	.	$.	$.
5	11	Bewahrer	NN	NN
5	12	.	$.	$.
5	13	Regierer	VVFIN	NN
5	14	und	KON	KON
5	15	Enthalter	NN	NN
5	16	sein	VAINF	VAINF
5	17	.	$.	$.
6	1	zum	APPRART	APPRART
6	2	Ersten	ADJA	NN
6	3	zu	PTKZU	APPR
6	4	Auflösung	NN	NN
6	5	etlicher	ADJA	PIAT
6	6	Fragen	VVIMP	NN
6	7	und	KON	KON
6	8	zweifelhaftiger	ADJA	ADJA
6	9	Bekümmernis	NN	NN
6	10	.	$.	$.
7	1	¶	$(	NN
7	2	ist	VAFIN	VAFIN
7	3	zu	PTKZU	PTKZU
7	4	merken	VVIMP	VVINF
7	5	dass	ART	KOUS
7	6	der	ART	ART
7	7	Himmel	NN	NN
7	8	.	$.	$.
8	1	die	ART	ART
8	2	Planeten	NN	NN
8	3	und	KON	KON
8	4	die	ART	ART
8	5	anderen	NN	PIAT
8	6	Gestirne	NN	NN
8	7	durch	APPR	APPR
8	8	ihren	NE	PPOSAT
8	9	Lauf	NN	NN
8	10	.	$.	$.
8	11	Schein	NN	NN
8	12	und	KON	KON
8	13	Einfluss	NN	NN
8	14	diesen	PDAT	PDAT
8	15	untersten	ADJA	ADJA
8	16	unvernünftigen	NE	ADJA
8	17	Kreaturen	NE	NN
8	18	ihre	PPOSAT	PPOSAT
8	19	Wesen	NN	NN
8	20	.	$.	$.
8	21	natur	NN	ADJA
8	22	.	$.	$.
8	23	Wachsung	NN	NN
8	24	.	$.	$.
8	25	Verderbung	NE	NN
8	26	und	KON	KON
8	27	Abnehmung	NE	NN
8	28	geben	VVFIN	VVFIN
8	29	deshalben	ADV	PAV
8	30	sie	PPER	PPER
8	31	Ursache	NE	NN
8	32	geben	VVFIN	VVFIN
8	33	dass	ART	KOUS
8	34	die	ART	ART
8	35	Luft	NN	NN
8	36	verstört	NE	VVPP
8	37	wird	VAFIN	VAFIN
8	38	und	KON	KON
8	39	vergiftet	NE	VVPP
8	40	.	$.	$.
9	1	daraus	PAV	PAV
9	2	Pestilenz	NN	NN
9	3	folgt	VVFIN	VVFIN
9	4	natürlichen	ADJA	ADJA
9	5	.	$.	$.
10	1	sintemal	KOUS	ADV
10	2	durch	APPR	APPR
10	3	den	NE	ART
10	4	Einfluss	NN	NN
10	5	des	ART	ART
10	6	Himmels	NN	NN
10	7	gestreckt	VVPP	VVPP
10	8	und	KON	KON
10	9	gerichtet	NN	VVPP
10	10	er	PPER	PPER
10	11	ein	ART	ART
10	12	Mensch	NN	NN
10	13	anblickt	VVFIN	VVFIN
10	14	und	KON	KON
10	15	gerührt	NE	VVPP
10	16	wird	VAFIN	VAFIN
10	17	dann	ADV	ADV
10	18	das	KOUS	ART
10	19	andere	ADJD	PIS
10	20	.	$.	$.
11	1	und	KON	KON
11	2	mehr	ADV	ADV
11	3	ein	ART	ART
11	4	Land	NE	NN
11	5	und	KON	KON
11	6	Stadt	NE	NN
11	7	dann	ADV	ADV
11	8	die	ART	ART
11	9	anderen	ADJD	PIS
11	10	.	$.	$.
12	1	wie	KOKOM	KOUS
12	2	wohl	ADV	ADV
12	3	sie	PPER	PPER
12	4	oft	ADV	ADV
12	5	einer	ART	ART
12	6	Natur	NN	NN
12	7	oder	NN	KON
12	8	Komplexion	NE	NN
12	9	sind	VAFIN	VAFIN
12	10	hierum	PAV	PAV
12	11	wird	VAFIN	VAFIN
12	12	ein	ART	ART
12	13	Mensch	NE	NN
12	14	eh	ADV	ADV
12	15	und	KON	KON
12	16	mehr	ADV	ADV
12	17	vergiftet	NE	VVPP
12	18	und	KON	KON
12	19	berührt	VVFIN	VVFIN
12	20	mit	APPR	APPR
12	21	der	ART	ART
12	22	Pestilenz	NE	NN
12	23	.	$.	$.
12	24	wann	PWAV	PWAV
12	25	der	ART	ART
12	26	andere	NE	PIS
12	27	auch	ADV	ADV
12	28	regiert	NE	VVFIN
12	29	der	ART	ART
12	30	Pestilenz	NN	NN
12	31	in	APPR	APPR
12	32	einem	ART	ART
12	33	Land	NN	NN
12	34	mehr	ADV	ADV
12	35	dann	ADV	ADV
12	36	in	APPR	APPR
12	37	dem	NE	ART
12	38	anderen	VVINF	PIS
12	39	.	$.	$.
12	40	des	ART	ART
12	41	ich	PPER	PPER
12	42	oft	ADV	ADV
12	43	Anzeigung	NE	NN
12	44	an	APPR	APPR
12	45	Bäumen	VVFIN	NN
12	46	gesehen	VVPP	VVPP
12	47	habe	VAFIN	VAFIN
12	48	.	$.	$.
12	49	so	ADV	ADV
12	50	dass	ART	KOUS
12	51	oft	ADV	ADV
12	52	ein	ART	ART
12	53	Nebel	NN	NN
12	54	oder	KON	KON
12	55	schädlich	ADJD	ADJD
12	56	Luft	NN	NN
12	57	einen	ART	ART
12	58	Baum	NE	NN
12	59	versehrt	VVFIN	VVPP
12	60	und	KON	KON
12	61	vergiftet	NE	VVPP
12	62	hat	VAFIN	VAFIN
12	63	gleich	ADV	ADJD
12	64	als	KOKOM	KOKOM
12	65	die	ART	ART
12	66	Blätter	NE	NN
12	67	verbrannt	NE	VVPP
12	68	wären	VAFIN	VAFIN
12	69	und	KON	KON
12	70	doch	ADV	ADV
12	71	den	NE	ART
12	72	anderen	ADJA	PIAT
12	73	Bäumen	VVFIN	NN
12	74	derselben	PDAT	PDAT
12	75	Natur	NN	NN
12	76	und	KON	KON
12	77	Geschlecht	NN	NN
12	78	ganz	NN	ADV
12	79	unversehrt	ADJD	ADJD
12	80	und	KON	KON
12	81	unverbrannt	NE	ADJD
12	82	gelassen	VVPP	VVPP
12	83	aus	APPR	APPR
12	84	dem	NE	PDS
12	85	folgt	VVFIN	VVFIN
12	86	dass	ART	KOUS
12	87	die	ART	ART
12	88	Menschen	NN	NN
12	89	eh	ADV	ADV
12	90	anstößt	VVFIN	VVFIN
12	91	die	ART	ART
12	92	Pestilenz	NN	NN
12	93	die	ART	ART
12	94	gerechter	ADJD	ADJD
12	95	durch	APPR	APPR
12	96	den	ART	ART
12	97	Einfluss	NN	NN
12	98	etliches	PIAT	PIAT
12	99	Gestirns	NN	NN
12	100	angeblickt	NE	VVPP
12	101	werden	VAFIN	VAINF
12	102	und	KON	KON
12	103	mehr	ADV	ADV
12	104	die	ART	ART
12	105	Menschen	VVFIN	NN
12	106	welcher	PWAT	PIAT
12	107	Komplexion	NE	NN
12	108	der	ART	ART
12	109	vergiftigen	NE	ADJA
12	110	Luft	NN	NN
12	111	Komplexion	NE	NN
12	112	näher	ADJD	ADJD
12	113	oder	KON	KON
12	114	gleicher	ADJA	ADJD
12	115	ist	VAFIN	VAFIN
12	116	auch	ADV	ADV
12	117	nicht	PTKNEG	PTKNEG
12	118	allein	ADV	ADV
12	119	der	ART	ART
12	120	vergifteten	NE	ADJA
12	121	Luft	NN	NN
12	122	halben	ADJA	ADJA
12	123	geschieht	VVFIN	VVFIN
12	124	Pestilenz	NE	NN
12	125	.	$.	$.
12	126	sonder	APPR	VVIMP
12	127	aus	APPR	APPR
12	128	Überflüssigkeit	NN	NN
12	129	unreiner	ADJA	ADJA
12	130	Feuchtigkeit	NN	NN
12	131	in	NE	APPR
12	132	dem	NE	ART
12	133	Menschen	NN	NN
12	134	nach	APPR	APPR
12	135	Sagen	VVFIN	NN
12	136	des	ART	ART
12	137	großen	ADJA	ADJA
12	138	Arztes	NN	NN
12	139	Gallieni	NE	NE
12	140	im	APPRART	APPRART
12	141	Buch	NN	NN
12	142	von	APPR	APPR
12	143	dem	ART	ART
12	144	Fieber	VVIMP	NN
12	145	aus	APPR	APPR
12	146	keinerlei	PIAT	PIS
12	147	geschieht	VVFIN	VVFIN
12	148	Versehrung	NN	NN
12	149	oder	KON	KON
12	150	Vergiftung	NE	NN
12	151	des	ART	ART
12	152	Leichnams	NN	NN
12	153	.	$.	$.
12	154	es	PPER	PPER
12	155	sei	VAFIN	VAFIN
12	156	dann	ADV	ADV
12	157	dass	ART	KOUS
12	158	des	ART	ART
12	159	Körpers	NN	NN
12	160	Materie	NE	NN
12	161	geschickt	VVPP	VVPP
12	162	sei	VAFIN	VAFIN
12	163	und	KON	KON
12	164	etlicher	ADJA	PIAT
12	165	Maß	NE	NN
12	166	unterworfen	VVPP	VVPP
12	167	der	ART	ART
12	168	versehrlichen	ADJA	ADJA
12	169	oder	KON	KON
12	170	vergiftigen	NE	ADJA
12	171	Sache	NN	NN
12	172	oder	KON	KON
12	173	dem	NE	ART
12	174	schädlichen	ADJA	ADJA
12	175	Ursprung	NE	NN
12	176	dieser	PDAT	PDAT
12	177	Krankheit	NE	NN
12	178	.	$.	$.
13	1	in	APPR	APPR
13	2	Gleichnis	NN	NN
13	3	.	$.	$.
13	4	also	ADV	ADV
13	5	das	ART	ART
13	6	Feuer	VVFIN	NN
13	7	nicht	PTKNEG	PTKNEG
13	8	brennt	NE	VVFIN
13	9	es	PPER	PPER
13	10	sei	VAFIN	VAFIN
13	11	dann	ADV	ADV
13	12	in	APPR	APPR
13	13	bequemer	ADJD	ADJA
13	14	Materien	NN	NN
13	15	so	ADV	ADV
13	16	schadet	ADJD	VVFIN
13	17	die	ART	ART
13	18	Pestilenz	NN	NN
13	19	keinem	PIAT	PIAT
13	20	Leichnam	NE	NN
13	21	es	PPER	PPER
13	22	sei	VAFIN	VAFIN
13	23	dann	ADV	ADV
13	24	dass	ART	KOUS
13	25	sie	PPER	PPER
13	26	finde	VVFIN	VVFIN
13	27	Materie	NE	NN
13	28	die	ART	ART
13	29	da	ADV	ADV
13	30	bequem	ADJD	ADJD
13	31	sei	VAFIN	VAFIN
13	32	zu	PTKZU	APPR
13	33	der	ART	ART
13	34	Verstörung	NE	NN
13	35	oder	KON	KON
13	36	Vergiftung	NN	NN
13	37	hierum	PAV	PAV
13	38	welche	PWAT	PIAT
13	39	Leichname	NE	NN
13	40	rein	ADJD	ADV
13	41	sind	VAFIN	VAFIN
13	42	und	KON	KON
13	43	mit	APPR	APPR
13	44	Reinigung	NN	NN
13	45	nicht	PTKNEG	PTKNEG
13	46	versäumt	NE	VVFIN
13	47	die	ART	PDS
13	48	bleiben	VVINF	VVFIN
13	49	lang	ADJD	ADJD
13	50	frei	ADJD	ADJD
13	51	von	APPR	APPR
13	52	Vergiftung	NE	NN
13	53	der	ART	ART
13	54	Pestilenz	NN	NN
13	55	auch	ADV	ADV
13	56	die	ART	ART
13	57	Menschen	NN	NN
13	58	bleiben	VVFIN	VVFIN
13	59	gesund	ADJD	ADJD
13	60	welcher	PWAT	PIAT
13	61	Komplexion	NN	NN
13	62	wider	APPR	ADJD
13	63	ist	VAFIN	VAFIN
13	64	der	ART	ART
13	65	Komplexion	NN	NN
13	66	der	ART	ART
13	67	vergiftigen	ADJA	ADJA
13	68	Luft	NN	NN
13	69	.	$.	$.
14	1	sonst	ADV	ADV
14	2	wo	PWAV	PWAV
14	3	das	KOUS	ART
14	4	Luft	NN	NN
14	5	vergiftet	VVPP	VVPP
14	6	wäre	VAFIN	VAFIN
14	7	würden	VAFIN	VAFIN
14	8	alle	PIAT	PIAT
14	9	Menschen	VVFIN	NN
14	10	in	APPR	APPR
14	11	der	ART	ART
14	12	selbigen	ADJA	ADJA
14	13	Luft	NN	NN
14	14	sterben	VVINF	VVFIN
14	15	das	ART	PDS
14	16	doch	ADV	ADV
14	17	Erfahrung	NN	NN
14	18	nicht	PTKNEG	PTKNEG
14	19	zugibt	VVFIN	VVFIN
14	20	.	$.	$.
15	1	von	APPR	APPR
15	2	Bewahrung	NN	NN
15	3	vor	APPR	APPR
15	4	der	ART	ART
15	5	Pestilenz	NN	NN
15	6	zu	PTKZU	APPR
15	7	dem	ART	ART
15	8	Ersten	CARD	NN
15	9	so	ADV	ADV
15	10	sollt	VMFIN	VMFIN
15	11	ihr	PPOSAT	PPER
15	12	vermeiden	VVFIN	VVFIN
15	13	überflüssige	ADJD	ADJA
15	14	Völlung	VVFIN	NN
15	15	Speise	VVIMP	NN
15	16	und	KON	KON
15	17	Getranks	NE	NN
15	18	.	$.	$.
16	1	jedoch	ADV	ADV
16	2	sintemal	NE	ADV
16	3	Hunger	ADJD	NN
16	4	und	KON	KON
16	5	Durst	NN	NN
16	6	in	APPR	APPR
16	7	solcher	PIAT	PIAT
16	8	Zeit	NN	NN
16	9	schädlich	ADJD	ADJD
16	10	ist	VAFIN	VAFIN
16	11	darum	PAV	PAV
16	12	sollt	NE	VMFIN
16	13	ihr	PPOSAT	PPER
16	14	die	ART	ART
16	15	Menge	NE	NN
16	16	der	ART	ART
16	17	Speise	VVIMP	NN
16	18	auf	APPR	APPR
16	19	ein	ART	ART
16	20	Mal	NN	NN
16	21	mindern	ADJA	VVINF
16	22	und	KON	KON
16	23	die	ART	ART
16	24	Male	NN	NN
16	25	der	ART	ART
16	26	Speisung	NN	NN
16	27	mehren	VVFIN	VVFIN
16	28	so	ADV	ADV
16	29	dass	KOUS	KOUS
16	30	ihr	PPOSAT	PPER
16	31	zwischen	APPR	APPR
16	32	mittag	ADV	NN
16	33	und	KON	KON
16	34	abend	ADV	ADV
16	35	essen	VVINF	VVFIN
16	36	ein	ART	ART
16	37	Bissen	VVINF	NN
16	38	Brots	NN	NN
16	39	oder	KON	KON
16	40	etwas	PIS	ADV
16	41	anderes	ADV	PIS
16	42	nehmt	VVFIN	VVFIN
16	43	und	NE	KON
16	44	darauf	PAV	PAV
16	45	ein	ART	ART
16	46	Trunk	VVFIN	NN
16	47	Weins	NN	NN
16	48	mit	APPR	APPR
16	49	Wasser	VVIMP	NN
16	50	gemischt	VVPP	VVPP
16	51	auch	ADV	ADV
16	52	sollt	VMFIN	VMFIN
16	53	ihr	PPOSAT	PPER
16	54	vermeiden	VVFIN	VVFIN
16	55	grobes	ADJA	ADJA
16	56	und	KON	KON
16	57	schleimiges	ADJA	ADJA
16	58	Fleisch	VVIMP	NN
16	59	und	KON	KON
16	60	aller	PIAT	PIAT
16	61	hand	NN	NN
16	62	Fisch	NN	NN
16	63	und	KON	KON
16	64	alle	PIAT	PIAT
16	65	scharfe	NE	ADJA
16	66	Speisen	VVIMP	NN
16	67	als	KOKOM	KOKOM
16	68	Knoblauch	NN	NN
16	69	Zwiebel	VVIMP	NN
16	70	.	$.	$.
16	71	Lauch	NN	NN
16	72	und	KON	KON
16	73	hitzige	ADJA	ADJA
16	74	Würze	NN	NN
16	75	oder	KON	KON
16	76	Spezies	NE	NN
16	77	.	$.	$.
17	1	als	KOKOM	KOKOM
17	2	Pfeffer	VVIMP	NN
17	3	und	KON	KON
17	4	paradis	NN	NE
17	5	Körner	NE	NE
17	6	¶	$(	XY
17	7	euer	PPOSAT	PPOSAT
17	8	salzenes	NE	ADJA
17	9	.	$.	$.
17	10	Getränk	NE	NN
17	11	und	KON	KON
17	12	alle	PIAT	PIAT
17	13	Speisen	VVIMP	NN
17	14	sollen	VMFIN	VMFIN
17	15	mit	APPR	APPR
17	16	Essig	NN	NN
17	17	bereit	ADJD	ADJD
17	18	sein	VAINF	VAINF
17	19	.	$.	$.
18	1	auch	ADV	ADV
18	2	sollt	VMFIN	VMFIN
18	3	ihr	PPOSAT	PPER
18	4	vermeiden	VVFIN	VVFIN
18	5	süße	ADJA	ADJA
18	6	Speisen	VVIMP	NN
18	7	mit	APPR	APPR
18	8	Honig	NN	NN
18	9	zubereitet	ADJD	VVPP
18	10	.	$.	$.
19	1	¶	$(	XY
19	2	item	NE	ADV
19	3	allerlei	PIAT	PIAT
19	4	Früchte	NN	NN
19	5	sollt	NE	VMFIN
19	6	ihr	PPOSAT	PPER
19	7	vermeiden	VVFIN	VVINF
19	8	.	$.	$.
19	9	wann	PWAV	PWAV
19	10	durch	APPR	APPR
19	11	ungesunde	ADJA	ADJA
19	12	Luft	NN	NN
19	13	seien	VAFIN	VAFIN
19	14	sie	PPER	PPER
19	15	vergiftet	NE	VVPP
19	16	.	$.	$.
19	17	ausgenommen	NE	ADV
19	18	saure	ADJD	ADJA
19	19	Früchte	NN	NN
19	20	.	$.	$.
19	21	als	KOKOM	KOKOM
19	22	sauer	ADJD	ADJD
19	23	Kirschen	NN	NN
19	24	.	$.	$.
19	25	saure	ADJD	ADJA
19	26	Äpfel	NE	NN
19	27	und	KON	KON
19	28	malogrant	NN	ADJA
19	29	Äpfel	NE	NN
19	30	.	$.	$.
20	1	bittere	NE	ADJA
20	2	Mandelmilch	NN	NN
20	3	ist	VAFIN	VAFIN
20	4	bequem	ADJD	ADJD
20	5	zu	PTKZU	APPR
20	6	Bereitung	NE	NN
20	7	der	ART	ART
20	8	Speise	VVIMP	NN
20	9	.	$.	$.
20	10	sonst	ADV	ADV
20	11	alle	PIAT	PIAT
20	12	andere	ADJA	PIS
20	13	Milch	NN	NN
20	14	ist	VAFIN	VAFIN
20	15	schädlich	ADJD	ADJD
20	16	.	$.	$.
20	17	zu mal	ADV	APPR
20	18	den	NE	ART
20	19	müßigen	ADJA	ADJA
20	20	Menschen	VVFIN	NN
20	21	.	$.	$.
20	22	den	ART	PDS
20	23	bringt	VVFIN	VVFIN
20	24	sie	PPER	PPER
20	25	das	ART	ART
20	26	Fieber	VVIMP	NN
20	27	.	$.	$.
20	28	oder	KON	KON
20	29	den	ART	ART
20	30	kalten	ADJA	ADJA
20	31	Siechtag	NN	NN
20	32	.	$.	$.
20	33	und	KON	KON
20	34	verstört	NE	VVFIN
20	35	die	ART	ART
20	36	vier	CARD	CARD
20	37	Feuchtigkeiten	NN	NN
20	38	in	APPR	APPR
20	39	den	ART	ART
20	40	Tieren	NN	NN
20	41	¶	$(	XY
20	42	ihr	PPOSAT	PPER
20	43	sollt	NE	VMFIN
20	44	vermeiden	VVINF	VVFIN
20	45	Bad	NN	NE
20	46	.	$.	$.
21	1	und	KON	KON
21	2	alles	PIS	PIS
21	3	das	KOUS	PDS
21	4	hitzt	VVFIN	VVFIN
21	5	und	KON	KON
21	6	die	ART	ART
21	7	Schweißlöcher	NN	NN
21	8	öffnet	VVFIN	VVFIN
21	9	.	$.	$.
21	10	wann	PWAV	PWAV
21	11	sie	PPER	PPER
21	12	geöffnet	VVPP	VVPP
21	13	sind	VAFIN	VAFIN
21	14	so	ADV	ADV
21	15	schleuft	VVFIN	VVFIN
21	16	der	ART	ART
21	17	vergifteten	NE	ADJA
21	18	Luft	NN	NN
21	19	darin	ADV	PAV
21	20	und	KON	KON
21	21	vergiftigt	ADJD	VVFIN
21	22	den	ART	ART
21	23	Leichnam	NE	NN
21	24	und	KON	KON
21	25	zerstört	VVPP	VVFIN
21	26	die	ART	ART
21	27	natürlichen	ADJA	ADJA
21	28	und	KON	KON
21	29	lebendigen	ADJA	ADJA
21	30	Geister	VVFIN	NN
21	31	.	$.	$.
22	1	¶	$(	XY
22	2	Vor	APPR	APPR
22	3	allen	PIAT	PIAT
22	4	Dingen	NN	NN
22	5	sollt	NE	VMFIN
22	6	ihr	PPOSAT	PPER
22	7	unkeusch	ADJD	ADJD
22	8	und	KON	KON
22	9	Leibs	NN	NN
22	10	Wollust	NN	NN
22	11	fliehen	VVINF	VVINF
22	12	.	$.	$.
23	1	¶	$(	XY
23	2	besonder	NN	ADJD
23	3	ist	VAFIN	VAFIN
23	4	mein	PPOSAT	PPOSAT
23	5	Rat	NN	NN
23	6	dass	KOUS	KOUS
23	7	ihr	PPOSAT	PPER
23	8	in	APPR	APPR
23	9	den	ART	ART
23	10	Monden	NN	NN
23	11	zu	PTKZU	APPR
23	12	der	ART	ART
23	13	Adern	NN	NN
23	14	lasst	VVFIN	VVFIN
23	15	.	$.	$.
23	16	und	KON	KON
23	17	doch	ADV	ADV
23	18	wenig	PIS	PIS
23	19	als	KOKOM	KOKOM
23	20	.	$.	ART
23	21	6	NE	CARD
23	22	oder	KON	KON
23	23	8.	NE	ADJA
23	24	Lot	NN	NN
23	25	Bluts	NN	NN
23	26	und	KON	KON
23	27	tut	VVFIN	VVFIN
23	28	das	KOUS	ART
23	29	drei	CARD	CARD
23	30	oder	KON	KON
23	31	3	XY	CARD
23	32	Tage	NN	NN
23	33	vor	APPR	PTKVZ
23	34	oder	KON	KON
23	35	nach	APPR	APPR
23	36	dem	NE	ART
23	37	Vollmond	NE	NN
23	38	und	KON	KON
23	39	gemeiniglich	NE	ADJD
23	40	von	XY	APPR
23	41	der	ART	ART
23	42	Leber	NN	NN
23	43	oder	KON	KON
23	44	an	APPR	APPR
23	45	dem	ART	ART
23	46	rechten	ADJA	ADJA
23	47	Arm	ADJA	NN
23	48	zu	PTKZU	APPR
23	49	Gezeiten	NN	NN
23	50	von	XY	APPR
23	51	der	ART	ART
23	52	Milz	NN	NN
23	53	Ader	NN	NN
23	54	an	NE	APPR
23	55	der	ART	ART
23	56	linken	ADJA	ADJA
23	57	Hand	VAFIN	NN
23	58	und	KON	KON
23	59	zuweilen	ADV	ADV
23	60	von	XY	APPR
23	61	der	ART	ART
23	62	Median	NE	NN
23	63	in	APPR	APPR
23	64	dem	NE	ART
23	65	Arm	ADJD	NN
23	66	darnach	PAV	ADV
23	67	ihr	PPOSAT	PPER
23	68	empfindet	NE	VVFIN
23	69	Stechung	NE	NN
23	70	und	KON	KON
23	71	Lauf	NN	NN
23	72	der	ART	ART
23	73	Feuchtigkeit	NN	NN
23	74	an	NE	APPR
23	75	diesem	PDAT	PDAT
23	76	oder	KON	KON
23	77	anderen	NN	PIS
23	78	Ende	NN	NN
23	79	.	$.	$.
23	80	wann	PWAV	PWAV
23	81	diese	PDAT	PDAT
23	82	Wallung	NE	NN
23	83	des	ART	ART
23	84	Geblüts	NN	NN
23	85	mag	VMFIN	VMFIN
23	86	nicht	PTKNEG	PTKNEG
23	87	mehr	NE	ADV
23	88	ausgelöscht	NE	VVPP
23	89	werden	VAFIN	VAFIN
23	90	dann	ADV	ADV
23	91	durch	APPR	APPR
23	92	künstliche	ADJA	ADJA
23	93	und	KON	KON
23	94	gebührliche	ADJA	ADJA
23	95	Aderlassen	NN	NN
23	96	.	$.	$.
24	1	¶	$(	XY
24	2	zu	APPR	APPR
24	3	dem	NE	ART
24	4	anderen	ADJA	PIAT
24	5	Mal	NN	NN
24	6	ist	VAFIN	VAFIN
24	7	zu	PTKZU	PTKZU
24	8	merken	VVINF	VVINF
24	9	.	$.	$.
25	1	dass	ART	KOUS
25	2	ihr	PPOSAT	PPER
25	3	alle	PIAT	PIAT
25	4	Nacht	NN	NN
25	5	so	ADV	ADV
25	6	ihr	PPOSAT	PPER
25	7	schlafen	ADJA	VVINF
25	8	sollt	VVPP	VMFIN
25	9	nehmen	VVFIN	VVFIN
25	10	ein	XY	ART
25	11	Löffel	NN	NN
25	12	Weins	NN	NN
25	13	oder	KON	KON
25	14	zwei	NE	CARD
25	15	mit	APPR	APPR
25	16	Rosen	NN	NN
25	17	Wasser	VVIMP	NN
25	18	mit	APPR	APPR
25	19	ein	ART	ART
25	20	wenig	PIS	PIAT
25	21	boli	NE	NE
25	22	armenici	NE	NE
25	23	all	PIAT	PIAT
25	24	kleinst	ADJD	ADJD
25	25	gepulvert	NE	VVPP
25	26	.	$.	$.
25	27	wann	PWAV	PWAV
25	28	solcher	PIAT	PIAT
25	29	Trank	VVFIN	NN
25	30	ist	VAFIN	VAFIN
25	31	wahrhaftig	ADJD	ADJD
25	32	nütze	VVIMP	VVFIN
25	33	wider	APPR	APPR
25	34	die	ART	ART
25	35	Krankheit	NN	NN
25	36	durch	APPR	APPR
25	37	mancherlei	NN	PIAT
25	38	Sache	NN	NN
25	39	¶	$(	NN
25	40	zum	APPR	APPRART
25	41	Ersten	ADJA	NN
25	42	erkühlt	VVFIN	VVFIN
25	43	das	ART	ART
25	44	Herz	NN	NN
25	45	und	KON	KON
25	46	löscht	VVFIN	VVFIN
25	47	die	ART	ART
25	48	vergiftigen	ADJA	ADJA
25	49	Verzehrung	VVIMP	NN
25	50	der	ART	ART
25	51	Feuchtigkeit	NE	NN
25	52	¶	$(	NN
25	53	zu	APPR	APPR
25	54	dem	NE	ART
25	55	Anderen	VVINF	PIS
25	56	etlicher	ADJA	PIAT
25	57	Maß	VVFIN	NN
25	58	verzehrter	ADJA	ADJA
25	59	Überflüssigkeit	NN	NN
25	60	bei	APPR	APPR
25	61	dem	NE	ART
25	62	Herzen	NN	NN
25	63	und	KON	KON
25	64	der	ART	ART
25	65	Leber	NN	NN
25	66	.	$.	$.
26	1	zum	APPR	APPRART
26	2	Dritten	ADJA	NN
26	3	er	PPER	PPER
26	4	schließt	VVFIN	VVFIN
26	5	zu	PTKZU	APPR
26	6	die	ART	ART
26	7	Gänge	NE	NN
26	8	und	KON	KON
26	9	Wege	PTKVZ	NN
26	10	der	ART	ART
26	11	vernehmsten	ADJA	ADJA
26	12	Glieder	NN	NN
26	13	die	ART	ART
26	14	nicht	PTKNEG	PTKNEG
26	15	die	ART	ART
26	16	grausamen	ADJA	ADJA
26	17	vergiftigen	ADJA	ADJA
26	18	Dünste	NE	NN
26	19	oder	KON	KON
26	20	Rauch	ADJD	NN
26	21	der	ART	ART
26	22	vergifteten	VVINF	ADJA
26	23	Feuchtigkeit	NN	NN
26	24	das	KOUS	ART
26	25	Herz	NN	NN
26	26	und	KON	KON
26	27	andere	VVIMP	PIS
26	28	gesunde	ADJA	ADJA
26	29	Glieder	NE	NN
26	30	anrührt	ADJD	VVFIN
26	31	.	$.	$.
27	1	¶	$(	XY
27	2	zum	APPR	APPRART
27	3	Vierten	ADJA	NN
27	4	über	APPR	APPR
27	5	.	$.	$.
27	6	4	CARD	ADJA
27	7	.	$.	ADJA
27	8	Tag	NN	NN
27	9	in	APPR	APPR
27	10	aufgehender	NN	ADJA
27	11	Sonne	VVFIN	NN
27	12	oder	KON	KON
27	13	am	NE	APPRART
27	14	aber	ADV	ADV
27	15	vor	APPR	APPR
27	16	dem	NE	ART
27	17	Eingang	NN	NN
27	18	des	ART	ART
27	19	Betts	NN	NN
27	20	nehmt	VVFIN	VVFIN
27	21	ein	ART	ART
27	22	Löffel	NN	NN
27	23	voll	ADJD	ADJD
27	24	dieses	PDAT	PDAT
27	25	Pulvers	NN	NN
27	26	von	APPR	APPR
27	27	Aloe	NE	NN
27	28	cicotrino	NE	NE
27	29	.	$.	$.
27	30	von	XY	APPR
27	31	Mirre	NE	NE
27	32	und	KON	KON
27	33	Ort	NN	NN
27	34	Safran	NN	NN
27	35	mit	APPR	APPR
27	36	ein	ART	ART
27	37	wenig	PIS	PIAT
27	38	Weins	NN	NN
27	39	gemischt	VVPP	ADJD
27	40	mit	APPR	APPR
27	41	Rosen	NE	NN
27	42	Wasser	VVIMP	NN
27	43	und	KON	KON
27	44	des	ART	ART
27	45	Aloe	NE	NN
27	46	soll	NE	VMFIN
27	47	allein	ADV	ADV
27	48	so	ADV	ADV
27	49	viel	ADV	PIS
27	50	sein	VAINF	VAINF
27	51	als	KOKOM	KOKOM
27	52	der	ART	ART
27	53	anderen	ADJA	PIS
27	54	.	$.	$.
27	55	beide	PIAT	PIAT
27	56	solche	PIAT	PIAT
27	57	Pulver	VVIMP	NN
27	58	verjagt	VVPP	VVFIN
27	59	das	ART	ART
27	60	Vergift	NN	NN
27	61	das	ART	ART
27	62	sich	PRF	PRF
27	63	in	APPR	APPR
27	64	solcher	PIAT	PIAT
27	65	Zeit	NN	NN
27	66	stet	ADJD	ADJD
27	67	sammelt	VVFIN	VVFIN
27	68	bei	APPR	APPR
27	69	dem	ART	ART
27	70	Herzen	VVFIN	NN
27	71	und	KON	KON
27	72	bei	APPR	APPR
27	73	den	NE	ART
27	74	fürgenehmsten	ADJA	ADJA
27	75	Gliedern	NN	NN
27	76	.	$.	$.
28	1	¶	$(	XY
28	2	item	NE	ADV
28	3	zu	PTKZU	APPR
28	4	Morgen	ADV	NN
28	5	eh	ADV	KOUS
28	6	ihr	PPOSAT	PPER
28	7	aus	APPR	APPR
28	8	dem	NE	ART
28	9	Haus	VVFIN	NN
28	10	geht	VVFIN	VVFIN
28	11	oder	KON	KON
28	12	nach	APPR	APPR
28	13	Mittag	ADV	NN
28	14	Mal	NN	NN
28	15	auch	ADV	ADV
28	16	alle	PIAT	PIAT
28	17	Stunden	VVFIN	NN
28	18	des	NE	ART
28	19	Tages	ADV	NN
28	20	sollt	NE	VMFIN
28	21	ihr	PPOSAT	PPER
28	22	waschen	VVINF	VVFIN
28	23	die	ART	ART
28	24	Hände	NN	NN
28	25	mit	APPR	APPR
28	26	Essig	NN	NN
28	27	.	$.	$.
28	28	darin	ADV	PAV
28	29	nun	ADV	ADV
28	30	ein	ART	ART
28	31	wenig	PIS	PIAT
28	32	Triaker	NE	NN
28	33	ist	VAFIN	VAFIN
28	34	und	KON	KON
28	35	die	ART	ART
28	36	Hände	NE	NN
28	37	für	NE	APPR
28	38	die	ART	ART
28	39	Nase	ADJA	NN
28	40	gehalten	ADJA	VVPP
28	41	und	KON	KON
28	42	den	ART	ART
28	43	Atem	NN	NN
28	44	an	APPR	APPR
28	45	sich	ADJD	PRF
28	46	gezogen	VVPP	VVPP
28	47	.	$.	$.
29	1	¶	$(	XY
29	2	item	NE	ADV
29	3	eins	PIS	CARD
29	4	oder	NN	KON
29	5	zwier	NE	CARD
29	6	in	NE	APPR
29	7	der	XY	ART
29	8	Woche	NN	NN
29	9	nehmt	NE	VVFIN
29	10	FW	NE	NN
29	11	mit	APPR	APPR
29	12	6	NE	ADJA
29	13	.	$.	ADJA
29	14	oder	KOUS	KON
29	15	.	$.	ADJA
29	16	vij.	NE	ADJA
29	17	Löffel	NN	NN
29	18	geseihtes	VVPP	ADJA
29	19	Gersten	NN	NN
29	20	Wasser	NN	NN
29	21	am	APPRART	APPRART
29	22	Aufgang	VVFIN	NN
29	23	der	ART	ART
29	24	Sonne	VVFIN	NN
29	25	ein	ART	ART
29	26	wenig	PIS	PIAT
29	27	Lab	NE	NN
29	28	das	ART	PDS
29	29	ist	VAFIN	VAFIN
29	30	in	APPR	APPR
29	31	Wahrheit	NN	NN
29	32	ein	ART	ART
29	33	gut	ADJD	ADJD
29	34	verborgene	NE	ADJA
29	35	Arznei	NN	NN
29	36	und	KON	KON
29	37	Doktoren	NE	NN
29	38	die	ART	ART
29	39	solchen	PIAT	PIAT
29	40	Trank	NN	NN
29	41	erkannten	VVFIN	VVFIN
29	42	haben	VAFIN	VAFIN
29	43	den	NE	ART
29	44	für	APPR	APPR
29	45	heimlich	ADJD	ADJD
29	46	gehalten	VVPP	VVPP
29	47	.	$.	$.
29	48	wann	PWAV	PWAV
29	49	so	ADV	ADV
29	50	er	PPER	PPER
29	51	sauer	ADJD	ADJD
29	52	ist	VAFIN	VAFIN
29	53	hat	VAFIN	VAFIN
29	54	er	PPER	PPER
29	55	Eigenschaft	NN	NN
29	56	wider	NE	APPR
29	57	Vergift	NE	NN
29	58	und	KON	KON
29	59	dient	VVFIN	VVFIN
29	60	sehr	NE	ADV
29	61	zum	APPRART	APPRART
29	62	Herzen	NN	NN
29	63	auch	ADV	ADV
29	64	reinigt	VVFIN	VVFIN
29	65	er	PPER	PPER
29	66	die	ART	ART
29	67	Leber	NN	NN
29	68	den	NE	ART
29	69	Magen	NE	NN
29	70	und	KON	KON
29	71	die	ART	ART
29	72	Nieren	NN	NN
29	73	dass	ART	KOUS
29	74	sehr	NE	ADV
29	75	not	NN	ADJD
29	76	ist	VAFIN	VAFIN
29	77	in	APPR	APPR
29	78	dieser	PDAT	PDAT
29	79	Krankheit	NE	NN
29	80	und	KON	KON
29	81	die	ART	ART
29	82	Doktoren	NE	NN
29	83	die	ART	ART
29	84	des	ART	ART
29	85	Getranks	NE	NN
29	86	erfahren	VVINF	VVPP
29	87	haben	VAFIN	VAFIN
29	88	gebrauchen	VVFIN	VVFIN
29	89	das	KOUS	PDS
29	90	zu	PTKZU	APPR
29	91	Bewahrung	NE	NN
29	92	vor	APPR	APPR
29	93	dieser	PDAT	PDAT
29	94	Kranckheit	NE	NN
29	95	im	APPRART	APPRART
29	96	Lenzen	VVINF	NN
29	97	und	KON	KON
29	98	im	APPRART	APPRART
29	99	Sommer	NN	NN
29	100	und	KON	KON
29	101	allweg	ADV	NN
29	102	in	NE	APPR
29	103	traurigen	ADJA	ADJA
29	104	Sommern	NE	NN
29	105	gebrauchen	VVINF	VVFIN
29	106	dieses	PDS	PDAT
29	107	Getranks	NE	NN
29	108	als	KOKOM	KOKOM
29	109	des	ART	ART
29	110	behaglichsten	ADJA	ADJA
29	111	und	KON	KON
29	112	besten	VVINF	ADJA
29	113	Rats	NN	NN
29	114	in	APPR	APPR
29	115	solcher	PIAT	PIAT
29	116	Weise	VVFIN	NN
29	117	gebrauchen	VVFIN	VVFIN
29	118	sie	PPER	PPER
29	119	auch	ADV	ADV
29	120	des	ART	ART
29	121	Pulvers	NN	NN
29	122	von	XY	APPR
29	123	Aloe	NE	NN
29	124	.	$.	$.
29	125	wann	PWAV	PWAV
29	126	dieser	PDAT	PDAT
29	127	Pulver	VVIMP	NN
29	128	am	APPRART	APPRART
29	129	anderen	ADJA	PIS
29	130	Tag	NN	NN
29	131	nach	APPR	APPR
29	132	seiner	PPOSAT	PPOSAT
29	133	Empfangung	NE	NN
29	134	macht	VVFIN	VVFIN
29	135	er	PPER	PPER
29	136	zwei	NE	CARD
29	137	oder	KON	KON
29	138	drei	CARD	CARD
29	139	Stühle	NN	NN
29	140	Gänge	NE	NN
29	141	mehr	ADV	ADV
29	142	dann	ADV	ADV
29	143	der	ART	ART
29	144	Mensch	NE	NN
29	145	gewohnt	VVPP	VVPP
29	146	ist	VAFIN	VAFIN
29	147	.	$.	$.
29	148	und	KON	KON
29	149	gleicher	ADJA	ADJA
29	150	Weise	VVFIN	NN
29	151	als	KOKOM	KOKOM
29	152	das	KOUS	ART
29	153	Fleisch	VVIMP	NN
29	154	in	NE	APPR
29	155	einen	ART	ART
29	156	Topf	VVIMP	NN
29	157	am	APPRART	APPRART
29	158	Anbeginn	NE	NN
29	159	seines	NN	PPOSAT
29	160	Siedens	NN	NN
29	161	geschäumt	VVPP	VVPP
29	162	wird	VAFIN	VAFIN
29	163	und	KON	KON
29	164	gereinigt	VVPP	VVPP
29	165	von	XY	APPR
29	166	seiner	PPOSAT	PPOSAT
29	167	Unflätigkeit	NN	NN
29	168	so	ADV	ADV
29	169	tut	VVFIN	VVFIN
29	170	dieses	PDS	PDAT
29	171	Pulver	VVIMP	NN
29	172	auch	ADV	ADV
29	173	es	PPER	PPER
29	174	reinigt	VVFIN	VVFIN
29	175	stet	ADJD	ADJD
29	176	den	ART	ART
29	177	Unflat	NN	NN
29	178	und	KON	KON
29	179	Vergift	NN	NN
29	180	das	KOUS	ART
29	181	sich	PRF	PRF
29	182	an	APPR	APPR
29	183	Unflat	NE	NN
29	184	sammelt	VVFIN	VVFIN
29	185	zu	PTKZU	APPR
29	186	dem	NE	ART
29	187	Herzen	NN	NN
29	188	und	KON	KON
29	189	den	NE	ART
29	190	anderen	ADJA	PIAT
29	191	fürnehmischen	ADJA	ADJA
29	192	Gliedern	NN	NN
29	193	in	APPR	APPR
29	194	solchem	PIAT	PIAT
29	195	Anblick	NN	NN
29	196	des	ART	ART
29	197	Himmels	NN	NN
29	198	.	$.	$.
30	1	jedoch	ADV	ADV
30	2	etliche	PIAT	PIAT
30	3	Doktoren	NE	NN
30	4	machen	VVINF	VVFIN
30	5	aus	APPR	APPR
30	6	diesem	PDAT	PDAT
30	7	Pulver	VVIMP	NN
30	8	Pillen	NE	NN
30	9	um	XY	APPR
30	10	ihrer	PPOSAT	PPOSAT
30	11	Purheit	NE	NN
30	12	willen	NN	APPO
30	13	das	ART	PRELS
30	14	ich	PPER	PPER
30	15	durch	APPR	APPR
30	16	etlicher	ADJA	PIAT
30	17	Sache	NN	NN
30	18	willen	NN	APPO
30	19	nicht	PTKNEG	PTKNEG
30	20	zugib	PTKZU	VVFIN
30	21	oder	KON	KON
30	22	bewähre	VVIMP	VVFIN
30	23	auch	ADV	ADV
30	24	die	ART	ART
30	25	fürnehmsten	ADJA	ADJA
30	26	Doktoren	NE	NN
30	27	haben	VAFIN	VAFIN
30	28	das	KOUS	PDS
30	29	nicht	PTKNEG	PTKNEG
30	30	gesetzt	VVPP	VVPP
30	31	oder	KON	KON
30	32	gelehrt	VVPP	VVPP
30	33	dass	ART	KOUS
30	34	man	NE	PIS
30	35	sie	PPER	PPER
30	36	in	NE	APPR
30	37	Pillen	NN	NN
30	38	geben	VVINF	VVINF
30	40	soll	VVFIN	VMFIN
30	41	.	$.	$.
30	42	wie	KOKOM	KOUS
30	43	wohl	ADV	ADV
30	44	dieses	PDAT	PDAT
30	45	Pulver	VVIMP	NN
30	46	fast	ADV	ADV
30	47	bitter	ADJD	ADJD
30	48	ist	VAFIN	VAFIN
30	49	.	$.	$.
31	1	jedoch	ADV	ADV
31	2	so	ADV	ADV
31	3	der	ART	ART
31	4	Mund	NN	NN
31	5	eins	PIS	CARD
31	6	oder	KON	KON
31	7	zwier	NE	ADJD
31	8	gewaschen	VVPP	VVPP
31	9	wird	VAFIN	VAFIN
31	10	darnach	PAV	ADV
31	11	so	ADV	ADV
31	12	vergeht	NN	VVFIN
31	13	die	ART	ART
31	14	Bitterkeit	NE	NN
31	15	aber	KON	KON
31	16	das	KOUS	ART
31	17	Pulver	VVIMP	NN
31	18	wirkt	VVFIN	VVFIN
31	19	viel	ADV	ADV
31	20	mehr	ADV	ADV
31	21	wann	PWAV	PWAV
31	22	die	ART	ART
31	23	Pillen	NN	NN
31	24	.	$.	$.
32	1	¶	$(	XY
32	2	item	NN	ADV
32	3	am	APPRART	APPRART
32	4	allermeisten	PIAT	NN
32	5	in	NE	APPR
32	6	Bewahrung	NE	NN
32	7	der	ART	ART
32	8	Pestilenz	NN	NN
32	9	sollt	NE	VMFIN
32	10	ihr	PPOSAT	PPER
32	11	fliehen	VVINF	VVFIN
32	12	die	ART	ART
32	13	Stätte	ADJD	NN
32	14	da	ADV	ADV
32	15	Pestilenz	NN	NN
32	16	ist	VAFIN	VAFIN
32	17	.	$.	$.
32	18	wann	PWAV	PWAV
32	19	die	ART	ART
32	20	giftigen	ADJA	ADJA
32	21	Menschen	NN	NN
32	22	vergiften	VVINF	VVFIN
32	23	euch	PPER	PPER
32	24	eure	NE	PPOSAT
32	25	Luft	NN	NN
32	26	.	$.	$.
33	1	auch	ADV	ADV
33	2	das	KOUS	ART
33	3	Teil	NN	NN
33	4	des	ART	ART
33	5	Himmels	NN	NN
33	6	daraus	PAV	PAV
33	7	die	ART	ART
33	8	Pestilenz	NN	NN
33	9	gesacht	VVPP	VVPP
33	10	wird	VAFIN	VAFIN
33	11	blickt	VVFIN	VVFIN
33	12	mehr	ADV	ADV
33	13	an	APPR	APPR
33	14	die	ART	ART
33	15	Menschen	VVFIN	NN
33	16	die	ART	ART
33	17	an	NE	APPR
33	18	Stätten	ADJA	NN
33	19	sind	NE	VAFIN
33	20	da	ADV	ADV
33	21	die	ART	ART
33	22	Pestilenz	NN	NN
33	23	ist	VAFIN	VAFIN
33	24	dann	ADV	ADV
33	25	an	NE	APPR
33	26	anderen	ADJA	PIS
33	27	Stätten	ADJA	NN
33	28	hierum	PAV	PAV
33	29	wird	VAFIN	VAFIN
33	30	da	ADV	ADV
33	31	größer	ADJD	ADJD
33	32	Veränderung	NE	NN
33	33	der	ART	ART
33	34	Luft	NN	NN
33	35	in	APPR	APPR
33	36	ihren	ADJA	PPOSAT
33	37	Wesen	PWAT	NN
33	38	und	KON	KON
33	39	natürlichen	ADJA	ADJA
33	40	Widmigkeit	NE	NN
33	41	oder	KON	KON
33	42	Eigenschaft	NN	NN
33	43	an	NE	APPR
33	44	den	ART	ART
33	45	Stätten	ADJA	NN
33	46	dann	ADV	ADV
33	47	an	APPR	APPR
33	48	anderen	NN	PIS
33	49	Stätten	ADJA	NN
33	50	item	NN	ADV
33	51	keinerlei	PIAT	PIS
33	52	ist	VAFIN	VAFIN
33	53	vergleichen	VVFIN	VVFIN
33	54	der	ART	ART
33	55	Ätzung	NE	NN
33	56	dass	KOUS	KOUS
33	57	ich	PPER	PPER
33	58	zu	PTKZU	APPR
33	59	tausend	NE	CARD
33	60	Mal	NN	NN
33	61	in	APPR	APPR
33	62	Erfahrung	NE	NN
33	63	gemerkt	VVPP	VVPP
33	64	habe	VAFIN	VAFIN
33	65	.	$.	$.
33	66	wann	PWAV	PWAV
33	67	Ätzung	NE	NN
33	68	treibt	VVFIN	VVFIN
33	69	aus	APPR	APPR
33	70	sichtiglich	ADJD	ADJD
33	71	alles	PIAT	PIAT
33	72	Gift	NN	NN
33	73	das	ART	ART
33	74	sich	PRF	PRF
33	75	in	APPR	APPR
33	76	dem	NE	ART
33	77	Leichnam	NE	NN
33	78	sammelt	VVFIN	VVFIN
33	79	es	PPER	PPER
33	80	kommt	NN	VVFIN
33	81	wo	PWAV	PWAV
33	82	von	XY	APPR
33	83	es	PPER	PPER
33	84	will	VVIMP	VMFIN
33	85	darum	NE	PAV
33	86	tragt	VVFIN	VVFIN
33	87	die	ART	ART
33	88	Ätzung	NE	NN
33	89	dieweil	ADV	ADV
33	90	die	ART	ART
33	91	Pestilenz	NE	NN
33	92	währt	ADJD	VVFIN
33	93	so	ADV	ADV
33	94	gewird	VVPP	VVFIN
33	95	euch	PPER	PPER
33	96	nicht	PTKNEG	PTKNEG
33	97	.	$.	$.
33	98	mit	APPR	APPR
33	99	Gottes	NN	NN
33	100	Hilfe	VVIMP	NN
33	101	.	$.	$.
34	1	die	ART	ART
34	2	Pestilenz	NN	NN
34	3	zu	PTKZU	PTKZU
34	4	heilen	VVINF	VVINF
34	5	ob	KOUS	KOUS
34	6	ihr	PPOSAT	PPER
34	7	euch	PPER	PRF
34	8	nicht	PTKNEG	PTKNEG
34	9	des	ART	ART
34	10	Regiments	NE	NN
34	11	durch	APPR	APPR
34	12	Versäumlichkeit	NE	NN
34	13	recht	ADJD	ADJD
34	14	gebraucht	VVPP	VVPP
34	15	hat	VAFIN	VAFIN
34	16	.	$.	$.
35	1	wie	KOKOM	KOUS
35	2	ihr	PPOSAT	PPER
35	3	der	ART	ART
35	4	las	VVIMP	ADJD
35	5	werdet	VAFIN	VAFIN
35	6	/	$(	$(
35	7	alsbald	KOKOM	ADV
35	8	ihr	PPOSAT	PPER
35	9	etwas	PIS	PIAT
35	10	Arges	NN	NN
35	11	empfindet	NE	VVFIN
35	12	es	PPER	PPER
35	13	sei	VAFIN	VAFIN
35	14	Tag	NN	NN
35	15	oder	KON	KON
35	16	Nacht	NN	NN
35	17	.	$.	$.
35	18	so	ADV	ADV
35	19	nehmt	NE	VVFIN
35	20	von	XY	APPR
35	21	Stunde	ADJD	NN
35	22	an	APPR	APPR
35	23	ein	XY	ART
35	24	Löffel	VVIMP	NN
35	25	voll	ADJD	ADJD
35	26	des	ART	ART
35	27	Pulvers	NN	NN
35	28	.	$.	$.
36	1	als	KOKOM	KOKOM
36	2	von	XY	APPR
36	3	Diptam	NE	NE
36	4	.	$.	$.
36	5	Bibenelle	NN	NE
36	6	.	$.	$.
36	7	Tormentille	NE	NE
36	8	.	$.	$.
36	9	bollo	NE	NE
36	10	armeno	NE	NE
36	11	.	$.	$.
36	12	terra	NE	NE
36	13	ſigilata	NE	NN
36	14	.	$.	$.
36	15	mit	APPR	APPR
36	16	Wein	NN	NN
36	17	und	KON	KON
36	18	mit	APPR	APPR
36	19	Wasser	VVIMP	NN
36	20	aus	APPR	APPR
36	21	Tormentillen	NE	NN
36	22	wurtzel	NN	ADJD
36	23	de­s­til­lie­rt	NE	VVPP
36	24	¶	$(	XY
36	25	von	NE	APPR
36	26	diesem	PDAT	PDAT
36	27	Pulver	VVIMP	NN
36	28	sag	VVIMP	VVIMP
36	29	ich	PPER	PPER
36	30	dass	KOUS	KOUS
36	31	ich	PPER	PPER
36	32	hundert	VVFIN	CARD
36	33	Mal	NN	NN
36	34	bewährt	VVPP	VVPP
36	35	habe	VAFIN	VAFIN
36	36	dass	KOUS	KOUS
36	37	ein	ART	ART
36	38	itzlich	NE	ADJD
36	39	dieser	PDAT	PDAT
36	40	Wurz	NN	NN
36	41	für	APPR	APPR
36	42	sich	PRF	PRF
36	43	selbst	ADJD	ADV
36	44	die	ART	ART
36	45	Gift	NN	NN
36	46	vertreibt	NE	VVFIN
36	47	es	PPER	PPER
36	48	kommt	NE	VVFIN
36	49	von	XY	APPR
36	50	Tier	NN	NN
36	51	Biss	VVIMP	NN
36	52	oder	KON	KON
36	53	Schlangen	VVFIN	NN
36	54	.	$.	$.
36	55	wann	PWAV	PWAV
36	56	zu	PTKZU	APPR
36	57	Hand	VAFIN	NN
36	58	mit	APPR	APPR
36	59	Gewalt	NN	NN
36	60	so	ADV	ADV
36	61	treibt	VVFIN	VVFIN
36	62	es	PPER	PPER
36	63	das	KOUS	ART
36	64	Gift	NN	NN
36	65	aus	APPR	APPR
36	66	mit	APPR	APPR
36	67	dem	NE	ART
36	68	Blut	NN	NN
36	69	darum	PAV	PAV
36	70	als	KOKOM	KOKOM
36	71	bald	VVFIN	ADV
36	72	man	NE	PIS
36	73	dieses	NE	PDAT
36	74	Pulver	VVIMP	NN
36	75	nimmt	NE	VVFIN
36	76	soll	VMFIN	VMFIN
36	77	man	NE	PIS
36	78	zu	PTKZU	APPR
36	79	der	XY	ART
36	80	Ader	VVINF	NN
36	81	lassen	VVFIN	VVINF
36	82	und	KON	KON
36	83	dieser	PDAT	PDS
36	84	lassen	VVINF	VVINF
36	85	gehen	VVFIN	VVINF
36	86	.	$.	$.
36	87	an	NE	APPR
36	88	der	ART	ART
36	89	Ader	VVINF	NN
36	90	die	ART	ART
36	91	all	PIAT	PIAT
36	92	nächst	APPR	ADJD
36	93	ist	VAFIN	VAFIN
36	94	der	ART	ART
36	95	Stätte	NE	NN
36	96	da	ADV	ADV
36	97	der	ART	ART
36	98	Beulen	VVIMP	NN
36	99	oder	KON	KON
36	100	Pestilenz	NN	NN
36	101	ist	VAFIN	VAFIN
36	102	.	$.	$.
37	1	sieht	NN	VVFIN
37	2	man	NE	PIS
37	3	keine	NE	PIAT
37	4	Beulen	VVIMP	NN
37	5	oder	KON	KON
37	6	Schwäre	ADJD	NN
37	7	.	$.	$.
38	1	besonder	VVIMP	ADV
38	2	ein	ART	ART
38	3	Hitze	NE	NN
38	4	mit	APPR	APPR
38	5	Kälte	VVFIN	NN
38	6	und	KON	KON
38	7	Zittern	VVIMP	NN
38	8	.	$.	$.
39	1	und	KON	KON
39	2	die	ART	ART
39	3	Glieder	NN	NN
39	4	werden	VAINF	VAFIN
39	5	schwer	ADJD	ADJD
39	6	und	KON	KON
39	7	dem	NE	ART
39	8	Menschen	NN	NN
39	9	schläfert	VVFIN	VVFIN
39	10	.	$.	$.
40	1	so	ADV	ADV
40	2	nehmt	VVFIN	VVFIN
40	3	das	ART	ART
40	4	vorgeschriebene	VVPP	ADJA
40	5	Pulver	VVIMP	NN
40	6	in	APPR	APPR
40	7	Maßen	VVFIN	NN
40	8	wie	KOKOM	KOKOM
40	9	vor	APPR	ADV
40	10	berührt	VVFIN	VVPP
40	11	ist	VAFIN	VAFIN
40	12	und	KON	KON
40	13	von	APPR	APPR
40	14	Stunde	VVFIN	NN
40	15	an	APPR	APZR
40	16	lasse	VVFIN	VVFIN
40	17	man	PIS	PIS
40	18	die	ART	ART
40	19	Medianadern	NN	NN
40	20	und	KON	KON
40	21	über	APPR	APPR
40	22	eine	ART	ART
40	23	Stunde	VVFIN	NN
40	24	lasse	VVFIN	VVFIN
40	25	man	PIS	PIS
40	26	an­der­wärts	NE	ADV
40	27	ist	VAFIN	VAFIN
40	28	anders	ADV	ADV
40	29	die	ART	ART
40	30	Natur	NN	NN
40	31	so	ADV	ADV
40	32	kräftig	ADJD	ADJD
40	33	dass	ART	KOUS
40	34	sie	PPER	PPER
40	35	das	ART	ART
40	36	Lassen	VVINF	NN
40	37	geleiden	VVINF	VVINF
40	38	mag	VMFIN	VMFIN
40	39	merkt	VVFIN	VVFIN
40	40	eben	ADV	ADV
40	41	dass	ART	KOUS
40	42	man	NE	PIS
40	43	viel	ADV	ADV
40	44	auf	APPR	APPR
40	45	ein	ART	ART
40	46	Mal	NN	NN
40	47	lassen	VVFIN	VVINF
40	48	soll	NE	VMFIN
40	49	also	ADV	ADV
40	50	dass	ART	KOUS
40	51	ein	ART	ART
40	52	Pfund	NN	NN
40	53	Bluts	NN	NN
40	54	gelassen	NN	VVPP
40	55	werde	VAFIN	VAFIN
40	56	.	$.	$.
40	57	wann	PWAV	PWAV
40	58	wenig	PIS	PIAT
40	59	Bluts	NN	NN
40	60	lassen	VVINF	VVINF
40	61	ist	VAFIN	VAFIN
40	62	schädlicher	ADJA	ADJD
40	63	dann	ADV	ADV
40	64	dass	ART	KOUS
40	65	man	PIS	PIS
40	66	nicht	PTKNEG	PTKNEG
40	67	ließ	VVFIN	VVFIN
40	68	und	KON	KON
40	69	tötet	VVFIN	VVFIN
40	70	mehr	ADV	ADV
40	71	dann	ADV	ADV
40	72	sie	PPER	PPER
40	73	gesund	ADJD	ADJD
40	74	macht	VVFIN	VVFIN
40	75	und	KON	KON
40	76	das	ART	PDS
40	77	sehen	VVFIN	VVFIN
40	78	wir	PPER	PPER
40	79	vor	APPR	APPR
40	80	Augen	NN	NN
40	81	wann	PWAV	PWAV
40	82	alle	PIAT	PIS
40	83	die	ART	ART
40	84	Pestilenz	NE	NN
40	85	an	APPR	PTKVZ
40	86	stößt	VVFIN	VVFIN
40	87	lassen	VVINF	VVFIN
40	88	zu	PTKZU	APPR
40	89	der	ART	ART
40	90	Ader	VVINF	NN
40	91	.	$.	$.
41	1	aber	KON	KON
41	2	nach	APPR	APPR
41	3	aller	PIAT	PIAT
41	4	Gewohnheit	NN	NN
41	5	lassen	VVINF	VVFIN
41	6	sie	PPER	PPER
41	7	wenig	PIS	PIAT
41	8	Bluts	NN	NN
41	9	gehen	APPR	VVINF
41	10	und	KON	KON
41	11	sterben	VVINF	VVFIN
41	12	sonder	NN	ADJD
41	13	in	APPR	APPR
41	14	der	ART	ART
41	15	großen	ADJA	ADJA
41	16	Aderlassung	NE	NN
41	17	so	ADV	ADV
41	18	man	NE	PIS
41	19	viel	ADV	PIAT
41	20	Bluts	NN	NN
41	21	auf	APPR	APPR
41	22	ein	ART	ART
41	23	Mal	NN	NN
41	24	lässt	VVIMP	VVFIN
41	25	gehen	APPR	VVINF
41	26	.	$.	$.
42	1	ist	VAFIN	VAFIN
42	2	anders	ADV	ADV
42	3	wann	PWAV	PWAV
42	4	das	ART	ART
42	5	Vergift	NE	NN
42	6	geht	VVFIN	VVFIN
42	7	mit	APPR	APPR
42	8	dem	ART	ART
42	9	Blut	NN	NN
42	10	.	$.	$.
42	11	und	KON	KON
42	12	der	ART	ART
42	13	Mensch	NN	NN
42	14	genest	NN	VVFIN
42	15	und	KON	KON
42	16	ist	VAFIN	VAFIN
42	17	die	ART	ART
42	18	Ursache	NE	NN
42	19	so	ADV	ADV
42	20	die	ART	ART
42	21	Ader	VVIMP	NN
42	22	geschlagen	VVPP	VVPP
42	23	wird	VAFIN	VAFIN
42	24	und	KON	KON
42	25	das	ART	ART
42	26	Blut	NN	NN
42	27	beginnt	VVFIN	VVFIN
42	28	zu	PTKZU	PTKZU
42	29	laufen	VVFIN	VVINF
42	30	.	$.	$.
43	1	so	ADV	ADV
43	2	wird	VAFIN	VAFIN
43	3	zu	PTKZU	APPR
43	4	Hand	VAFIN	NN
43	5	ein	ART	ART
43	6	große	ADJA	ADJA
43	7	Bewegung	NN	NN
43	8	des	ART	ART
43	9	Geblüts	NN	NN
43	10	und	KON	KON
43	11	der	ART	ART
43	12	anderen	ADJA	PIAT
43	13	Feuchtigkeit	NN	NN
43	14	des	ART	ART
43	15	Leichnams	NN	NN
43	16	und	KON	KON
43	17	aus	APPR	APPR
43	18	der	ART	ART
43	19	Bewegung	NN	NN
43	20	der	ART	ART
43	21	vergiftigen	NE	ADJA
43	22	Bradem	NN	NN
43	23	steigt	VVFIN	VVFIN
43	24	auf	APPR	APPR
43	25	zu	PTKZU	APPR
43	26	dem	ART	ART
43	27	Herzen	NN	NN
43	28	und	KON	KON
43	29	zu	PTKZU	APPR
43	30	den	ART	ART
43	31	vorgenehmsten	ADJA	ADJA
43	32	Gliedern	NN	NN
43	33	und	KON	KON
43	34	mag	VMFIN	VMFIN
43	35	nicht	PTKNEG	PTKNEG
43	36	sobald	KOUS	KOUS
43	37	die	ART	ART
43	38	vergifteten	NE	ADJA
43	39	Materien	NN	NN
43	40	ausgetrieben	VVPP	VVPP
43	41	werden	VAFIN	VAINF
43	42	.	$.	$.
43	43	und	KON	KON
43	44	so	ADV	ADV
43	45	die	ART	ART
43	46	Ader	VVIMP	NN
43	47	zu	PTKZU	PTKVZ
43	48	getan	VVPP	VVPP
43	49	wird	VAFIN	VAFIN
43	50	eh	ADV	ADV
43	51	die	ART	ART
43	52	vergiftige	NE	ADJA
43	53	Materie	NN	NN
43	54	gänzlich	NE	ADJD
43	55	ausgetrieben	VVPP	VVPP
43	56	wird	VAFIN	VAFIN
43	57	so	ADV	ADV
43	58	läuft	VVFIN	VVFIN
43	59	der	ART	ART
43	60	vergiftige	ADJD	ADJA
43	61	Bradem	NE	NN
43	62	bald	VVFIN	ADV
43	63	zu	PTKZU	APPR
43	64	dem	ART	ART
43	65	Herzen	NN	NN
43	66	und	KON	KON
43	67	schnell	ADJD	ADJD
43	68	tötet	VVFIN	VVFIN
43	69	das	ART	PDS
43	70	.	$.	$.
43	71	so	ADV	ADV
43	72	aber	ADV	ADV
43	73	das	ART	ART
43	74	Lassen	VVFIN	NN
43	75	groß	ADJD	ADJD
43	76	und	KON	KON
43	77	viel	ADV	ADV
43	78	ist	VAFIN	VAFIN
43	79	.	$.	$.
44	1	wie	KOKOM	KOKOM
44	2	wohl	ADV	ADV
44	3	auch	ADV	ADV
44	4	bewegt	VVFIN	VVPP
44	5	wird	VAFIN	VAFIN
44	6	die	ART	ART
44	7	vergiftige	NE	ADJA
44	8	Materie	NE	NN
44	9	so	ADV	ADV
44	10	wird	VAFIN	VAFIN
44	11	das	ART	ART
44	12	Vergift	NN	NN
44	13	doch	ADV	ADV
44	14	durch	APPR	APPR
44	15	das	ART	ART
44	16	lange	ADV	ADJA
44	17	Laufen	VVFIN	NN
44	18	der	ART	ART
44	19	Adern	VVINF	NN
44	20	ganz	ADV	ADV
44	21	ausgelegt	VVPP	VVPP
44	22	und	KON	KON
44	23	ob	PTKVZ	KOUS
44	24	je	ADV	ADV
44	25	etwas	PIS	PIS
44	26	blieb	NE	VVFIN
44	27	des	ART	ART
44	28	Vergifts	NE	NN
44	29	in	APPR	APPR
44	30	dem	NE	ART
44	31	Leichnam	NN	NN
44	32	.	$.	$.
44	33	so	ADV	ADV
44	34	wird	VAFIN	VAFIN
44	35	die	ART	ART
44	36	Natur	NN	NN
44	37	mächtiger	ADJA	ADJD
44	38	und	KON	KON
44	39	kräftiger	ADJD	ADJD
44	40	wider	APPR	APPR
44	41	das	ART	ART
44	42	überblieben	VVFIN	VVPP
44	43	ist	VAFIN	VAFIN
44	44	.	$.	$.
45	1	und	KON	KON
45	2	durch	APPR	APPR
45	3	Hilfe	NN	NN
45	4	der	ART	ART
45	5	Arznei	NN	NN
45	6	wird	VAFIN	VAFIN
45	7	der	ART	ART
45	8	Natur	NN	NN
45	9	Hilfe	NN	NN
45	10	getan	VVPP	VVPP
45	11	.	$.	$.
46	1	¶	$(	XY
46	2	auch	ADV	ADV
46	3	habe	VAFIN	VAFIN
46	4	ich	PPER	PPER
46	5	keinen	PIAT	PIS
46	6	vernommen	NE	VVPP
46	7	der	ART	ART
46	8	sich	PRF	PRF
46	9	nach	APPR	APPR
46	10	obgeschriebener	NE	ADJA
46	11	Arznei	NN	NN
46	12	und	KON	KON
46	13	Weise	VVFIN	NN
46	14	gehalten	ADJA	VVPP
46	15	habe	VAFIN	VAFIN
46	16	mit	APPR	APPR
46	17	Aderlassen	NN	NN
46	18	und	KON	KON
46	19	gutem	ADJA	ADJA
46	20	Regiment	NE	NN
46	21	.	$.	$.
46	22	der	ART	ART
46	23	in	APPR	APPR
46	24	der	ART	ART
46	25	Sucht	VVFIN	NN
46	26	der	ART	ART
46	27	Pestilenz	NE	NN
46	28	gestorben	VVPP	VVPP
46	29	sei	VAFIN	VAFIN
46	30	¶	$(	XY
46	31	gedruckt	VVPP	VVPP
46	32	zu	PTKZU	APPR
46	33	Erfurt	NE	NE
46	34	.	$.	$.
47	1	von	APPR	APPR
47	2	Hansen	NE	NE
47	3	Sporer	NN	NN
47	4	bei	APPR	APPR
47	5	.	$.	$.
47	6	Sankt	NE	NE
47	8	Veits	NE	NE
47	9	Pfarrer	NN	NN
47	10	in	APPR	APPR
47	11	??	$.	NN
48	1	Liiy	FM	NE
48	2	.	$.	$.
48	3	Jahr	FM	NN
48	4	.	$.	$.
