GOLDPOS	SID	TID	TOKEN	POS1	POS2
KOUS	1	1	wie	PWAV	KOUS
_	1	2	man	PIS	PIS
PDS	1	3	denen	PRELS	PDS
_	1	4	helfen	VVINF	VVINF
_	1	5	soll	VMFIN	VMFIN
_	1	6	/	$(	$(
PRELS	1	7	welche	ADJA	PRELS
_	1	8	mit	APPR	APPR
_	1	9	der	ART	ART
ADJA	1	10	pestilenzische	NE	ADJA
_	1	11	Gift	NN	NN
_	1	12	begriffen	VVPP	VVPP
_	1	13	sind	VAFIN	VAFIN
_	1	14	.	$.	$.
_	2	1	durch	APPR	APPR
NN	2	2	Doctor	NE	NN
NE	2	3	Jodocum	NE	NN
NE	2	4	Willichium	NE	NN
_	2	5	von	APPR	APPR
NE	2	6	Resell	NE	NN
_	2	7	.	$.	$.
VVPP	3	1	gedruckt	VVPP	ADJD
APPR	3	2	zu	PTKZU	APPR
_	3	3	Frankfurt	NE	NE
_	3	4	an	APPR	APPR
_	3	5	der	ART	ART
NE	3	6	Oder	KON	NE
_	3	7	durch	APPR	APPR
_	3	8	Johann	NE	NE
NE	3	9	Eichorn.	NN	NE
CARD	3	10	M.	NE	NE
CARD	3	11	D.	NE	NE
CARD	3	12	L.	NE	NE
KOUS	4	1	wie	PWAV	KOUS
_	4	2	man	PIS	PIS
PDS	4	3	denen	PRELS	PDS
_	4	4	helfen	VVINF	VVINF
_	4	5	soll	VMFIN	VMFIN
_	4	6	/	$(	$(
PRELS	4	7	welche	PWAT	PRELS
_	4	8	mit	APPR	APPR
_	4	9	der	ART	ART
ADJA	4	10	pestilenzische	NE	ADJA
_	4	11	Gift	NN	NN
_	4	12	begriffen	VVPP	VVPP
_	4	13	sind	VAFIN	VAFIN
_	4	14	.	$.	$.
KOUS	5	1	wann	PWAV	PWAV
PIS	5	2	einer	ART	PIS
_	5	3	begriffen	VVPP	VVPP
_	5	4	ist	VAFIN	VAFIN
_	5	5	mit	APPR	APPR
_	5	6	der	ART	ART
_	5	7	Pestilenz	NN	NN
_	5	8	/	$(	$(
_	5	9	soll	VMFIN	VMFIN
_	5	10	er	PPER	PPER
_	5	11	zuvoraus	ADV	ADV
APPR	5	12	zu	PTKZU	APPR
_	5	13	Gott	NN	NN
VVINF	5	14	laufen	VVFIN	VVINF
_	5	15	/	$(	$(
_	5	16	und	KON	KON
ADV	5	17	darnach	PAV	ADV
_	5	18	Gottes	NN	NN
NN	5	19	Gaben	VVFIN	NN
VVINF	5	20	gebrauchen	VVINF	VVFIN
_	5	21	zur	APPRART	APPRART
_	5	22	Gesundheit	NN	NN
_	5	23	/	$(	$(
_	5	24	und	KON	KON
_	5	25	alles	PIS	PIS
_	5	26	in	APPR	APPR
_	5	27	Gottes	NN	NN
_	5	28	Willen	NN	NN
_	5	29	stellen	VVINF	VVINF
_	5	30	/	$(	$(
KOUS	5	31	wie	KOKOM	KOUS
_	5	32	einem	ART	ART
_	5	33	frommen	ADJA	ADJA
_	5	34	Christen	NN	NN
VVFIN	5	35	gebührt	VVFIN	VVPP
_	5	36	und	KON	KON
_	5	37	geziemt	VVFIN	VVFIN
_	5	38	.	$.	$.
_	6	1	also	ADV	ADV
_	6	2	hat	VAFIN	VAFIN
_	6	3	Jesus	NE	NE
_	6	4	Syrach	NE	NE
_	6	5	am	APPRART	APPRART
CARD	6	6	38	XY	CARD
NN	6	7	Kapitel	NE	NN
_	6	8	vormahnt	VVFIN	VVFIN
_	6	9	/	$(	$(
_	6	10	mit	APPR	APPR
_	6	11	diesen	PDAT	PDAT
_	6	12	Worten	NN	NN
_	6	13	.	$.	$.
_	7	1	mein	PPOSAT	PPOSAT
_	7	2	Kind	NN	NN
_	7	3	/	$(	$(
KOUS	7	4	wann	PWAV	PWAV
PPER	7	5	du	PTKZU	PPER
_	7	6	krank	ADJD	ADJD
_	7	7	bist	VAFIN	VAFIN
_	7	8	/	$(	$(
_	7	9	so	ADV	ADV
_	7	10	verachte	VVFIN	VVFIN
_	7	11	dies	PDS	PDS
_	7	12	nicht	PTKNEG	PTKNEG
_	7	13	/	$(	$(
_	7	14	sondern	KON	KON
VVFIN	7	15	bitte	ADV	VVFIN
_	7	16	den	ART	ART
_	7	17	Herrn	NN	NN
_	7	18	/	$(	$(
_	7	19	so	ADV	ADV
_	7	20	wird	VAFIN	VAFIN
_	7	21	er	PPER	PPER
_	7	22	dich	PPER	PPER
_	7	23	gesund	ADJD	ADJD
_	7	24	machen	VVINF	VVINF
_	7	25	/	$(	$(
VVIMP	7	26	lass	VVFIN	ADJD
_	7	27	von	APPR	APPR
_	7	28	der	ART	ART
_	7	29	Sünde	NN	NN
_	7	30	/	$(	$(
_	7	31	und	KON	KON
VVIMP	7	32	mache	VVFIN	VVFIN
_	7	33	deine	PPOSAT	PPOSAT
_	7	34	Hände	NN	NN
_	7	35	unsträflich	ADJD	ADJD
_	7	36	/	$(	$(
_	7	37	und	KON	KON
VVIMP	7	38	reinige	VVFIN	VVFIN
_	7	39	das	ART	ART
_	7	40	Herz	NN	NN
_	7	41	von	APPR	APPR
_	7	42	aller	PIAT	PIAT
_	7	43	Missetat	NN	NN
_	7	44	/	$(	$(
VVIMP	7	45	opfer	NN	VVFIN
_	7	46	süßen	ADJA	ADJA
_	7	47	Geruch	NN	NN
_	7	48	/	$(	$(
_	7	49	und	KON	KON
_	7	50	Semmel	NN	NN
_	7	51	/	$(	$(
_	7	52	und	KON	KON
VVIMP	7	53	gedenk	VVIMP	VVFIN
_	7	54	Opfer	NN	NN
_	7	55	/	$(	$(
_	7	56	und	KON	KON
_	7	57	gib	VVIMP	VVIMP
_	7	58	ein	ART	ART
ADJA	7	59	fettes	ADJD	ADJA
_	7	60	Opfer	NN	NN
_	7	61	/	$(	$(
_	7	62	als	KOKOM	KOKOM
VMFIN	7	63	müssest	VVFIN	VMFIN
_	7	64	du	PPER	PPER
_	7	65	davon	PAV	PAV
_	7	66	/	$(	$(
PAV	7	67	Darnach	PAV	ADV
VVIMP	7	68	lass	VVFIN	ADJD
_	7	69	den	ART	ART
_	7	70	Arzt	NN	NN
APPR	7	71	zu	PTKZU	APPR
PPER	7	72	dir	PPER	PRF
_	7	73	/	$(	$(
_	7	74	denn	KON	KON
_	7	75	der	ART	ART
_	7	76	Herr	NN	NN
_	7	77	hat	VAFIN	VAFIN
_	7	78	ihn	PPER	PPER
_	7	79	geschaffen	VVPP	VVPP
_	7	80	/	$(	$(
_	7	81	und	KON	KON
VVIMP	7	82	lass	ART	ADJD
_	7	83	ihn	PPER	PPER
_	7	84	nicht	PTKNEG	PTKNEG
_	7	85	von	APPR	APPR
PRF	7	86	dir	PPER	PRF
_	7	87	/	$(	$(
_	7	88	weil	KOUS	KOUS
PPER	7	89	du	PTKZU	PPER
PPER	7	90	seiner	VAINF	PPOSAT
_	7	91	doch	ADV	ADV
VVFIN	7	92	bedarfst	ADJD	VVFIN
_	7	93	.	$.	$.
_	8	1	es	PPER	PPER
_	8	2	kann	VMFIN	VMFIN
_	8	3	die	ART	ART
NN	8	4	Stunde	VVFIN	NN
VVINF	8	5	kommen	VVFIN	VVINF
_	8	6	/	$(	$(
KOUS	8	7	dass	ART	KOUS
_	8	8	dem	ART	ART
_	8	9	Kranken	NN	NN
_	8	10	allein	ADV	ADV
_	8	11	durch	APPR	APPR
_	8	12	ihn	PPER	PPER
_	8	13	geholfen	VVPP	VVPP
_	8	14	werde	VAFIN	VAFIN
_	8	15	/	$(	$(
_	8	16	wenn	KOUS	KOUS
_	8	17	sie	PPER	PPER
_	8	18	den	ART	ART
_	8	19	Herrn	NN	NN
_	8	20	bitten	VVINF	VVINF
_	8	21	/	$(	$(
KOUS	8	22	dass	ART	KOUS
_	8	23	mit	APPR	APPR
_	8	24	ihm	PPER	PPER
_	8	25	besser	ADJD	ADJD
_	8	26	werde	VAFIN	VAFIN
_	8	27	/	$(	$(
_	8	28	und	KON	KON
_	8	29	Gesundheit	NN	NN
_	8	30	kriege	VVFIN	VVFIN
_	8	31	länger	ADJD	ADJD
_	8	32	zu	PTKZU	PTKZU
VVINF	8	33	leben	VVFIN	VVINF
_	8	34	.	$.	$.
PRELS	9	1	wer	PWS	PWS
_	9	2	für	APPR	APPR
_	9	3	seinem	PPOSAT	PPOSAT
_	9	4	Schöpfer	NN	NN
_	9	5	sündigt	VVFIN	VVFIN
_	9	6	/	$(	$(
PDS	9	7	der	ART	PRELS
_	9	8	muss	VMFIN	VMFIN
_	9	9	dem	ART	ART
_	9	10	Arzt	NN	NN
_	9	11	in	APPR	APPR
_	9	12	die	ART	ART
_	9	13	Hände	NN	NN
VVINF	9	14	kommen	VVFIN	VVINF
_	9	15	.	$.	$.
_	10	1	aus	APPR	APPR
_	10	2	diesen	PDAT	PDAT
_	10	3	Worten	NN	NN
_	10	4	kann	VMFIN	VMFIN
_	10	5	man	PIS	PIS
ADV	10	6	klärlich	ADV	ADJD
_	10	7	merken	VVINF	VVINF
_	10	8	/	$(	$(
KOUS	10	9	wie	KOKOM	KOUS
_	10	10	sich	PRF	PRF
_	10	11	ein	ART	ART
NN	10	12	Kranker	ADJA	NN
_	10	13	halten	VVINF	VVINF
_	10	14	soll	VMFIN	VMFIN
_	10	15	.	$.	$.
_	11	1	zum	APPRART	APPRART
CARD	11	2	Ersten	ADJA	NN
_	11	3	soll	VMFIN	VMFIN
_	11	4	er	PPER	PPER
_	11	5	fromm	ADJD	ADJD
_	11	6	werden	VAINF	VAINF
_	11	7	/	$(	$(
KOUS	11	8	so	ADV	ADV
_	11	9	er	PPER	PPER
_	11	10	im	APPRART	APPRART
ADJA	11	11	rechtschaffenem	NE	ADJA
NN	11	12	Glauben	VVFIN	NN
_	11	13	Gott	NN	NN
_	11	14	anruft	VVFIN	VVFIN
_	11	15	/	$(	$(
_	11	16	und	KON	KON
_	11	17	im	APPRART	APPRART
_	11	18	rechten	ADJA	ADJA
_	11	19	Wege	NN	NN
_	11	20	nach	APPR	APPR
_	11	21	Gottes	NN	NN
_	11	22	Willen	NN	NN
VVINF	11	23	leben	VVFIN	VVINF
_	11	24	will	VMFIN	VMFIN
_	11	25	/	$(	$(
_	11	26	und	KON	KON
_	11	27	ihm	PPER	PPER
_	11	28	mit	APPR	APPR
_	11	29	reinem	ADJA	ADJA
_	11	30	Herzen	NN	NN
_	11	31	dienen	VVINF	VVINF
_	11	32	/	$(	$(
_	11	33	und	KON	KON
_	11	34	dankbar	ADJD	ADJD
_	11	35	sein	VAINF	VAINF
_	11	36	.	$.	$.
_	12	1	zum	APPRART	APPRART
CARD	12	2	Anderen	ADJA	PIS
VVIMP	12	3	lass	VVFIN	ADJD
_	12	4	für	APPR	APPR
PRF	12	5	dich	PPER	PRF
VVINF	12	6	bitten	VVINF	VVFIN
_	12	7	in	APPR	APPR
_	12	8	der	ART	ART
NN	12	9	Gemeinde	ADJA	NN
_	12	10	Gottes	NN	NN
_	12	11	.	$.	$.
_	13	1	dann	ADV	ADV
_	13	2	bei	APPR	APPR
_	13	3	den	ART	ART
_	13	4	Christen	NN	NN
_	13	5	ist	VAFIN	VAFIN
_	13	6	Opfern	NN	NN
PIAT	13	7	nichts	PIS	PIAT
PIS	13	8	anderes	ADV	PIS
_	13	9	/	$(	$(
_	13	10	dann	ADV	ADV
NN	13	11	Beten	VVINF	NN
_	13	12	/	$(	$(
_	13	13	und	KON	KON
_	13	14	Gott	NN	NN
_	13	15	für	APPR	APPR
_	13	16	seine	PPOSAT	PPOSAT
NN	13	17	Wohltat	VVFIN	NN
_	13	18	danken	VVINF	VVINF
_	13	19	.	$.	$.
_	14	1	zum	APPRART	APPRART
ADV	14	2	Letzten	ADJA	NN
_	14	3	soll	VMFIN	VMFIN
_	14	4	er	PPER	PPER
_	14	5	zum	APPRART	APPRART
_	14	6	Arzt	NN	NN
_	14	7	Zuflucht	NN	NN
VAINF	14	8	haben	VAFIN	VAFIN
_	14	9	/	$(	$(
_	14	10	und	KON	KON
_	14	11	ihn	PPER	PPER
_	14	12	nicht	PTKNEG	PTKNEG
_	14	13	vorachten	VVINF	VVINF
_	14	14	/	$(	$(
_	14	15	dieweil	KOUS	KOUS
PPER	14	16	ihn	APPR	PPER
_	14	17	Gott	NN	NN
_	14	18	geschaffen	VVPP	VVPP
_	14	19	hat	VAFIN	VAFIN
_	14	20	.	$.	$.
_	15	1	darum	PAV	PAV
_	15	2	sagt	VVFIN	VVFIN
_	15	3	der	ART	ART
_	15	4	Jesus	NE	NE
_	15	5	Syrach	NE	NE
PTKA	15	6	kurz	ADJD	ADJD
_	15	7	zuvor	ADV	ADV
_	15	8	/	$(	$(
_	15	9	der	ART	ART
_	15	10	Herr	NN	NN
VVFIN	15	11	lässt	VVIMP	VVFIN
_	15	12	die	ART	ART
NN	15	13	Arznei	NE	NN
_	15	14	aus	APPR	APPR
_	15	15	der	ART	ART
_	15	16	Erde	NN	NN
_	15	17	wachsen	VVINF	VVINF
_	15	18	/	$(	$(
_	15	19	und	KON	KON
_	15	20	ein	ART	ART
NN	15	21	Vornünftiger	NE	NN
VVFIN	15	22	verachtet	NN	VVFIN
_	15	23	sie	PPER	PPER
_	15	24	nicht	PTKNEG	PTKNEG
_	15	25	.	$.	$.
_	16	1	ward	VAFIN	VAFIN
_	16	2	doch	ADV	ADV
_	16	3	das	ART	ART
ADJA	16	4	bittere	ADJD	ADJA
_	16	5	Wasser	NN	NN
ADJD	16	6	süß	ADJA	ADJD
_	16	7	/	$(	$(
_	16	8	durch	APPR	APPR
_	16	9	ein	ART	ART
_	16	10	Holz	NN	NN
_	16	11	/	$(	$(
_	16	12	auf	APPR	APPR
KOUS	16	13	dass	ART	KOUS
_	16	14	man	PIS	PIS
_	16	15	seine	PPOSAT	PPOSAT
_	16	16	Kraft	NN	NN
_	16	17	erkennen	VVINF	VVINF
_	16	18	solle	VMFIN	VMFIN
_	16	19	.	$.	$.
_	17	1	und	KON	KON
_	17	2	er	PPER	PPER
_	17	3	hat	VAFIN	VAFIN
_	17	4	solche	PIAT	PIAT
_	17	5	Kunst	NN	NN
_	17	6	den	ART	ART
_	17	7	Menschen	NN	NN
_	17	8	gegeben	VVPP	VVPP
_	17	9	/	$(	$(
KOUS	17	10	dass	ART	KOUS
_	17	11	er	PPER	PPER
_	17	12	gepriesen	VVPP	VVPP
_	17	13	werde	VAFIN	VAFIN
_	17	14	in	APPR	APPR
_	17	15	seinen	PPOSAT	PPOSAT
_	17	16	Wundertaten	NN	NN
_	17	17	/	$(	$(
FM	17	18	et cetera	ADV	FM
_	18	1	und	KON	KON
_	18	2	also	ADV	ADV
_	18	3	tat	VVFIN	VVFIN
_	18	4	auch	ADV	ADV
_	18	5	der	ART	ART
NN	18	6	König	NN	NE
_	18	7	Hiskia	NE	NE
_	18	8	/	$(	$(
PRELS	18	9	welcher	VVIMP	PWS
PTKA	18	10	sehr	NE	ADV
_	18	11	krank	ADJD	ADJD
_	18	12	war	VAFIN	VAFIN
_	18	13	/	$(	$(
_	18	14	und	KON	KON
_	18	15	der	ART	ART
_	18	16	Prophet	NN	NN
_	18	17	Jesaia	NE	NE
APPR	18	18	zu	PTKZU	APPR
PPER	18	19	ihm	APPRART	PPER
_	18	20	kam	VVFIN	VVFIN
_	18	21	/	$(	$(
_	18	22	und	KON	KON
_	18	23	sprach	VVFIN	VVFIN
APPR	18	24	zu	PTKZU	APPR
_	18	25	ihm	PPER	PPER
_	18	26	.	$.	$.
_	19	1	so	ADV	ADV
_	19	2	spricht	VVFIN	VVFIN
_	19	3	der	ART	ART
_	19	4	Herr	NN	NN
_	19	5	/	$(	$(
VVIMP	19	6	bestelle	VVFIN	VVFIN
_	19	7	dein	PPOSAT	PPOSAT
_	19	8	Haus	NN	NN
_	19	9	/	$(	$(
_	19	10	denn	KON	KON
PPER	19	11	du	PTKZU	PPER
_	19	12	wirst	VAFIN	VAFIN
_	19	13	sterben	VVINF	VVINF
_	19	14	/	$(	$(
_	19	15	und	KON	KON
_	19	16	nicht	PTKNEG	PTKNEG
_	19	17	lebendig	ADJD	ADJD
_	19	18	bleiben	VVINF	VVINF
_	19	19	.	$.	$.
_	20	1	da	ADV	ADV
VVFIN	20	2	wendet	PWS	VVFIN
_	20	3	Hiskia	NE	NE
PPOSAT	20	4	sein	VAINF	PPOSAT
_	20	5	Angesicht	NN	NN
_	20	6	zur	APPRART	APPRART
NN	20	7	Wand	VVFIN	NN
_	20	8	/	$(	$(
_	20	9	und	KON	KON
_	20	10	betet	VVFIN	VVFIN
_	20	11	zum	APPRART	APPRART
_	20	12	Herrn	NN	NN
_	20	13	/	$(	$(
_	20	14	und	KON	KON
_	20	15	sprach	VVFIN	VVFIN
_	20	16	.	$.	$.
VVIMP	21	1	gedenk	NE	VVIMP
_	21	2	doch	ADV	ADV
_	21	3	Herr	NN	NN
_	21	4	/	$(	$(
KOUS	21	5	wie	KOKOM	KOUS
_	21	6	ich	PPER	PPER
_	21	7	vor	APPR	APPR
PPER	21	8	dir	ART	PRF
_	21	9	gewandelt	VVPP	VVPP
VAFIN	21	10	hab	VAFIN	VAIMP
_	21	11	in	APPR	APPR
_	21	12	der	ART	ART
_	21	13	Wahrheit	NN	NN
_	21	14	/	$(	$(
_	21	15	mit	APPR	APPR
_	21	16	vollkommenem	ADJA	ADJA
_	21	17	Herzen	NN	NN
_	21	18	/	$(	$(
_	21	19	und	KON	KON
_	21	20	habe	VAFIN	VAFIN
_	21	21	getan	VVPP	VVPP
PRELS	21	22	was	PWS	PIS
_	21	23	dir	PPER	PPER
_	21	24	gefallen	VVPP	VVPP
_	21	25	hat	VAFIN	VAFIN
_	21	26	/	$(	$(
_	21	27	und	KON	KON
_	21	28	Hiskia	NE	NE
_	21	29	weint	VVFIN	VVFIN
ADV	21	30	sehr	NE	ADV
_	21	31	.	$.	$.
_	22	1	da	ADV	ADV
_	22	2	sprach	VVFIN	VVFIN
_	22	3	Gott	NN	NN
_	22	4	der	ART	ART
_	22	5	Herr	NN	NN
APPR	22	6	zu	PTKZU	APPR
_	22	7	Jesaia	NE	NE
_	22	8	/	$(	$(
VVIMP	22	9	gehe	NE	VVFIN
_	22	10	hin	PTKVZ	PTKVZ
_	22	11	und	KON	KON
VVIMP	22	12	sage	VVFIN	VVFIN
_	22	13	Hiskia	NE	NE
_	22	14	/	$(	$(
_	22	15	so	ADV	ADV
_	22	16	spricht	VVFIN	VVFIN
_	22	17	der	ART	ART
_	22	18	Herr	NN	NN
_	22	19	der	ART	ART
_	22	20	Gott	NN	NN
_	22	21	deines	PPOSAT	PPOSAT
_	22	22	Vaters	NN	NN
_	22	23	David	NE	NE
_	22	24	.	$.	$.
_	23	1	ich	PPER	PPER
_	23	2	habe	VAFIN	VAFIN
_	23	3	dein	PPOSAT	PPOSAT
_	23	4	Gebet	NN	NN
VVPP	23	5	gehört	VVFIN	VVPP
_	23	6	/	$(	$(
_	23	7	und	KON	KON
_	23	8	deinen	PPOSAT	PPOSAT
_	23	9	Tränen	NN	NN
_	23	10	gesehen	VVPP	VVPP
_	23	11	.	$.	$.
VVIMP	24	1	sieh	PRF	VVIMP
_	24	2	ich	PPER	PPER
_	24	3	will	VMFIN	VMFIN
_	24	4	deinen	PPOSAT	PPOSAT
_	24	5	Tagen	NN	NN
_	24	6	noch	ADV	ADV
_	24	7	fünfzehn	CARD	CARD
_	24	8	Jahr	NN	NN
_	24	9	zulegen	VVINF	VVINF
_	24	10	/	$(	$(
_	24	11	und	KON	KON
_	24	12	will	VMFIN	VMFIN
_	24	13	dich	PPER	PPER
_	24	14	samt	APPR	APPR
_	24	15	dieser	PDAT	PDAT
NN	24	16	stat	APPR	NN
VVINF	24	17	erretten	VVINF	VVFIN
_	24	18	von	APPR	APPR
_	24	19	der	ART	ART
_	24	20	Hand	NN	NN
_	24	21	des	ART	ART
_	24	22	Königs	NN	NN
APPR	24	23	zu	PTKZU	APPR
_	24	24	Assyrien	NE	NE
_	24	25	/	$(	$(
_	24	26	denn	KON	KON
_	24	27	ich	PPER	PPER
_	24	28	will	VMFIN	VMFIN
_	24	29	diese	PDAT	PDAT
NN	24	30	Stadt	APPR	NN
_	24	31	wohl	ADV	ADV
VVINF	24	32	verteidigen	NE	VVINF
_	24	33	.	$.	$.
_	25	1	bald	ADV	ADV
PAV	25	2	darnach	PAV	ADV
_	25	3	hat	VAFIN	VAFIN
_	25	4	der	ART	ART
_	25	5	Prophet	NN	NN
_	25	6	befohlen	VVPP	VVPP
_	25	7	man	PIS	PIS
_	25	8	soll	VMFIN	VMFIN
_	25	9	ihm	PPER	PPER
_	25	10	ein	ART	ART
_	25	11	Pflaster	NN	NN
_	25	12	von	APPR	APPR
NN	25	13	Feigen	ADJA	NN
_	25	14	gemacht	VVPP	VVPP
_	25	15	auf	APPR	APPR
_	25	16	das	ART	ART
NN	25	17	Geschwer	NE	NN
_	25	18	legen	VVINF	VVINF
_	25	19	/	$(	$(
_	25	20	dardurch	PAV	PAV
_	25	21	er	PPER	PPER
_	25	22	auch	ADV	ADV
_	25	23	gesund	ADJD	ADJD
_	25	24	ist	VAFIN	VAFIN
VAPP	25	25	worden	VAPP	VAPP
_	25	26	.	$.	$.
_	26	1	auf	APPR	APPR
_	26	2	diese	PDAT	PDAT
_	26	3	Art	NN	NN
VAFIN	26	4	werden	VAINF	VAFIN
_	26	5	in	APPR	APPR
_	26	6	dieser	PDAT	PDAT
_	26	7	fährlichen	ADJA	ADJA
_	26	8	Zeit	NN	NN
_	26	9	sich	PRF	PRF
_	26	10	alle	PIAT	PIAT
_	26	11	Christen	NN	NN
_	26	12	schicken	VVINF	VVINF
_	26	13	/	$(	$(
_	26	14	und	KON	KON
_	26	15	zubereiten	VVINF	VVINF
_	26	16	/	$(	$(
KOUS	26	17	dann	ADV	ADV
_	26	18	es	PPER	PPER
_	26	19	auch	ADV	ADV
_	26	20	die	ART	ART
_	26	21	große	ADJA	ADJA
_	26	22	Not	NN	NN
VVFIN	26	23	erfordert	VVFIN	VVPP
_	26	24	/	$(	$(
_	26	25	und	KON	KON
_	26	26	Gott	NN	NN
_	26	27	will	VMFIN	VMFIN
_	26	28	barmherzig	ADJD	ADJD
_	26	29	sein	VAINF	VAINF
_	26	30	/	$(	$(
PDS	26	31	denen	PRELS	PDS
PRELS	26	32	die	ART	PRELS
_	26	33	ihn	PPER	PPER
_	26	34	anrufen	VVINF	VVINF
_	26	35	/	$(	$(
_	26	36	mit	APPR	APPR
_	26	37	rechtschaffenem	ADJA	ADJA
NN	26	38	Glauben	VVFIN	NN
KON	26	39	dann	ADV	ADV
_	26	40	er	PPER	PPER
_	26	41	hat	VAFIN	VAFIN
_	26	42	es	PPER	PPER
_	26	43	zugesagt	VVPP	VVPP
_	26	44	/	$(	$(
KOUS	26	45	dass	ART	KOUS
_	26	46	er	PPER	PPER
_	26	47	uns	PPER	PPER
_	26	48	von	APPR	APPR
_	26	49	dem	ART	ART
NN	26	50	Übel	ADV	NN
_	26	51	erretten	VVINF	VVINF
_	26	52	will	VMFIN	VMFIN
_	26	53	.	$.	$.
PRELS	27	1	was	PWS	PWS
_	27	2	aber	ADV	ADV
_	27	3	die	ART	ART
NN	27	4	Arznei	NE	NN
_	27	5	betrifft	VVFIN	VVFIN
_	27	6	/	$(	$(
_	27	7	will	VMFIN	VMFIN
_	27	8	ich	PPER	PPER
ADV	27	9	kürzlich	ADV	ADJD
VVINF	27	10	anzeigen	VVINF	VVFIN
PTKA	27	11	so	ADV	ADV
_	27	12	weit	ADJD	ADJD
_	27	13	als	KOKOM	KOKOM
_	27	14	die	ART	ART
_	27	15	Not	NN	NN
VVFIN	27	16	erfordert	VVFIN	VVPP
_	27	17	.	$.	$.
_	28	1	zum	APPRART	APPRART
CARD	28	2	Ersten	ADJA	NN
_	28	3	soll	VMFIN	VMFIN
_	28	4	ein	ART	ART
PIS	28	5	jeder	PIAT	PIS
VVINF	28	6	merken	VVINF	VVFIN
_	28	7	die	ART	ART
_	28	8	Zeichen	NN	NN
_	28	9	/	$(	$(
_	28	10	dabei	PAV	PAV
_	28	11	man	PIS	PIS
_	28	12	erkennen	VVINF	VVINF
_	28	13	möchte	VMFIN	VMFIN
_	28	14	/	$(	$(
_	28	15	ob	KOUS	KOUS
PIS	28	16	einen	ART	PIS
_	28	17	die	ART	ART
_	28	18	Gift	NN	NN
_	28	19	begriffen	VVPP	VVPP
_	28	20	habe	VAFIN	VAFIN
_	28	21	/	$(	$(
_	28	22	oder	KON	KON
_	28	23	nicht	PTKNEG	PTKNEG
_	28	24	.	$.	$.
KOUS	29	1	wann	PWAV	PWAV
PIS	29	2	einer	ART	PIS
ADV	29	3	plötzlich	ADJD	ADJD
ADJD	29	4	las	VVFIN	VVFIN
KON	29	5	und	KON	KON
ADJD	29	6	matt	PTKVZ	ADJD
_	29	7	würde	VAFIN	VAFIN
_	29	8	in	APPR	APPR
_	29	9	allen	PIAT	PIAT
_	29	10	seinen	PPOSAT	PPOSAT
_	29	11	Gliedern	NN	NN
_	29	12	/	$(	$(
_	29	13	und	KON	KON
_	29	14	sich	PRF	PRF
ADV	29	15	heftig	ADJD	ADJD
_	29	16	renkt	VVFIN	VVFIN
_	29	17	/	$(	$(
FM	29	18	item	ADV	ADV
KOUS	29	19	wo	PWAV	PWAV
_	29	20	ein	ART	ART
NN	29	21	Schauer	VVIMP	NN
PIS	29	22	einen	ART	ART
_	29	23	bald	ADV	ADV
_	29	24	ankäme	VVFIN	VVFIN
_	29	25	/	$(	$(
_	29	26	oder	KON	KON
_	29	27	eine	ART	ART
ADJA	29	28	plötzliche	ADJD	ADJA
_	29	29	Hitze	NN	NN
_	29	30	/	$(	$(
_	29	31	oder	KON	KON
KOUS	29	32	so	ADV	ADV
_	29	33	er	PPER	PPER
_	29	34	sich	PRF	PRF
VVFIN	29	35	undäut	NE	VVFIN
_	29	36	über	APPR	APPR
_	29	37	die	ART	ART
_	29	38	Gewohnheit	NN	NN
_	29	39	/	$(	$(
_	29	40	oder	KON	KON
KOUS	29	41	so	ADV	ADV
_	29	42	ihn	PPER	PPER
_	29	43	ein	ART	ART
_	29	44	gewaltiger	ADJA	ADJA
NN	29	45	Schlaf	ADJD	NN
_	29	46	überfällt	VVFIN	VVFIN
_	29	47	/	$(	$(
_	29	48	oder	KON	KON
_	29	49	eine	ART	ART
_	29	50	große	ADJA	ADJA
_	29	51	Traurigkeit	NN	NN
PPER	29	52	ihn	APPR	PPER
_	29	53	ängstigt	VVFIN	VVFIN
_	29	54	/	$(	$(
_	29	55	und	KON	KON
_	29	56	der	ART	ART
_	29	57	Harn	NN	NN
PRELS	29	58	welcher	PWAT	PIS
_	29	59	doch	ADV	ADV
APPR	29	60	zu	PTKZU	APPR
_	29	61	dieser	PDAT	PDAT
_	29	62	Zeit	NN	NN
ADV	29	63	wenig	PIS	PIAT
NN	29	64	Gewisses	ADJA	NN
_	29	65	anzeigt	VVFIN	VVFIN
_	29	66	/	$(	$(
_	29	67	ist	VAFIN	VAFIN
ADV	29	68	gemeiniglich	ADV	ADJD
_	29	69	gelblich	ADJD	ADJD
_	29	70	und	KON	KON
_	29	71	trüb	ADJD	ADJD
_	29	72	.	$.	$.
FM	30	1	item	NN	ADV
KOUS	30	2	so	ADV	ADV
PIS	30	3	einem	ART	ART
_	30	4	braune	ADJA	ADJA
_	30	5	Flecken	NN	NN
VVFIN	30	6	ausführen	VVINF	VVINF
_	30	7	/	$(	$(
_	30	8	und	KON	KON
ADV	30	9	sonderlich	ADJD	ADJD
_	30	10	/	$(	$(
KOUS	30	11	wann	PWAV	PWAV
NN	30	12	Beulen	VVINF	NN
_	30	13	und	KON	KON
_	30	14	Blattern	NN	NN
_	30	15	aufgefaren	VVPP	VVPP
_	30	16	wären	VAFIN	VAFIN
_	30	17	/	$(	$(
_	30	18	oder	KON	KON
_	30	19	zum	APPRART	APPRART
ADV	30	20	Wenigsten	PIAT	NN
PIAT	30	21	ein	ART	ART
NN	30	22	Gliedmaß	NE	NN
_	30	23	mehr	ADV	ADV
VVPP	30	24	beschwert	VVFIN	VVPP
_	30	25	würde	VAFIN	VAFIN
_	30	26	/	$(	$(
KOKOM	30	27	dann	ADV	ADV
_	30	28	die	ART	ART
PIS	30	29	anderen	ADJA	PIS
_	30	30	.	$.	$.
FM	31	1	item	NN	ADV
KOUS	31	2	wann	PWAV	PWAV
_	31	3	der	ART	ART
_	31	4	Leib	NN	NN
ADV	31	5	inwendig	ADJD	ADJD
_	31	6	heiß	ADJD	ADJD
_	31	7	ist	VAFIN	VAFIN
_	31	8	/	$(	$(
_	31	9	und	KON	KON
ADV	31	10	auswendig	ADJD	ADV
_	31	11	kalt	ADJD	ADJD
_	31	12	.	$.	$.
FM	32	1	item	NN	ADV
KOUS	32	2	so	ADV	ADV
_	32	3	ihm	PPER	PPER
_	32	4	der	ART	ART
_	32	5	Kopf	NN	NN
_	32	6	schwer	ADJD	ADJD
_	32	7	würde	VAFIN	VAFIN
ADV	32	8	plötzlich	ADJD	ADJD
_	32	9	/	$(	$(
KOUS	32	10	so	ADV	ADV
_	32	11	ihm	PPER	PPER
_	32	12	die	ART	ART
_	32	13	Lust	NN	NN
_	32	14	zum	APPRART	APPRART
NN	32	15	Essen	VVINF	NN
_	32	16	vergangen	VVPP	VVPP
VAFIN	32	17	wäre	PWS	VAFIN
_	32	18	/	$(	$(
KOUS	32	19	so	ADV	ADV
_	32	20	ihn	PPER	PPER
_	32	21	heftiger	ADJA	ADJA
_	32	22	Durst	NN	NN
_	32	23	bald	ADV	ADV
_	32	24	plagt	VVFIN	VVFIN
_	32	25	/	$(	$(
KOUS	32	26	so	ADV	ADV
_	32	27	ihm	PPER	PPER
_	32	28	der	ART	ART
NN	32	29	Puls	NE	NN
_	32	30	klein	ADJD	ADJD
_	32	31	/	$(	$(
_	32	32	öfter	ADV	ADV
_	32	33	und	KON	KON
_	32	34	tief	ADJD	ADJD
_	32	35	ist	VAFIN	VAFIN
_	32	36	/	$(	$(
_	32	37	vor	APPR	APPR
_	32	38	allem	PIS	PIS
_	32	39	soll	VMFIN	VMFIN
_	32	40	man	PIS	PIS
NN	32	41	Achtung	NE	NN
_	32	42	haben	VAFIN	VAFIN
_	32	43	/	$(	$(
KOUS	32	44	so	ADV	ADV
_	32	45	ein	ART	ART
NN	32	46	Wehtag	NE	NN
_	32	47	wäre	VAFIN	VAFIN
_	32	48	an	APPR	APPR
_	32	49	dem	ART	ART
_	32	50	Hals	NN	NN
_	32	51	/	$(	$(
_	32	52	oder	KON	KON
_	32	53	bei	APPR	APPR
_	32	54	den	ART	ART
NN	32	55	Armen	ADJA	NN
_	32	56	/	$(	$(
_	32	57	oder	KON	KON
_	32	58	bei	APPR	APPR
_	32	59	dem	ART	ART
_	32	60	Schoß	NN	NN
_	32	61	und	KON	KON
NN	32	62	Beinen	VVINF	NN
_	32	63	.	$.	$.
KOUS	33	1	so	ADV	ADV
_	33	2	nun	ADV	ADV
_	33	3	solche	PIAT	PIAT
_	33	4	Zeichen	NN	NN
_	33	5	zum	APPRART	APPRART
_	33	6	Teil	NN	NN
VVFIN	33	7	erscheinen	VVINF	VVINF
_	33	8	/	$(	$(
_	33	9	soll	VMFIN	VMFIN
_	33	10	man	PIS	PIS
_	33	11	nicht	PTKNEG	PTKNEG
VVINF	33	12	zweifeln	VVFIN	VVINF
_	33	13	/	$(	$(
KOUS	33	14	das	ART	PRELS
_	33	15	ihn	PPER	PPER
_	33	16	die	ART	ART
_	33	17	Gift	NN	NN
_	33	18	schon	ADV	ADV
_	33	19	begriffen	VVPP	VVPP
_	33	20	hat	VAFIN	VAFIN
_	33	21	.	$.	$.
PAV	34	1	darzu	PAV	ADV
_	34	2	muss	VMFIN	VMFIN
_	34	3	man	PIS	PIS
_	34	4	bald	ADV	ADV
_	34	5	zur	APPRART	APPRART
NN	34	6	Ader	VVIMP	NN
_	34	7	lassen	VVINF	VVINF
_	34	8	/	$(	$(
_	34	9	und	KON	KON
_	34	10	in	APPR	APPR
PDS	34	11	Demselbigen	PDAT	NN
_	34	12	nicht	PTKNEG	PTKNEG
VVINF	34	13	irren	ADJA	VVINF
_	34	14	/	$(	$(
PRELS	34	15	welches	PRELS	PWS
_	34	16	nicht	PTKNEG	PTKNEG
_	34	17	ohne	APPR	APPR
_	34	18	merklichen	ADJA	ADJA
NN	34	19	Schaden	VVINF	NN
_	34	20	abgehen	VVINF	VVINF
_	34	21	würde	VAFIN	VAFIN
_	34	22	.	$.	$.
PAV	35	1	derhalben	PAV	NN
_	35	2	sollen	VMFIN	VMFIN
_	35	3	die	ART	ART
NN	35	4	Barbiere	NE	NN
_	35	5	aufmerken	VVINF	VVINF
_	35	6	und	KON	KON
_	35	7	nicht	PTKNEG	PTKNEG
ADjD	35	8	törlich	ADJD	ADJD
_	35	9	eine	ART	ART
ADJA	35	10	itzliche	NE	ADJA
NN	35	11	Ader	VVINF	NN
VVINF	35	12	schlagen	VVFIN	VVINF
_	35	13	.	$.	$.
_	36	1	es	PPER	PPER
_	36	2	ist	VAFIN	VAFIN
_	36	3	wohl	ADV	ADV
_	36	4	zu	PTKZU	PTKZU
_	36	5	merken	VVINF	VVINF
KOUS	36	6	dass	ART	KOUS
_	36	7	die	ART	ART
_	36	8	Gift	NN	NN
ADV	36	9	sonderlich	ADJD	ADJD
_	36	10	drei	CARD	CARD
NN	36	11	Gliedmaßen	NE	NN
_	36	12	begreife	VVFIN	VVFIN
_	36	13	/	$(	$(
ADV	36	14	als	KOKOM	KOKOM
_	36	15	das	ART	ART
_	36	16	Gehirn	NN	NN
_	36	17	/	$(	$(
_	36	18	das	ART	ART
_	36	19	Herz	NN	NN
_	36	20	/	$(	$(
_	36	21	und	KON	KON
_	36	22	die	ART	ART
NN	36	23	Leber	VVFIN	NN
_	36	24	/	$(	$(
KON	36	25	doch	ADV	KON
_	36	26	muss	VMFIN	VMFIN
_	36	27	allezeit	ADV	ADV
_	36	28	das	ART	ART
_	36	29	Herz	NN	NN
_	36	30	mit	APPR	APPR
_	36	31	Not	NN	NN
_	36	32	leiden	VVINF	VVINF
_	36	33	/	$(	$(
KON	36	34	dann	ADV	ADV
_	36	35	die	ART	ART
_	36	36	Gift	NN	NN
_	36	37	dringt	VVFIN	VVFIN
ADJD	36	38	mächtig	ADJD	ADJD
_	36	39	nach	APPR	APPR
_	36	40	dem	ART	ART
_	36	41	Herzen	NN	NN
_	36	42	/	$(	$(
PAV	36	43	derhalben	PAV	NN
VVFIN	36	44	schlagen	NE	VVFIN
_	36	45	die	ART	ART
NN	36	46	Blattern	ADJA	NN
_	36	47	und	KON	KON
NN	36	48	Beulen	VVINF	NN
ADV	36	49	gemeiniglich	ADV	ADJD
PTKVZ	36	50	aus	APPR	PTKVZ
_	36	51	/	$(	$(
KOUS	36	52	so	ADV	ADV
_	36	53	es	PPER	PPER
_	36	54	im	APPRART	APPRART
_	36	55	Gehirn	NN	NN
_	36	56	ist	VAFIN	VAFIN
_	36	57	/	$(	$(
_	36	58	um	APPR	APPR
_	36	59	den	ART	ART
_	36	60	Kopf	NN	NN
_	36	61	und	KON	KON
_	36	62	Hals	NN	NN
_	36	63	/	$(	$(
KOUS	36	64	so	ADV	ADV
_	36	65	die	ART	ART
_	36	66	Gift	NN	NN
_	36	67	im	APPRART	APPRART
_	36	68	Herzen	NN	NN
_	36	69	ist	VAFIN	VAFIN
_	36	70	/	$(	$(
_	36	71	so	ADV	ADV
VVFIN	36	72	erscheinen	VVINF	VVFIN
_	36	73	sie	PPER	PPER
_	36	74	an	APPR	APPR
_	36	75	dem	ART	ART
NN	36	76	Arm	ADJD	NN
_	36	77	/	$(	$(
_	36	78	und	KON	KON
ADV	36	79	sonderlich	ADJD	ADJD
_	36	80	unter	APPR	APPR
_	36	81	dem	ART	ART
NN	36	82	Achsel	NE	NN
_	36	83	/	$(	$(
KOUS	36	84	so	ADV	ADV
PDS	36	85	die	ART	ART
_	36	86	in	APPR	APPR
_	36	87	der	ART	ART
NN	36	88	Leber	VVFIN	NN
_	36	89	ist	VAFIN	VAFIN
_	36	90	/	$(	$(
_	36	91	so	ADV	ADV
VVFIN	36	92	sieht	NN	VVFIN
_	36	93	man	PIS	PIS
_	36	94	die	ART	ART
NN	36	95	Apostemata	NE	NN
_	36	96	bei	APPR	APPR
_	36	97	dem	ART	ART
NN	36	98	Gemächt	VVPP	NN
_	36	99	/	$(	$(
_	36	100	und	KON	KON
NN	36	101	Beinen	VVINF	NN
_	36	102	/	$(	$(
_	36	103	und	KON	KON
_	36	104	ja	ADV	ADV
_	36	105	die	ART	ART
NN	36	106	Geschwüre	NE	NN
ADJD	36	107	heftiger	ADJA	ADJD
_	36	108	und	KON	KON
_	36	109	weiter	ADV	ADV
_	36	110	von	APPR	APPR
_	36	111	den	ART	ART
_	36	112	drei	CARD	CARD
_	36	113	vornehmlichen	ADJA	ADJA
NN	36	114	Gliedmaßen	NE	NN
_	36	115	getrieben	VVPP	VVPP
VAFIN	36	116	werden	VAINF	VAINF
_	36	117	/	$(	$(
_	36	118	ja	ADV	ADV
_	36	119	die	ART	ART
_	36	120	Kraft	NN	NN
PDS	36	121	derselbigen	PDAT	ADJA
PTKA	36	122	noch	ADV	ADV
_	36	123	stärker	ADJD	ADJD
_	36	124	ist	VAFIN	VAFIN
_	36	125	/	$(	$(
_	36	126	und	KON	KON
_	36	127	ist	VAFIN	VAFIN
_	36	128	ein	ART	ART
ADJA	36	129	gutes	ADJD	ADJA
_	36	130	Zeichen	NN	NN
KOUS	36	131	dass	ART	KOUS
_	36	132	die	ART	ART
_	36	133	Natur	NN	NN
_	36	134	noch	ADV	ADV
_	36	135	kräftig	ADJD	ADJD
_	36	136	ist	VAFIN	VAFIN
_	36	137	.	$.	$.
_	37	1	wiederum	ADV	ADV
_	37	2	ist	VAFIN	VAFIN
_	37	3	sie	PPER	PPER
_	37	4	schwach	ADJD	ADJD
_	37	5	/	$(	$(
KOUS	37	6	so	ADV	ADV
_	37	7	sie	PPER	PPER
_	37	8	nicht	PTKNEG	PTKNEG
ADJD	37	9	gewaltig	ADJD	ADJD
_	37	10	austreibt	VVFIN	VVFIN
_	37	11	/	$(	$(
_	37	12	sondern	KON	KON
_	37	13	allein	ADV	ADV
ADJA	37	14	denselbigen	PDAT	ADJA
_	37	15	/	$(	$(
_	37	16	oder	KON	KON
_	37	17	den	ART	ART
_	37	18	nächsten	ADJA	ADJA
_	37	19	Ort	NN	NN
VVFIN	37	20	beschwert	VVINF	VVFIN
_	37	21	.	$.	$.
_	38	1	so	ADV	ADV
_	38	2	muss	VMFIN	VMFIN
_	38	3	nun	ADV	ADV
_	38	4	ein	ART	ART
NN	38	5	Barbier	NE	NN
_	38	6	alle	PIAT	PIAT
_	38	7	Zeit	NN	NN
_	38	8	auf	APPR	APPR
_	38	9	der	ART	ART
_	38	10	Seite	NN	NN
_	38	11	die	ART	ART
NN	38	12	Adern	VVINF	NN
VVINF	38	13	schlagen	VVFIN	VVINF
_	38	14	/	$(	$(
_	38	15	in	APPR	APPR
PRELS	38	16	welcher	PWAT	PIS
_	38	17	das	ART	ART
_	38	18	Geschwür	NN	NN
_	38	19	/	$(	$(
_	38	20	oder	KON	KON
_	38	21	die	ART	ART
_	38	22	Beschwernis	NN	NN
_	38	23	ist	VAFIN	VAFIN
_	38	24	.	$.	$.
KOUS	39	1	so	ADV	ADV
PDS	39	2	dieselbigen	PDAT	ADJA
_	39	3	sind	VAFIN	VAFIN
_	39	4	an	APPR	APPR
_	39	5	dem	ART	ART
_	39	6	Hals	NN	NN
_	39	7	oder	KON	KON
_	39	8	am	APPRART	APPRART
_	39	9	Haupt	NN	NN
_	39	10	/	$(	$(
_	39	11	soll	VMFIN	VMFIN
_	39	12	man	PIS	PIS
_	39	13	die	ART	ART
_	39	14	Hauptadern	NN	NN
_	39	15	lassen	VVINF	VVINF
VVINF	39	16	schlagen	NE	VVFIN
_	39	17	auf	APPR	APPR
ADJA	39	18	derselbigen	ADJA	ADJA
_	39	19	Seite	NN	NN
_	39	20	/	$(	$(
_	39	21	und	KON	KON
_	39	22	ziemlich	ADV	ADV
_	39	23	wohl	ADV	ADV
_	39	24	lassen	VVINF	VVINF
VVINF	39	25	laufen	VVFIN	VVINF
_	39	26	/	$(	$(
KOUS	39	27	so	ADV	ADV
_	39	28	sie	PPER	PPER
_	39	29	an	APPR	APPR
_	39	30	dem	ART	ART
NN	39	31	Arm	ADJD	NN
_	39	32	oder	KON	KON
ADV	39	33	hart	ADJD	ADJD
_	39	34	dabei	PAV	PAV
VVFIN	39	35	erscheinen	VVINF	VVINF
_	39	36	/	$(	$(
_	39	37	soll	VMFIN	VMFIN
_	39	38	die	ART	ART
NN	39	39	Basilica	NE	NN
_	39	40	geschlagen	VVPP	VVPP
_	39	41	werden	VAINF	VAINF
_	39	42	/	$(	$(
_	39	43	auch	ADV	ADV
_	39	44	auf	APPR	APPR
ADJA	39	45	derselbigen	ART	ADJA
_	39	46	Seite	NN	NN
_	39	47	/	$(	$(
_	39	48	und	KON	KON
KOUS	39	49	so	ADV	ADV
_	39	50	man	PIS	PIS
PDS	39	51	die	ART	PDS
_	39	52	nicht	PTKNEG	PTKNEG
_	39	53	finden	VVINF	VVINF
VMFIN	39	54	könnte	VVFIN	VMFIN
_	39	55	/	$(	$(
_	39	56	so	ADV	ADV
VVFIN	39	57	nehme	ART	VVFIN
_	39	58	man	PIS	PIS
ADV	39	59	daselbst	NE	ADV
_	39	60	die	ART	ART
NN	39	61	Median	ADJD	NN
_	39	62	.	$.	$.
KOUS	40	1	so	ADV	ADV
_	40	2	die	ART	ART
NN	40	3	Apostemata	NE	NN
VAFIN	40	4	sein	VAINF	VAINF
_	40	5	bei	APPR	APPR
_	40	6	dem	ART	ART
_	40	7	Schoß	NN	NN
_	40	8	/	$(	$(
_	40	9	soll	VMFIN	VMFIN
_	40	10	die	ART	ART
NN	40	11	Ader	VVIMP	NN
PRELS	40	12	welche	PWAT	PRELS
_	40	13	man	PIS	PIS
_	40	14	nennt	VVFIN	VVFIN
_	40	15	die	ART	ART
_	40	16	Frauenader	NN	NN
_	40	17	/	$(	$(
_	40	18	geschlagen	VVPP	VVPP
_	40	19	werden	VAINF	VAINF
_	40	20	.	$.	$.
PDS	41	1	dasselbige	PDS	NN
_	41	2	wird	VAFIN	VAFIN
_	41	3	man	PIS	PIS
_	41	4	halten	VVINF	VVINF
_	41	5	/	$(	$(
KOUS	41	6	so	ADV	ADV
_	41	7	allein	ADV	ADV
_	41	8	eine	ART	ART
_	41	9	Beschwernis	NN	NN
_	41	10	in	APPR	APPR
_	41	11	dem	ART	ART
ADV	41	12	vor	APPR	APPR
_	41	13	angezeigten	ADJA	ADJA
NN	41	14	Gliedmaß	NE	NN
_	41	15	gefühlt	VVPP	VVPP
_	41	16	würde	VAFIN	VAFIN
_	41	17	.	$.	$.
KOUS	42	1	so	ADV	ADV
PIS	42	2	etwas	PIS	ADV
_	42	3	an	APPR	APPR
_	42	4	der	ART	ART
_	42	5	Hüfte	NN	NN
_	42	6	aufgefahren	VVPP	VVPP
_	42	7	wäre	VAFIN	VAFIN
_	42	8	/	$(	$(
_	42	9	soll	VMFIN	VMFIN
_	42	10	man	PIS	PIS
VVINF	42	11	schlagen	NE	VVFIN
_	42	12	die	ART	ART
NN	42	13	Sciatica	NE	NE
_	42	14	/	$(	$(
_	42	15	oder	KON	KON
PRELS	42	16	welche	PWAT	PRELS
_	42	17	leitet	VVFIN	VVFIN
_	42	18	zwischen	APPR	APPR
_	42	19	den	ART	ART
_	42	20	kleinsten	ADJA	ADJA
NN	42	21	Zehen	CARD	NN
_	42	22	/	$(	$(
_	42	23	und	KON	KON
_	42	24	ihren	PPOSAT	PPOSAT
ADJA	42	25	nächsten	VVINF	ADJA
_	42	26	.	$.	$.
KOUS	43	1	so	ADV	ADV
_	43	2	aber	ADV	ADV
_	43	3	der	ART	ART
_	43	4	Mensch	NN	NN
_	43	5	durch	APPR	APPR
_	43	6	Ursachen	NN	NN
_	43	7	nicht	PTKNEG	PTKNEG
VMFIN	43	8	könnte	VVFIN	VMFIN
_	43	9	die	ART	ART
NN	43	10	Ader	VVIMP	NN
_	43	11	lassen	VVINF	VVINF
VVINF	43	12	schlagen	VVFIN	VVINF
_	43	13	/	$(	$(
_	43	14	so	ADV	ADV
VVFIN	43	15	lass	VVFIN	ADJD
_	43	16	er	PPER	PPER
_	43	17	auf	APPR	APPR
_	43	18	den	ART	ART
NN	43	19	Orten	VVINF	NN
_	43	20	die	ART	ART
_	43	21	Köpfe	NN	NN
VVINF	43	22	hinsetzen	PTKVZ	VVINF
_	43	23	/	$(	$(
_	43	24	und	KON	KON
_	43	25	lasse	VVFIN	VVFIN
_	43	26	sie	PPER	PPER
_	43	27	wohl	ADV	ADV
_	43	28	hauen	VVINF	VVINF
_	43	29	/	$(	$(
_	43	30	und	KON	KON
_	43	31	das	ART	ART
_	43	32	Blut	NN	NN
_	43	33	daraus	PAV	PAV
VVINF	43	34	laufen	VVFIN	VVINF
_	43	35	.	$.	$.
_	44	1	zum	APPRART	APPRART
ADV	44	2	Anderen	ADJA	PIS
_	44	3	nach	APPR	APPR
_	44	4	dem	ART	ART
NN	44	5	Aderschlagen	VVIMP	NN
_	44	6	/	$(	$(
_	44	7	soll	VMFIN	VMFIN
_	44	8	man	PIS	PIS
_	44	9	den	ART	ART
_	44	10	Kranken	NN	NN
APPR	44	11	zu	PTKZU	APPR
_	44	12	dem	ART	ART
_	44	13	Schweiß	NN	NN
_	44	14	bringen	VVINF	VVINF
_	44	15	/	$(	$(
_	44	16	und	KON	KON
_	44	17	die	ART	ART
_	44	18	Gift	NN	NN
_	44	19	austreiben	VVINF	VVINF
_	44	20	/	$(	$(
_	44	21	mit	APPR	APPR
PIAT	44	22	etlichen	ADJA	PIAT
_	44	23	Arzneien	NN	NN
_	44	24	/	$(	$(
_	44	25	der	ART	ART
_	44	26	sonst	ADV	ADV
_	44	27	viel	ADV	ADV
VVPP	44	28	gezählt	NN	VVPP
_	44	29	möchten	VMFIN	VMFIN
_	44	30	werden	VAINF	VAINF
_	44	31	.	$.	$.
_	45	1	aber	KON	KON
_	45	2	ich	PPER	PPER
_	45	3	halte	VVFIN	VVFIN
_	45	4	das	ART	ART
_	45	5	Latwerge	NN	NN
_	45	6	von	APPR	APPR
_	45	7	dem	ART	ART
NN	45	8	Ei	NE	NN
PRELS	45	9	welches	PRELS	PIS
_	45	10	in	APPR	APPR
_	45	11	diesem	PDAT	PDAT
_	45	12	Fall	NN	NN
_	45	13	der	ART	ART
_	45	14	Reiser	NN	NN
_	45	15	Maximilianus	NE	NE
ADV	45	16	fleißiglich	ADJD	ADJD
_	45	17	gebraucht	VVPP	VVPP
_	45	18	hat	VAFIN	VAFIN
_	45	19	/	$(	$(
PDS	45	20	dasselbige	PDS	NN
_	45	21	ist	VAFIN	VAFIN
_	45	22	leicht	ADJD	ADJD
_	45	23	zu	PTKZU	PTKZU
_	45	24	machen	VVINF	VVINF
_	45	25	/	$(	$(
_	45	26	und	KON	KON
_	45	27	hat	VAFIN	VAFIN
_	45	28	rechtschaffene	ADJA	ADJA
_	45	29	Arznei	NN	NN
_	45	30	/	$(	$(
PRELS	45	31	welche	PWAT	PRELS
_	45	32	in	APPR	APPR
_	45	33	dieser	PDAT	PDAT
_	45	34	Sache	NN	NN
_	45	35	viel	ADV	ADV
VVFIN	45	36	tun	VVINF	VVINF
_	45	37	/	$(	$(
_	45	38	ohne	APPR	APPR
PRELS	45	39	was	PWS	PIS
_	45	40	die	ART	ART
_	45	41	Erfahrung	NN	NN
_	45	42	in	APPR	APPR
PDS	45	43	dem	ART	PDS
_	45	44	getan	VVPP	VVPP
_	45	45	hat	VAFIN	VAFIN
_	45	46	.	$.	$.
PAV	46	1	davon	ADV	PAV
_	46	2	soll	VMFIN	VMFIN
_	46	3	man	PIS	PIS
VVINF	46	4	geben	VVINF	VVFIN
_	46	5	die	ART	ART
_	46	6	eines	ART	ART
_	46	7	ziemlichen	ADJA	ADJA
NN	46	8	Alters	ADV	NN
VAFIN	46	9	sein	VAINF	VAFIN
_	46	10	bei	APPR	APPR
_	46	11	einem	ART	ART
NN	46	12	Quint	NE	NN
_	46	13	mit	APPR	APPR
TRUNC	46	14	Endivien-	NN	TRUNC
_	46	15	oder	KON	KON
NN	46	16	Skabiosenwasser	NE	NN
VVINF	46	17	trinken	VVFIN	VVINF
_	46	18	/	$(	$(
PDAT	46	19	derselbige	ART	ADJA
NN	46	20	Trank	VVFIN	NN
_	46	21	ist	VAFIN	VAFIN
_	46	22	auch	ADV	ADV
_	46	23	gut	ADJD	ADJD
_	46	24	/	$(	$(
KOUS	46	25	so	ADV	ADV
_	46	26	man	PIS	PIS
_	46	27	sich	PRF	PRF
_	46	28	bewahren	VVINF	VVINF
_	46	29	wollte	VMFIN	VMFIN
_	46	30	vor	APPR	APPR
_	46	31	der	ART	ART
_	46	32	Pestilenz	NN	NN
_	46	33	/	$(	$(
KOUS	46	34	wie	KOKOM	KOKOM
_	46	35	zuvor	ADV	ADV
_	46	36	angezeigt	VVPP	VVPP
_	46	37	ist	VAFIN	VAFIN
_	46	38	worden	VAPP	VAPP
_	46	39	.	$.	$.
PDS	47	1	die	ART	PDS
_	47	2	aber	ADV	ADV
_	47	3	noch	ADV	ADV
PTKA	47	4	sehr	NE	ADV
_	47	5	jung	ADJD	ADJD
VAFIN	47	6	sein	VAINF	VAINF
_	47	7	/	$(	$(
_	47	8	sollen	VMFIN	VMFIN
_	47	9	allein	ADV	ADV
_	47	10	zwei	CARD	CARD
_	47	11	Skrupel	NN	NN
_	47	12	nehmen	VVINF	VVINF
_	47	13	/	$(	$(
_	47	14	mit	APPR	APPR
_	47	15	den	ART	ART
_	47	16	vorigen	ADJA	ADJA
NN	47	17	Wassern	VVINF	NN
_	47	18	.	$.	$.
FM	48	1	item	FM	ADV
PDS	48	2	das	FM	PDS
VAFIN	48	3	ist	FM	VAFIN
ADV	48	4	auch	FM	ADV
ADJD	48	5	dienstlich	FM	ADJD
PAV	48	6	darzu	FM	ADV
_	48	7	/	$(	$(
PRELS	48	8	welches	FM	PWS
VMFIN	48	9	muss	FM	VMFIN
APPR	48	10	in	FM	APPR
ART	48	11	der	FM	ART
NN	48	12	Apotheke	FM	NN
ADJD	48	13	fertig	FM	ADJD
VVPP	48	14	gemacht	FM	VVPP
VAINF	48	15	werden	VVINF	VAINF
_	48	16	.	$.	$.
FM	48	17	R.	FM	NE
FM	48	18	diacroci	FM	NE
FM	48	19	scriptula	FM	NE
FM	48	20	duo	FM	NE
_	48	21	,	$,	$,
FM	48	22	theriacæ	FM	NE
FM	48	23	optimæ	FM	ADJA
FM	48	24	scriptulum	FM	NN
CARD	48	25	1.	FM	ADJA
FM	48	26	in	FM	APPR
FM	48	27	aqua	FM	NE
FM	48	28	acetose	FM	NE
FM	48	29	dissojuantur	FM	NN
_	48	30	,	$,	$,
KON	48	31	&	$(	KON
FM	48	32	fiat	FM	ADJA
FM	48	33	potio	FM	NE
_	48	34	.	$.	$.
PAV	49	1	darzu	PAV	ADV
_	49	2	ist	VAFIN	VAFIN
_	49	3	auch	ADV	ADV
_	49	4	gut	ADJD	ADJD
_	49	5	die	ART	ART
_	49	6	Latwerge	NN	NN
_	49	7	/	$(	$(
PRELS	49	8	welche	PWAT	PRELS
_	49	9	genannt	VVPP	VVPP
_	49	10	wird	VAFIN	VAFIN
_	49	11	in	APPR	APPR
_	49	12	den	ART	ART
_	49	13	Apotheken	NN	NN
FM	49	14	de	NE	NE
FM	49	15	nucibus	NE	NN
_	49	16	,	$,	$,
_	49	17	und	KON	KON
PDS	49	18	dieselbige[12]	ART	ADJA
_	49	19	mag	VMFIN	VMFIN
_	49	20	man	PIS	PIS
_	49	21	im	APPRART	APPRART
NN	49	22	Pulver	VVIMP	NN
VVINF	49	23	gebrauchen	VVINF	VVFIN
_	49	24	mit	APPR	APPR
_	49	25	einem	ART	ART
_	49	26	starken	ADJA	ADJA
_	49	27	Wein	NN	NN
_	49	28	/	$(	$(
_	49	29	doch	ADV	ADV
_	49	30	laulich	ADJD	ADJD
_	49	31	warm	ADJD	ADJD
_	49	32	.	$.	$.
PPER	50	1	es	FM	PPER
VAFIN	50	2	ist	FM	VAFIN
ADV	50	3	auch	FM	ADV
ART	50	4	ein	FM	ART
NN	50	5	Pulver	FM	NN
APPR	50	6	in	FM	APPR
PDAT	50	7	dieser	FM	PDAT
NN	50	8	Sache	FM	NN
PTKA	50	9	sehr	FM	ADV
ADJD	50	10	dienstlich	FM	ADJD
_	50	11	/	$(	$(
PRELS	50	12	welches	FM	PRELS
ART	50	13	ein	FM	ART
PIS	50	14	jeder	FM	PIS
PRF	50	15	ihm	FM	PPER
VMFIN	50	16	mag	FM	VMFIN
VVINF	50	17	lassen	FM	VVINF
VVINF	50	18	bereiten	FM	VVFIN
APPR	50	19	in	FM	APPR
ART	50	20	der	FM	ART
_	50	21	Apoteke	NN	NN
_	50	22	.	$.	$.
FM	50	23	R.	FM	NE
FM	50	24	radicum	FM	NN
FM	50	25	dictamni	FM	NE
FM	50	26	ueri	FM	NE
FM	50	27	tormentillæ	FM	NE
FM	50	28	ana	FM	NE
XY	50	29	℥.	FM	ADJA
CARD	50	30	1.	FM	ADJA
FM	50	31	santalorum	FM	ADJA
FM	50	32	rubeorum	FM	ADJA
FM	50	33	boli	FM	NE
FM	50	34	armeniæ	FM	NE
FM	50	35	præparatæ	FM	ADJA
FM	50	36	terra	FM	NE
FM	50	37	Leminæ	FM	NE
_	50	38	,	$,	$,
FM	50	39	quæ	FM	NE
FM	50	40	hodie	FM	NE
FM	50	41	sigillata	FM	NE
FM	50	42	est	FM	ADJA
_	50	43	,	$,	$,
FM	50	44	itidem	FM	ADJA
FM	50	45	præparatæ	FM	ADJA
FM	50	46	ana	FM	NE
FM	50	47	drach	FM	NE
_	50	48	.	$.	$.
FM	51	1	2.	FM	ADJA
FM	51	2	lumbricorum	FM	NN
FM	51	3	lotorum	FM	NN
FM	51	4	optimorum	FM	NN
_	51	5	,	$,	$,
FM	51	6	exiccatorum	FM	NN
_	51	7	,	$,	$,
KON	51	8	&	$(	KON
FM	51	9	puluerisatorum.	FM	NN
FM	51	10	z.	FM	APPRART
FM	51	11	2.	FM	ADJA
FM	51	12	nucis	FM	NE
FM	51	13	uomicæ	FM	NE
FM	51	14	℥.	FM	ADJA
FM	51	15	1.	FM	ADV
FM	51	16	s.	FM	ADV
FM	51	17	theriacæ	FM	NE
FM	51	18	antiquissimæ	FM	NE
FM	51	19	℥.	FM	NN
FM	51	20	s.	FM	ADV
FM	51	21	seminis	FM	NE
FM	51	22	acetosæ	FM	NE
XY	51	23	z.	FM	APPRART
XY	51	24	iij	FM	NE
_	51	25	.	$.	$.
FM	52	1	Hæc	FM	NE
FM	52	2	omnia	FM	NE
FM	52	3	in	FM	APPR
FM	52	4	tenuissimum	FM	NN
FM	52	5	puluisculum	FM	NN
FM	52	6	conterantur	FM	NN
FM	52	7	certis	FM	NE
FM	52	8	rationibus	FM	NN
_	52	9	,	$,	$,
FM	52	10	quas	FM	NE
FM	52	11	pharmacopolæ	FM	NE
FM	52	12	periti	FM	NE
FM	52	13	non	FM	ADJA
FM	52	14	ignorant	FM	ADJD
_	52	15	.	$.	$.
_	53	1	das	ART	ART
NN	53	2	Pulver	VVIMP	NN
_	53	3	mag	VMFIN	VMFIN
_	53	4	man	PIS	PIS
VVINF	53	5	gebrauchen	VVINF	VVFIN
_	53	6	sich	PRF	PRF
_	53	7	zu	PTKZU	PTKZU
_	53	8	bewahren	VVINF	VVINF
_	53	9	vor	APPR	APPR
_	53	10	der	ART	ART
_	53	11	Pestilenz	NN	NN
_	53	12	/	$(	$(
_	53	13	und	KON	KON
_	53	14	auch	ADV	ADV
KOUS	53	15	wann	PWAV	PWAV
_	53	16	es	PPER	PPER
_	53	17	die	ART	ART
_	53	18	Not	NN	NN
VVFIN	53	19	erfordert	VVFIN	VVPP
_	53	20	/	$(	$(
KOKOM	53	21	als	KOKOM	KON
KOUS	53	22	wann	PWAV	PWAV
PIS	53	23	einer	ART	PIS
_	53	24	mit	APPR	APPR
_	53	25	der	ART	ART
_	53	26	Gift	NN	NN
_	53	27	begriffen	VVPP	VVPP
_	53	28	ist	VAFIN	VAFIN
_	53	29	/	$(	$(
_	53	30	so	ADV	ADV
_	53	31	soll	VMFIN	VMFIN
_	53	32	er	PPER	PPER
_	53	33	davon	PAV	PAV
_	53	34	nehmen	VVINF	VVINF
_	53	35	als	KOKOM	KOKOM
_	53	36	möchte	VMFIN	VMFIN
_	53	37	ein	ART	ART
_	53	38	Quint	NE	NE
_	53	39	schwer	ADJD	ADJD
_	53	40	sein	VAINF	VAINF
_	53	41	/	$(	$(
_	53	42	der	ART	ART
_	53	43	über	APPR	APPR
_	53	44	dreißig	CARD	CARD
NN	53	45	Jahre	NE	NN
_	53	46	alt	ADJD	ADJD
_	53	47	ist	VAFIN	VAFIN
_	53	48	/	$(	$(
_	53	49	oder	KON	KON
_	53	50	ja	ADV	ADV
_	53	51	nicht	PTKNEG	PTKNEG
_	53	52	weit	ADJD	ADJD
_	53	53	davon	PAV	PAV
_	53	54	/	$(	$(
_	53	55	man	PIS	PIS
_	53	56	soll	VMFIN	VMFIN
_	53	57	es	PPER	PPER
_	53	58	aber	ADV	ADV
VVINF	53	59	gebrauchen	VVINF	VVFIN
_	53	60	mit	APPR	APPR
_	53	61	Melissenwasser	NN	NN
_	53	63	/	$(	$(
_	53	64	oder	KON	KON
_	53	65	mit	APPR	APPR
_	53	66	einem	ART	ART
_	53	67	guten	ADJA	ADJA
_	53	68	Weinessig	NN	NN
_	53	69	laulich	ADJD	ADJD
_	53	70	warm	ADJD	ADJD
_	53	71	oder	KON	KON
KOUS	53	72	so	ADV	ADV
_	53	73	er	PPER	PPER
_	53	74	Lust	NN	NN
_	53	75	hat	VAFIN	VAFIN
_	53	76	/	$(	$(
_	53	77	und	KON	KON
_	53	78	wollte	VMFIN	VMFIN
_	53	79	es	PPER	PPER
_	53	80	stärker	ADJD	ADJD
_	53	81	haben	VAFIN	VAFIN
_	53	82	/	$(	$(
_	53	83	so	ADV	ADV
VVFIN	53	84	lass	VVFIN	ADJD
_	53	85	er	PPER	PPER
PDAT	53	86	dasselbige	PDAT	ADJA
NN	53	87	Pulver	VVIMP	NN
_	53	88	mit	APPR	APPR
_	53	89	einem	ART	ART
_	53	90	guten	ADJA	ADJA
_	53	91	Theriak	NN	NN
_	53	92	/	$(	$(
_	53	93	oder	KON	KON
NN	53	94	Metridat	NE	NN
_	53	95	/	$(	$(
PRELS	53	96	welche	PWAT	PRELS
_	53	97	man	PIS	PIS
_	53	98	beides	PIS	PIS
ADV	53	99	gewöhnlich	ADJD	ADJD
_	53	100	in	APPR	APPR
_	53	101	der	ART	ART
_	53	102	Apoteken	NN	NN
_	53	103	findet	VVFIN	VVFIN
_	53	104	/	$(	$(
_	53	105	vermischen	VVINF	VVINF
_	53	106	/	$(	$(
_	53	107	und	KON	KON
_	53	108	also	ADV	ADV
_	53	109	gebrauchen	VVINF	VVINF
_	53	110	/	$(	$(
ADJD	53	111	ungefährlich	NE	ADJD
_	53	112	bei	APPR	APPR
_	53	113	einer	ART	ART
_	53	114	kleinen	ADJA	ADJA
_	53	115	Kastanie	NN	NN
_	53	116	groß	ADJD	ADJD
_	53	117	.	$.	$.
_	54	1	ich	PPER	PPER
_	54	2	hab	VAFIN	VAFIN
_	54	3	auch	ADV	ADV
_	54	4	lassen	VVINF	VVINF
VVINF	54	5	machen	VVINF	VVFIN
_	54	6	in	APPR	APPR
_	54	7	unserer	PPOSAT	PPOSAT
_	54	8	Apotheke	NN	NN
_	54	9	eine	ART	ART
_	54	10	sonderliche	ADJA	ADJA
_	54	11	harte	ADJA	ADJA
_	54	12	Latwerge	NN	NN
_	54	13	/	$(	$(
PAV	54	14	davon	ADV	PAV
_	54	15	soll	VMFIN	VMFIN
_	54	16	man	PIS	PIS
VVINF	54	17	nehmen	VVINF	VVFIN
_	54	18	bei	APPR	APPR
_	54	19	einem	ART	ART
NN	54	20	Quint	NE	NE
_	54	21	/	$(	$(
_	54	22	und	KON	KON
PDS	54	23	dieselbige	PDAT	ADJA
VVINF	54	24	zergehen	NE	VVINF
VVINF	54	25	lassen	VVINF	VVINF
_	54	26	in	APPR	APPR
_	54	27	einem	ART	ART
_	54	28	Essig	NN	NN
_	54	29	laulich	ADJD	ADJD
_	54	30	warm	ADJD	ADJD
_	54	31	/	$(	$(
_	54	32	und	KON	KON
_	54	33	also	ADV	ADV
_	54	34	austrinken	VVINF	VVINF
_	54	35	.	$.	$.
_	55	1	ich	PPER	PPER
_	55	2	weiß	VVFIN	VVFIN
_	55	3	auch	ADV	ADV
_	55	4	wohl	ADV	ADV
KOUS	55	5	dass	ART	KOUS
NE	55	6	Galenus	NN	NE
APPR	55	7	zu	PTKZU	APPR
_	55	8	Rom	NE	NE
PIAT	55	9	viele	ADV	PIAT
_	55	10	Leute	NN	NN
_	55	11	geredet	VVPP	VVPP
_	55	12	hat	VAFIN	VAFIN
_	55	13	von	APPR	APPR
_	55	14	der	ART	ART
_	55	15	Pestilenz	NN	NN
_	55	16	/	$(	$(
_	55	17	und	KON	KON
_	55	18	wenn	KOUS	KOUS
_	55	19	sie	PPER	PPER
_	55	20	schon	ADV	ADV
_	55	21	begriffen	VVPP	VVPP
_	55	22	sind	VAFIN	VAFIN
_	55	23	gewesen	VAPP	VAPP
_	55	24	/	$(	$(
_	55	25	allein	ADV	ADV
_	55	26	mit	APPR	APPR
_	55	27	dem	ART	ART
FM	55	28	bolo	NE	NE
FM	55	29	Armenia	NE	NE
_	55	30	.	$.	$.
_	56	1	ich	PPER	PPER
_	56	2	bekenne	VVFIN	VVFIN
_	56	3	auch	ADV	ADV
KOUS	56	4	dass	ART	KOUS
PDS	56	5	derselbige	ART	ADJA
_	56	6	ganz	ADV	ADV
_	56	7	nützlich	ADJD	ADJD
_	56	8	wäre	VAFIN	VAFIN
_	56	9	/	$(	$(
KOUS	56	10	so	ADV	ADV
_	56	11	man	PIS	PIS
ADJA	56	12	rechtschaffene	ADJD	ADJA
VAINF	56	13	haben	VAFIN	VAINF
_	56	14	möchte	VMFIN	VMFIN
_	56	15	.	$.	$.
_	57	1	ich	PPER	PPER
VVFIN	57	2	verwundere	ADJA	VVFIN
PRF	57	3	mich	PPER	PRF
KOUS	57	4	dass	ART	KOUS
_	57	5	man	PIS	PIS
_	57	6	so	ADV	ADV
_	57	7	gar	ADV	ADV
_	57	8	keinen	PIAT	PIAT
_	57	9	Fleiß	NN	NN
_	57	10	darauf	PAV	PAV
_	57	11	wendet	VVFIN	VVFIN
_	57	12	/	$(	$(
PRELS	57	13	welches	PRELS	PWS
_	57	14	viel	ADV	ADV
_	57	15	besser	ADJD	ADJD
_	57	16	wäre	VAFIN	VAFIN
_	57	17	/	$(	$(
_	57	18	dann	ADV	ADV
PIAT	57	19	viel	ADV	PIAT
_	57	20	Gutes	NN	NN
_	57	21	/	$(	$(
_	57	22	ich	PPER	PPER
ADV	57	23	geschweige	KON	ADV
PIS	57	24	etwas	PIS	ADV
ADV	57	25	anderes	ADV	PIS
_	57	26	.	$.	$.
KOUS	58	1	dieweil	FM	ADV
APPR	58	2	in	FM	APPR
PDS	58	3	Demselbigen	FM	NN
PIAT	58	4	viel	FM	PIAT
NN	58	5	Betrugs	FM	NN
VAFIN	58	6	ist	FM	VAFIN
_	58	7	/	$(	$(
ADV	58	8	so	FM	ADV
VMFIN	58	9	will	FM	VMFIN
PPER	58	10	ich	FM	PPER
ART	58	11	ein	FM	ART
NN	58	12	Pulver	FM	NN
VVINF	58	13	anzeigen	FM	VVINF
_	58	14	/	$(	$(
PRELS	58	15	welches	FM	PWS
VMFIN	58	16	möchte	FM	VMFIN
APPR	58	17	für	FM	APPR
PDS	58	18	dasselbige	FM	NN
VVPP	58	19	gebraucht	FM	VVPP
VAINF	58	20	werden	FM	VAFIN
APPRART	58	21	zur	FM	APPRART
_	58	22	Not	NN	NN
_	58	23	.	$.	$.
FM	58	24	R.	FM	NE
FM	58	25	radicum	FM	NN
FM	58	26	dictamni	FM	NE
_	58	27	,	$,	$,
FM	58	28	tormentillæ	FM	NE
_	58	29	,	$,	$,
FM	58	30	pimpinellæ	FM	NE
_	58	31	,	$,	$,
FM	58	32	zecaoriæ	FM	NE
_	58	33	,	$,	$,
FM	58	34	gentianæ	FM	NE
_	58	35	,	$,	$,
FM	58	36	tunicæ	FM	NE
_	58	37	,	$,	$,
FM	58	38	serpentariæ	FM	NE
_	58	39	,	$,	$,
FM	58	40	angelicæ	FM	NE
FM	58	41	ana	FM	NE
FM	58	42	℥	FM	NN
_	58	43	.	$.	$.
FM	58	44	s	FM	ADV
$.	58	45	.	$.	NE
FM	58	46	boli	FM	NE
FM	58	47	Armeniæ	FM	NE
FM	58	48	uulgaris	FM	NE
FM	58	49	præparatæ	FM	NE
FM	58	50	℥.	FM	ADJA
CARD	58	51	1.	FM	ADJA
FM	58	52	terræ	FM	NE
FM	58	53	Leminæ	FM	NE
FM	58	54	z	FM	APPRART
CARD	58	55	3.	FM	ADJA
FM	58	56	aloes	FM	NE
FM	58	57	hepaticæ	FM	NE
_	58	58	,	$,	$,
FM	58	59	mirhæ	FM	NE
FM	58	60	ana.	FM	NE
FM	58	61	℥.	FM	NN
FM	58	62	s.	FM	ADV
FM	58	63	croci	FM	NE
FM	58	64	z.	FM	APPRART
CARD	58	65	1.	FM	ADJA
FM	58	66	mastiches	FM	NN
FM	58	67	z.	FM	APPRART
CARD	58	68	2.	FM	ADJA
FM	58	69	Rhapontici	FM	NE
KON	58	70	&	$(	KON
FM	58	71	rhabarbaræ	FM	NE
FM	58	72	ana	FM	NE
FM	58	73	z.	FM	APPRART
FM	58	74	1.	FM	ADJA
FM	58	75	s.	FM	ADV
FM	58	76	hæc	FM	NE
FM	58	77	omnia	FM	NE
FM	58	78	qua̍m	FM	NN
FM	58	79	subtilissime̍	FM	NN
FM	58	80	trita	FM	NE
FM	58	81	commisceantur	FM	NN
_	58	82	.	$.	$.
_	59	1	davon	PAV	PAV
KOUS	59	2	wann	PWAV	PWAV
PIS	59	3	einer	ART	PIS
_	59	4	sich	PRF	PRF
_	59	5	bewahren	VVINF	VVINF
_	59	6	will	VMFIN	VMFIN
_	59	7	/	$(	$(
_	59	8	soll	VMFIN	VMFIN
_	59	9	er	PPER	PPER
VVINF	59	10	nehmen	VVINF	VVFIN
_	59	11	bei	APPR	APPR
_	59	12	einem	ART	ART
NN	59	13	Quentin	NN	NE
_	59	14	/	$(	$(
_	59	15	um	APPR	APPR
_	59	16	den	ART	ART
_	59	17	dritten	ADJA	ADJA
_	59	18	Tag	NN	NN
_	59	19	des	ART	ART
ADV	59	20	Morgens	ADV	NN
_	59	21	/	$(	$(
_	59	22	mit	APPR	APPR
_	59	23	einem	ART	ART
_	59	24	warmen	ADJA	ADJA
_	59	25	Wein	NN	NN
_	59	26	.	$.	$.
PDS	60	1	dasselbige	PDAT	NN
_	60	2	mag	VMFIN	VMFIN
_	60	3	er	PPER	PPER
_	60	4	auch	ADV	ADV
_	60	5	tun	VVINF	VVINF
_	60	6	/	$(	$(
_	60	7	so	ADV	ADV
_	60	8	er	PPER	PPER
_	60	9	mit	APPR	APPR
_	60	10	der	ART	ART
_	60	11	Gift	NN	NN
_	60	12	begriffen	VVPP	VVPP
_	60	13	ist	VAFIN	VAFIN
_	60	14	.	$.	$.
_	61	1	doch	KON	KON
_	61	2	wird	VAFIN	VAFIN
_	61	3	ein	ART	ART
_	61	4	jedermann	PIS	PIS
_	61	5	eines	ART	ART
_	61	6	guten	ADJA	ADJA
_	61	7	Arztes	NN	NN
_	61	8	in	APPR	APPR
_	61	9	dieser	PDAT	PDAT
_	61	10	Sache	NN	NN
_	61	11	wohl	ADV	ADV
VVINF	61	12	bedürfen	VVFIN	VVINF
_	61	13	.	$.	$.
KOUS	62	1	wann	PWAV	PWAV
PIS	62	2	einer	ART	PIS
_	62	3	auf	APPR	APPR
PDAT	62	4	dies	PDS	PDAT
_	62	5	Mal	NN	NN
_	62	6	eine	ART	ART
NN	62	7	Arznei	NE	NN
_	62	8	gebraucht	VVPP	VVPP
_	62	9	hat	VAFIN	VAFIN
_	62	10	/	$(	$(
_	62	11	wie	KOKOM	KOKOM
_	62	12	zuvor	ADV	ADV
_	62	13	angezeigt	VVPP	VVPP
_	62	14	/	$(	$(
_	62	15	soll	VMFIN	VMFIN
_	62	16	er	PPER	PPER
_	62	17	keinerlei	PIAT	PIAT
NN	62	18	Weise	VVFIN	NN
_	62	19	schlafen	VVINF	VVINF
_	62	20	/	$(	$(
KON	62	21	sondern	APPR	KON
_	62	22	allen	PIAT	PIAT
_	62	23	Fleiß	NN	NN
PAV	62	24	darzu	PTKVZ	ADV
_	62	25	tun	VVINF	VVINF
KOUS	62	26	dass	ART	KOUS
_	62	27	er	PPER	PPER
_	62	28	wohl	ADV	ADV
_	62	29	möchte	VMFIN	VMFIN
_	62	30	schwitzen	VVINF	VVINF
_	62	31	.	$.	$.
_	63	1	dann	ADV	ADV
PDS	63	2	das	ART	PDS
_	63	3	ist	VAFIN	VAFIN
_	63	4	nicht	PTKNEG	PTKNEG
_	63	5	ein	ART	ART
_	63	6	kleiner	ADJA	ADJA
_	63	7	Vorteil	NN	NN
_	63	8	/	$(	$(
_	63	9	und	KON	KON
PDS	63	10	das	ART	PDS
_	63	11	soll	VMFIN	VMFIN
_	63	12	er	PPER	PPER
_	63	13	auch	ADV	ADV
_	63	14	tun	VVINF	VVINF
_	63	15	/	$(	$(
KOUS	63	16	so	ADV	ADV
_	63	17	er	PPER	PPER
_	63	18	sich	PRF	PRF
VVFIN	63	19	vermutet	VVFIN	VVPP
_	63	20	/	$(	$(
KOUS	63	21	dass	ART	KOUS
_	63	22	er	PPER	PPER
_	63	23	möchte	VMFIN	VMFIN
VVPP	63	24	vergiftet	NN	VVPP
_	63	25	sein	VAINF	VAINF
_	63	26	.	$.	$.
KOUS	64	1	dieweil	KOUS	ADV
_	64	2	solche	PIAT	PIAT
_	64	3	Arznei	NN	NN
_	64	4	auch	ADV	ADV
_	64	5	in	APPR	APPR
PIAT	64	6	etlichen	ADJA	PIAT
_	64	7	Fiebern	NN	NN
_	64	8	dienen	VVINF	VVINF
_	64	9	möchten	VMFIN	VMFIN
_	64	10	/	$(	$(
KOUS	64	11	so	ADV	ADV
_	64	12	sie	PPER	PPER
ADJD	64	13	ordentlich	ADJD	ADJD
_	64	14	gegeben	VVPP	VVPP
_	64	15	werden	VAINF	VAINF
_	64	16	.	$.	$.
KOUS	65	1	so	ADV	ADV
_	65	2	aber	ADV	ADV
PIS	65	3	einer	ART	PIS
_	65	4	nicht	PTKNEG	PTKNEG
_	65	5	bald	ADV	ADV
_	65	6	schwitzen	VVINF	VVINF
_	65	7	könnte	VMFIN	VMFIN
_	65	8	/	$(	$(
_	65	9	so	ADV	ADV
_	65	10	lege	VVFIN	VVFIN
_	65	11	man	PIS	PIS
_	65	12	den	ART	ART
_	65	13	Kranken	NN	NN
_	65	14	in	APPR	APPR
_	65	15	ein	ART	ART
ADJD	65	16	neu	ADJA	ADJD
_	65	17	gewaschenes	ADJA	ADJA
_	65	18	Bett	NN	NN
_	65	19	/	$(	$(
_	65	20	und	KON	KON
_	65	21	decke	VVFIN	VVFIN
PPER	65	22	ihn	APPR	PPER
_	65	23	wohl	ADV	ADV
_	65	24	warm	ADJD	ADJD
PTKVZ	65	25	zu	PTKZU	PTKVZ
_	65	26	/	$(	$(
_	65	27	und	KON	KON
_	65	28	lege	VVFIN	VVFIN
_	65	29	ihm	PPER	PPER
APPR	65	30	zu	PTKZU	APPR
_	65	31	den	ART	ART
_	65	32	Füßen	NN	NN
_	65	33	warme	ADJA	ADJA
NN	65	34	Ziegel	VVIMP	NN
_	65	35	/	$(	$(
_	65	36	als	KOKOM	KOKOM
_	65	37	warm	ADJD	ADJD
_	65	38	er	PPER	PPER
_	65	39	sie	PPER	PPER
_	65	40	leiden	VVINF	VVINF
_	65	41	kann	VMFIN	VMFIN
_	65	42	in	APPR	APPR
_	65	43	nasse	ADJA	ADJA
_	65	44	Tüchlein	NN	NN
_	65	45	gewickelt	VVPP	VVPP
_	65	46	/	$(	$(
_	65	47	darauf	PAV	PAV
_	65	48	soll	VMFIN	VMFIN
_	65	49	der	ART	ART
NN	65	50	Kranke	ADJD	NN
_	65	51	die	ART	ART
NN	65	52	Füße	NE	NN
_	65	53	halten	VVINF	VVINF
_	65	54	/	$(	$(
PRELS	65	55	welches	PRELS	PWS
_	65	56	nicht	PTKNEG	PTKNEG
_	65	57	allein	ADV	ADV
_	65	58	zum	APPRART	APPRART
_	65	59	Schweiß	NN	NN
_	65	60	hilft	VVFIN	VVFIN
_	65	61	/	$(	$(
_	65	62	sondern	KON	KON
_	65	63	auch	ADV	ADV
_	65	64	die	ART	ART
_	65	65	Gift	NN	NN
_	65	66	vom	APPRART	APPRART
_	65	67	Herzen	NN	NN
VVFIN	65	68	abzieht	NN	VVFIN
_	65	69	.	$.	$.
_	66	1	Es	PPER	PPER
_	66	2	kommt	VVFIN	VVFIN
_	66	3	aber	ADV	ADV
_	66	4	oftmals	ADV	ADV
_	66	5	/	$(	$(
KOUS	66	6	dass	ART	KOUS
_	66	7	der	ART	ART
_	66	8	Kranke	NN	NN
_	66	9	die	ART	ART
NN	66	10	Arznei	NE	NN
_	66	11	von	APPR	APPR
_	66	12	sich	PRF	PRF
_	66	13	gibt	VVFIN	VVFIN
_	66	14	/	$(	$(
_	66	15	und	KON	KON
VVFIN	66	16	undäut	NE	VVFIN
_	66	17	sich	PRF	PRF
_	66	18	/	$(	$(
_	66	19	so	ADV	ADV
_	66	20	soll	VMFIN	VMFIN
_	66	21	man	PIS	PIS
_	66	22	ihm	PPER	PPER
_	66	23	zum	APPRART	APPRART
ADV	66	24	Anderen	ADJA	PIS
_	66	25	/	$(	$(
_	66	26	auch	ADV	ADV
KOUS	66	27	so	ADV	ADV
_	66	28	es	PPER	PPER
_	66	29	von	APPR	APPR
NN	66	30	Nöten	VVINF	NN
_	66	31	sein	VAINF	VAINF
_	66	32	wird	VAFIN	VAFIN
_	66	33	zum	APPRART	APPRART
CARD	66	34	dritten	CARD	ADJA
_	66	35	Mal	NN	NN
_	66	36	neue	ADJA	ADJA
NN	66	37	Arznei	NE	NN
VVINF	66	38	geben	VVINF	VVFIN
_	66	39	von	APPR	APPR
_	66	40	den	ART	ART
NN	66	41	Vorigen	ADJA	NN
_	66	42	/	$(	$(
_	66	43	so	ADV	ADV
_	66	44	lang	ADJD	ADJD
_	66	45	er	PPER	PPER
_	66	46	es	PPER	PPER
_	66	47	bei	APPR	APPR
PRF	66	48	ihm	APPRART	PPER
_	66	49	behalten	VVINF	VVINF
VMFIN	66	50	könnte	VVFIN	VMFIN
_	66	51	/	$(	$(
ADV	66	52	dann	ADV	ADV
KOUS	66	53	wo	PWAV	PWAV
_	66	54	die	ART	ART
NN	66	55	Arznei	NE	NN
_	66	56	bei	APPR	APPR
_	66	57	ihm	PPER	PPER
_	66	58	bleibt	VVFIN	VVFIN
_	66	59	/	$(	$(
VAFIN	66	60	ist	VVFIN	VAFIN
_	66	61	es	PPER	PPER
_	66	62	eine	ART	ART
_	66	63	gute	ADJA	ADJA
_	66	64	Hoffnung	NN	NN
_	66	65	/	$(	$(
_	66	66	das	ART	ART
_	66	67	Gegenteil	NN	NN
_	66	68	aber	ADV	ADV
_	66	69	soll	VMFIN	VMFIN
_	66	70	man	PIS	PIS
VVINF	66	71	halten	VVINF	VVFIN
KOUS	66	72	wo	PWAV	PWAV
_	66	73	nichts	PIS	PIS
_	66	74	bei	APPR	APPR
_	66	75	ihm	PPER	PPER
_	66	76	bleibt	VVFIN	VVFIN
_	66	77	.	$.	$.
_	67	1	dann	ADV	ADV
_	67	2	die	ART	ART
_	67	3	Gift	NN	NN
_	67	4	ist	VAFIN	VAFIN
PTKA	67	5	zu	PTKZU	PTKA
_	67	6	gewaltig	ADJD	ADJD
_	67	7	/	$(	$(
_	67	8	und	KON	KON
_	67	9	die	ART	ART
NN	67	10	Arzenei	NE	NN
PTKA	67	11	zu	PTKZU	PTKA
ADJD	67	12	schwach	VVIMP	ADJD
_	67	13	.	$.	$.
KOUS	68	1	so	ADV	ADV
_	68	2	er	PPER	PPER
_	68	3	aber	ADV	ADV
_	68	4	wohl	ADV	ADV
_	68	5	schwitzt	VVFIN	VVFIN
_	68	6	/	$(	$(
VVFIN	68	7	schaue	NN	VVFIN
_	68	8	man	PIS	PIS
_	68	9	darauf	PAV	PAV
_	68	10	/	$(	$(
KOUS	68	11	dass	ART	KOUS
_	68	12	er	PPER	PPER
_	68	13	nicht	PTKNEG	PTKNEG
_	68	14	kalt	ADJD	ADJD
_	68	15	werde	VAFIN	VAFIN
_	68	16	/	$(	$(
_	68	17	dann	ADV	ADV
_	68	18	der	ART	ART
_	68	19	Schweiß	NN	NN
KOUS	68	20	so	ADV	ADV
_	68	21	über	APPR	APPR
_	68	22	vier	CARD	CARD
_	68	23	Stunden	NN	NN
VVFIN	68	24	währt	VAFIN	VVFIN
_	68	25	/	$(	$(
_	68	26	und	KON	KON
ADV	68	27	etwas	PIS	ADV
_	68	28	länger	ADJD	ADJD
_	68	29	/	$(	$(
_	68	30	nach	APPR	APPR
_	68	31	der	ART	ART
_	68	32	Gelegenheit	NN	NN
_	68	33	/	$(	$(
_	68	34	und	KON	KON
_	68	35	Kraft	NN	NN
_	68	36	des	ART	ART
_	68	37	Kranken	NN	NN
_	68	38	/	$(	$(
_	68	39	dann	ADV	ADV
_	68	40	man	PIS	PIS
_	68	41	muss	VMFIN	VMFIN
_	68	42	ihm	PPER	PPER
VVINF	68	43	helfen	VVINF	VVFIN
_	68	44	mit	APPR	APPR
_	68	45	Herzwassern	NN	NN
_	68	46	,	$,	$,
_	68	47	/	$(	$(
_	68	48	als	KOKOM	KOKOM
TRUNC	68	49	Boragen-	ADJA	TRUNC
_	68	50	/	$(	$(
_	68	51	und	KON	KON
_	68	52	Ochsenzungenwasser	NN	NN
_	68	53	/	$(	$(
_	68	54	mit	APPR	APPR
_	68	55	einem	ART	ART
_	68	56	roten	ADJA	ADJA
_	68	57	Scharlach	NN	NN
_	68	58	/	$(	$(
_	68	59	oder	KON	KON
_	68	60	mit	APPR	APPR
_	68	61	einem	ART	ART
_	68	62	Leinentüchlein	NN	NN
_	68	63	auflegen	VVINF	VVINF
_	68	64	/	$(	$(
_	68	65	und	KON	KON
KOUS	68	66	wann	PWAV	PWAV
_	68	67	es	PPER	PPER
ADJD	68	68	trucken	VVINF	VVINF
_	68	69	ist	VAFIN	VAFIN
_	68	70	worden	VAPP	VAPP
_	68	71	/	$(	$(
_	68	72	soll	VMFIN	VMFIN
_	68	73	man	PIS	PIS
_	68	74	es	PPER	PPER
_	68	75	wiederum	ADV	ADV
VVINF	68	76	netzen	VVINF	VVFIN
_	68	77	.	$.	$.
ADJD	69	1	inwendig	ADJD	ADJD
_	69	2	sind	VAFIN	VAFIN
_	69	3	auch	ADV	ADV
_	69	4	gut	ADJD	ADJD
APPR	69	5	zu	PTKZU	APPR
_	69	6	Stärkung	NN	NN
FM	69	7	manus	NE	NE
_	69	8	Christi	NE	NE
FM	69	9	perlatae	NE	NE
_	69	10	,	$,	$,
_	69	11	eingemachte	ADJA	ADJA
_	69	12	Violen	NN	NN
_	69	13	/	$(	$(
_	69	14	Rosen	NN	NN
_	69	15	/	$(	$(
_	69	16	Boragenblumen	NN	NN
_	69	17	/	$(	$(
_	69	18	und	KON	KON
_	69	19	dergleichen	PIS	PIS
_	69	20	/	$(	$(
KOUS	69	21	damit	PAV	KOUS
_	69	22	man	PIS	PIS
_	69	23	dem	ART	ART
_	69	24	Kranken	NN	NN
_	69	25	in	APPR	APPR
_	69	26	seinem	PPOSAT	PPOSAT
_	69	27	Schweißbad	NN	NN
_	69	28	hilflich	ADJD	ADJD
_	69	29	mag	VMFIN	VMFIN
_	69	30	sein	VAINF	VAINF
_	69	31	.	$.	$.
PAV	70	1	darzu	PAV	ADV
VVFIN	70	2	dienen	VVINF	VVFIN
_	70	3	auch	ADV	ADV
_	70	4	in	APPR	APPR
_	70	5	der	ART	ART
NN	70	6	Speise	VVIMP	NN
_	70	7	weiche	ADJA	ADJA
NN	70	8	Eier	VVIMP	NN
_	70	9	/	$(	$(
NN	70	10	Hühnersuppen	NE	NN
_	70	11	/	$(	$(
_	70	12	ein	ART	ART
ADJA	70	13	gestoßenes	VVPP	ADJA
ADJA	70	14	junges	ADJD	ADJA
NN	70	15	Huhn	NE	NN
_	70	16	/	$(	$(
FM	70	17	et cetera	ADV	FM
ADV	71	1	auch	FM	ADV
VMFIN	71	2	mag	FM	VMFIN
PIS	71	3	man	FM	PIS
PIS	71	4	solches	FM	PIS
APPR	71	5	in	FM	APPR
ART	71	6	der	FM	ART
NN	71	7	Apotheke	FM	NN
VVINF	71	8	machen	FM	VVINF
_	71	9	lassen	VVINF	VVINF
_	71	10	.	$.	$.
FM	71	11	R.	FM	NE
FM	71	12	florum	FM	NN
FM	71	13	rosarum	FM	ADJD
FM	71	14	purpurearum	FM	NN
_	71	15	,	$,	$,
FM	71	16	uiolarum	FM	NN
_	71	17	,	$,	$,
FM	71	18	nenufaris	FM	NE
FM	71	19	ana	FM	NE
FM	71	20	z	FM	APPRART
FM	71	21	2.	FM	ADJA
FM	71	22	santalorum	FM	NN
FM	71	23	alborum	FM	NN
KON	71	24	&	$(	KON
FM	71	25	rubeorum	FM	NN
_	71	26	,	$,	$,
FM	71	27	coralli	FM	NE
FM	71	28	rubei	FM	NE
_	71	29	,	$,	$,
FM	71	30	cinnamomi	FM	NE
_	71	31	,	$,	$,
FM	71	32	charyophyllorum	FM	NN
FM	71	33	ana	FM	NE
FM	71	34	z	FM	APPRART
FM	71	35	3.	FM	ADJA
FM	71	36	ossis	FM	NN
FM	71	37	de	FM	NE
FM	71	38	cornu	FM	NE
FM	71	39	cerui	FM	NE
_	71	40	,	$,	$,
FM	71	41	agallo	FM	NE
FM	71	42	chi	FM	NE
_	71	43	,	$,	$,
FM	71	44	croci	FM	NE
_	71	45	,	$,	$,
FM	71	46	ana	FM	NE
FM	71	47	z	FM	ADJA
FM	71	48	s.	FM	ADV
FM	71	49	demi.	FM	ADJA
FM	71	50	Acesosæ	FM	NE
FM	71	51	scrip	FM	NE
_	71	52	.	$.	$.
FM	72	1	2.	FM	ADJA
FM	72	2	caphiuræ	FM	NN
FM	72	3	grana	FM	NE
FM	72	4	2	FM	CARD
FM	72	5	horum	FM	NN
FM	72	6	pulueres	FM	ADJA
FM	72	7	aquarum	FM	NN
FM	72	8	boraginis	FM	NE
_	72	9	,	$,	$,
FM	72	10	et	FM	FM
FM	72	11	buglossæ	FM	NE
FM	72	12	lib.	FM	NE
FM	72	13	2.	FM	ADJA
KON	72	14	&	$(	KON
FM	72	15	aceti	FM	NE
FM	72	16	rosacei	FM	NE
FM	72	17	1.	FM	ADJA
FM	72	18	commisceantur	FM	NN
_	72	19	.	$.	$.
PAV	73	1	darein	PAV	ADV
_	73	2	soll	VMFIN	VMFIN
_	73	3	man	PIS	PIS
_	73	4	tauchen	VVFIN	VVFIN
_	73	5	seidene	ADJA	ADJA
_	73	6	Tüchlein	NN	NN
_	73	7	und	KON	KON
_	73	8	laulich	ADJD	ADJD
_	73	9	warm	ADJD	ADJD
_	73	10	auf	APPR	APPR
_	73	11	das	ART	ART
_	73	12	Herz	NN	NN
_	73	13	legen	VVINF	VVINF
_	73	14	.	$.	$.
_	74	1	man	PIS	PIS
_	74	2	soll	VMFIN	VMFIN
_	74	3	auch	ADV	ADV
_	74	4	Achtung	NN	NN
_	74	5	haben	VAFIN	VAFIN
_	74	6	/	$(	$(
KOUS	74	7	dass	ART	KOUS
_	74	8	der	ART	ART
_	74	9	Leib	NN	NN
_	74	10	nicht	PTKNEG	PTKNEG
_	74	11	gestopft	VVPP	VVPP
_	74	12	bleibe	VVFIN	VVFIN
_	74	13	/	$(	$(
_	74	14	sondern	KON	KON
_	74	15	muss	VMFIN	VMFIN
_	74	16	ihm	PPER	PPER
APPRART	74	17	zur	PTKZU	APPRART
_	74	18	Hilfe	NN	NN
VVINF	74	19	kommen	VVFIN	VVFIN
_	74	20	mit	APPR	APPR
NN	74	21	Zäpflein	NE	NN
_	74	22	/	$(	$(
_	74	23	mit	APPR	APPR
NN	74	24	Klistieren	VVINF	NN
_	74	25	/	$(	$(
_	74	26	und	KON	KON
_	74	27	auf	APPR	APPR
ADJA	74	28	andere	ADJA	PIS
NN	74	29	Weise	VVFIN	NN
_	74	30	/	$(	$(
KOUS	74	31	wie	KOKOM	KOUS
_	74	32	man	PIS	PIS
_	74	33	gewöhnlich	ADJD	ADJD
_	74	34	pflegt	VVFIN	VVFIN
_	74	35	.	$.	$.
_	75	1	über	APPR	APPR
_	75	2	das	ART	ART
_	75	3	alles	PIS	PIS
_	75	4	ist	VAFIN	VAFIN
_	75	5	zu	PTKZU	PTKZU
_	75	6	merken	VVINF	VVINF
_	75	7	/	$(	$(
KOUS	75	8	wie	KOKOM	KOUS
_	75	9	man	PIS	PIS
_	75	10	mit	APPR	APPR
_	75	11	den	ART	ART
NN	75	12	Beulen	VVINF	NN
VVINF	75	13	fortfaren	PTKVZ	VVINF
_	75	14	soll	VMFIN	VMFIN
_	75	15	/	$(	$(
PRELS	75	16	welche	PWAT	PRELS
_	75	17	doch	ADV	ADV
_	75	18	nicht	PTKNEG	PTKNEG
ADJA	75	19	einerlei	PIS	ADJA
_	75	20	Art	NN	NN
VAFIN	75	21	seien	VAINF	VAFIN
_	75	22	.	$.	$.
KOUS	76	1	dieweil	KOUS	ADV
_	76	2	auch	ADV	ADV
_	76	3	die	ART	ART
_	76	4	Feuchtigkeiten	NN	NN
PIS	76	5	mancherlei	PIAT	PIS
_	76	6	sind	VAFIN	VAFIN
_	76	7	/	$(	$(
ADV	76	8	doch	ADV	KON
_	76	9	sind	VAFIN	VAFIN
ADV	76	10	gemeiniglich	ADJD	ADJD
_	76	11	die	ART	ART
_	76	12	Farben	NN	NN
_	76	13	der	ART	ART
NN	76	14	Beulen	VVINF	NN
_	76	15	den	ART	ART
_	76	16	Feuchtigkeiten	NN	NN
_	76	17	gleichmäßig	ADJD	ADJD
_	76	18	/	$(	$(
_	76	19	und	KON	KON
_	76	20	daraus	PAV	PAV
_	76	21	zu	PTKZU	PTKZU
_	76	22	merken	VVINF	VVINF
_	76	23	ist	VAFIN	VAFIN
_	76	24	/	$(	$(
KOUS	76	25	dass	ART	KOUS
_	76	26	nicht	PTKNEG	PTKNEG
_	76	27	allerlei	PIAT	PIAT
NN	76	28	Beulen	VVINF	NN
ADV	76	29	gleich	ADV	ADJD
_	76	30	bald	ADV	ADV
_	76	31	zu	PTKZU	PTKZU
VVINF	76	32	ärzneien	NN	ADJD
_	76	33	sind	VAFIN	VAFIN
_	76	34	.	$.	$.
PDS	77	1	das	ART	PDS
_	77	2	muss	VMFIN	VMFIN
_	77	3	man	PIS	PIS
_	77	4	aber	ADV	ADV
_	77	5	merken	VVINF	VVINF
_	77	6	/	$(	$(
KOUS	77	7	dass	ART	KOUS
_	77	8	man	PIS	PIS
_	77	9	nicht	PTKNEG	PTKNEG
VVINF	77	10	säumen	VVFIN	VVINF
_	77	11	muss	VMFIN	VMFIN
_	77	12	mit	APPR	APPR
_	77	13	der	ART	ART
_	77	14	Eröffnung	NN	NN
_	77	15	/	$(	$(
_	77	16	sondern	KON	KON
_	77	17	mit	APPR	APPR
PIAT	77	18	allem	PIS	PIAT
_	77	19	Fleiß	NN	NN
_	77	20	eröffnen	VVINF	VVINF
_	77	21	/	$(	$(
_	77	22	und	KON	KON
_	77	23	keinerlei	PIAT	PIAT
NN	77	24	Weise	VVFIN	NN
_	77	25	auflegen	VVINF	VVINF
_	77	26	/	$(	$(
PRELS	77	27	was	PWS	PWS
VVINF	77	28	zurücktreiben	PTKZU	VVINF
_	77	29	möchte	VMFIN	VMFIN
_	77	30	.	$.	$.
_	78	1	darum	PAV	PAV
_	78	2	sind	VAFIN	VAFIN
PDS	78	3	die	ART	PDS
_	78	4	nicht	PTKNEG	PTKNEG
_	78	5	närrisch	ADJD	ADJD
_	78	6	die	ART	ART
_	78	7	die	ART	ART
NN	78	8	Beulen	VVINF	NN
_	78	9	mit	APPR	APPR
_	78	10	einem	ART	ART
TRUNC	78	11	las	VVFIN	ADJA
NN	78	12	Eisen	VVINF	NN
VVFIN	78	13	aufreißen	VVINF	VVINF
_	78	14	/	$(	$(
_	78	15	und	KON	KON
_	78	16	um	APPR	APPR
_	78	17	die	ART	ART
_	78	18	Geschwulst	NN	NN
VVFIN	78	19	hacken	VVINF	VVINF
_	78	20	/	$(	$(
_	78	21	und	KON	KON
_	78	22	darauf	PAV	PAV
_	78	23	einen	ART	ART
_	78	24	Kopf	NN	NN
_	78	25	setzen	VVINF	VVINF
_	78	26	lassen	VVINF	VVINF
_	78	27	/	$(	$(
PRELS	78	28	welches	PRELS	PWS
_	78	29	mit	APPR	APPR
NN	78	30	Macht	VVFIN	NN
_	78	31	die	ART	ART
_	78	32	Gift	NN	NN
APPR	78	33	zu	PTKZU	APPR
_	78	34	sich	PRF	PRF
_	78	35	ziehen	VVINF	VVINF
_	78	36	mag	VMFIN	VMFIN
_	78	37	.	$.	$.
ADV	79	1	zudem	APPR	ADV
_	79	2	soll	VMFIN	VMFIN
_	79	3	man	PIS	PIS
PIAT	79	4	ezliche	PIAT	ADJA
NN	79	5	Arznei	NE	NN
_	79	6	gebrauchen	VVINF	VVINF
_	79	7	/	$(	$(
KOUS	79	8	wie	KOKOM	KOUS
_	79	9	folgt	VVFIN	VVFIN
_	79	10	.	$.	$.
_	80	1	man	PIS	PIS
_	80	2	soll	VMFIN	VMFIN
CARD	80	3	eine	ART	ART
NN	80	4	Zwiebel	NE	NN
_	80	5	oder	KON	KON
CARD	80	6	zwei	NE	CARD
_	80	7	nehmen	VVINF	VVINF
_	80	8	/	$(	$(
_	80	9	davon	PAV	PAV
_	80	10	schneide	VVFIN	VVFIN
_	80	11	man	PIS	PIS
_	80	12	die	ART	ART
_	80	13	Köpfe	NN	NN
_	80	14	/	$(	$(
_	80	15	und	KON	KON
ADV	80	16	daselbst	NE	ADV
_	80	17	sollen	VMFIN	VMFIN
_	80	18	sie	PPER	PPER
_	80	19	ein	ART	ART
ADV	80	20	wenig	PIS	PIS
_	80	21	ausgehöhlt	VVPP	VVPP
_	80	22	werden	VAINF	VAINF
_	80	23	/	$(	$(
_	80	24	und	KON	KON
PAV	80	25	darein	PAV	ADV
_	80	26	einen	ART	ART
_	80	27	guten	ADJA	ADJA
_	80	28	Theriak	NN	NN
_	80	29	einfüllen	VVINF	VVINF
_	80	30	/	$(	$(
_	80	31	und	KON	KON
_	80	32	wiederum	ADV	ADV
_	80	33	mit	APPR	APPR
_	80	34	dem	ART	ART
_	80	35	vorigen	ADJA	ADJA
_	80	36	abgeschnittenem	ADJA	ADJA
_	80	37	Teil	NN	NN
_	80	38	zustopfen	VVINF	VVINF
_	80	39	/	$(	$(
_	80	40	und	KON	KON
_	80	41	soll	VMFIN	VMFIN
_	80	42	also	ADV	ADV
_	80	43	in	APPR	APPR
_	80	44	der	ART	ART
_	80	45	Asche	NN	NN
_	80	46	gebraten	VVPP	VVPP
_	80	47	/	$(	$(
PAV	80	48	darnach	PAV	ADV
VVPP	80	49	zerstoßen	NE	VVPP
_	80	50	und	KON	KON
_	80	51	auf	APPR	APPR
_	80	52	die	ART	ART
NN	80	53	Beule	VVFIN	NN
_	80	54	wie	KOKOM	KOKOM
_	80	55	ein	ART	ART
_	80	56	Pflaster	NN	NN
_	80	57	gelegt	VVPP	VVPP
_	80	58	werden	VAINF	VAINF
_	80	59	.	$.	$.
_	81	1	denn	KON	KON
_	81	2	der	ART	ART
_	81	3	thiriack	NN	NN
_	81	4	treibt	VVFIN	VVFIN
_	81	5	nicht	PTKNEG	PTKNEG
ADV	81	6	zurück	VVINF	ADV
_	81	7	die	ART	ART
_	81	8	Gift	NN	NN
_	81	9	/	$(	$(
_	81	10	sondern	KON	KON
_	81	11	er	PPER	PPER
_	81	12	zieht	VVFIN	VVFIN
APPR	81	13	zu	PTKZU	APPR
_	81	14	sich	PRF	PRF
KOUS	81	15	wie	KOKOM	KOKOM
_	81	16	man	PIS	PIS
_	81	17	sonst	ADV	ADV
_	81	18	weitläufig	ADJD	ADJD
_	81	19	in	APPR	APPR
_	81	20	der	ART	ART
NN	81	21	Schule	VVINF	NN
_	81	22	pflegt	VVFIN	VVFIN
_	81	23	zu	PTKZU	PTKZU
_	81	24	disputieren	VVINF	VVINF
_	81	25	.	$.	$.
_	82	1	auch	ADV	ADV
_	82	2	mögen	VMFIN	VMFIN
_	82	3	die	ART	ART
_	82	4	armen	ADJA	ADJA
_	82	5	Leute	NN	NN
_	82	6	ein	ART	ART
_	82	7	Pflaster	NN	NN
VVINF	82	8	machen	VVINF	VVFIN
_	82	9	von	APPR	APPR
_	82	10	saurem	ADJA	ADJA
_	82	11	Teig	NN	NN
_	82	12	/	$(	$(
ADJA	82	13	altem	ADJD	ADJA
_	82	14	Schmer	NN	NN
_	82	15	/	$(	$(
_	82	16	Vitriol	NN	NN
XY	82	17	/[28]|/[29]	XY	$(
NN	82	18	Kalk	VVIMP	NN
_	82	19	/	$(	$(
NN	82	20	Pech	VVIMP	NN
_	82	21	/	$(	$(
_	82	22	ein	ART	ART
PIS	82	23	jedes	PIAT	PIAT
_	82	24	ein	ART	ART
ADV	82	25	wenig	PIS	PIS
_	82	26	.	$.	$.
PDS	83	1	die	ART	PDS
_	83	2	mögen	VMFIN	VMFIN
_	83	3	auch	ADV	ADV
NN	83	4	Schnitteln	VVINF	NN
_	83	5	von	APPR	APPR
_	83	6	dem	ART	ART
_	83	7	Rettich	NN	NN
_	83	8	auflegen	VVINF	VVINF
_	83	9	/	$(	$(
_	83	10	und	KON	KON
_	83	11	oftmals	ADV	ADV
PDS	83	12	dieselbigen	PDAT	ADJA
VVINF	83	13	verneuern	ADJA	VVINF
_	83	14	/	$(	$(
_	83	15	dann	ADV	ADV
_	83	16	es	PPER	PPER
_	83	17	zieht	VVFIN	VVFIN
_	83	18	wohl	ADV	ADV
PTKVZ	83	19	aus	APPR	PTKVZ
_	83	20	.	$.	$.
_	84	1	man	PIS	PIS
_	84	2	soll	VMFIN	VMFIN
_	84	3	auch	ADV	ADV
_	84	4	Kamillenblumen	NN	NN
_	84	5	/	$(	$(
NN	84	6	Foenumgraecumsamen	NE	NN
_	84	8	gepulvert	VVPP	VVPP
_	84	9	ein	ART	ART
PIS	84	10	itzliches	NE	ADJA
_	84	11	zwei	CARD	CARD
_	84	12	Lot	NN	NN
_	84	13	nehmen	VVINF	VVINF
_	84	14	und	KON	KON
PAV	84	15	darzu	PAV	ADV
_	84	16	tue	VVFIN	VVFIN
_	84	17	man	PIS	PIS
_	84	18	auch	ADV	ADV
NN	84	19	Leinsamen	VVIMP	NN
_	84	20	/	$(	$(
ADJA	84	21	große	ADJD	ADJA
_	84	22	Pappelwurz	NN	NN
_	84	23	/	$(	$(
PIS	84	24	jedes	PIAT	PIAT
_	84	25	zwei	CARD	CARD
_	84	26	Lot	NN	NN
_	84	27	/	$(	$(
NN	84	28	Sauerteig	ADJD	NN
_	84	29	von	APPR	APPR
NN	84	30	Roggenmehl	VVINF	NN
CARD	84	31	2	NE	CARD
_	84	32	Lot	NN	NN
_	84	33	.	$.	$.
NN	84	34	Tormentillwurz	NE	NN
_	84	35	/	$(	$(
_	84	36	das	ART	ART
_	84	37	Kraut	NN	NN
FM	84	38	Valerian	NE	NE
_	84	39	/	$(	$(
FM	84	40	Diptam	NE	NN
_	84	41	/	$(	$(
PIS	84	42	jedes	PIAT	PIAT
CARD	84	43	3	XY	CARD
NN	84	44	Quent	NN	NE
_	84	45	/	$(	$(
_	84	46	Senfsamen	NN	NN
_	84	47	/	$(	$(
_	84	48	Taubenkot	NN	NN
_	84	49	ein	ART	ART
PIS	84	50	jedes	PIAT	PIAT
CARD	84	51	1	NE	CARD
_	84	52	Lot	NN	NN
ADJA	84	53	weiße	VVFIN	ADJA
_	84	54	Lilien	NN	NN
_	84	55	und	KON	KON
_	84	56	Kamillenöl	NN	NN
PIS	84	57	jedes	PIAT	PIAT
_	84	58	vier	CARD	CARD
_	84	59	Lot	NN	NN
_	84	60	/	$(	$(
_	84	61	aus	APPR	APPR
PDS	84	62	dem	ART	PDS
_	84	63	mag	VMFIN	VMFIN
_	84	64	man	PIS	PIS
_	84	65	ein	ART	ART
_	84	66	Pflaster	NN	NN
_	84	67	machen	VVINF	VVINF
_	84	68	/	$(	$(
_	84	69	und	KON	KON
_	84	70	darauf	PAV	PAV
_	84	71	legen	VVINF	VVINF
_	84	72	/	$(	$(
_	84	73	denn	KON	KON
_	84	74	es	PPER	PPER
_	84	75	tut	VVFIN	VVFIN
_	84	76	in	APPR	APPR
_	84	77	diesen	PDAT	PDAT
_	84	78	giftigen	ADJA	ADJA
NN	84	79	Beulen	VVINF	NN
_	84	80	sehr	ADV	ADV
_	84	81	viel	ADV	ADV
_	84	82	.	$.	$.
_	85	1	in	APPR	APPR
_	85	2	der	ART	ART
_	85	3	Eile	NN	NN
_	85	4	aber	ADV	ADV
_	85	5	mag	VMFIN	VMFIN
_	85	6	man	PIS	PIS
VVINF	85	7	nehmen	VVINF	VVFIN
_	85	8	das	ART	ART
_	85	9	Pflaster	NN	NN
_	85	10	in	APPR	APPR
_	85	11	der	ART	ART
_	85	12	Apotheke	NN	NN
_	85	13	genannt	VVPP	VVPP
FM	85	14	diachylon	NE	NE
FM	85	15	simplex	NE	NN
_	85	16	,	$,	$,
_	85	17	bei	APPR	APPR
CARD	85	18	2	NE	CARD
_	85	19	Unzen	NN	NN
_	85	20	/	$(	$(
PAV	85	21	darzu	PAV	ADV
_	85	22	soll	VMFIN	VMFIN
VVPP	85	23	vermischt	VVFIN	VVPP
VAINF	85	24	werden	VAINF	VAFIN
FM	85	25	Ammoniacum	NE	NN
_	85	26	und	KON	KON
FM	85	27	Galbanum	NE	NN
_	85	28	/	$(	$(
PIS	85	29	jedes	PIAT	PIAT
_	85	30	bei	APPR	APPR
CARD	85	31	einer	ART	ART
_	85	32	Unze	NN	NN
_	85	33	.	$.	$.
_	86	1	es	PPER	PPER
_	86	2	ist	VAFIN	VAFIN
_	86	3	auch	ADV	ADV
_	86	4	gut	ADJD	ADJD
_	86	5	der	ART	ART
_	86	6	Gänsemist	NN	NN
_	86	7	/	$(	$(
_	86	8	mit	APPR	APPR
_	86	9	gemeinem	ADJA	ADJA
_	86	10	Öl	NN	NN
_	86	11	aufgelegt	VVPP	VVPP
_	86	12	.	$.	$.
_	86	13	wer	PWS	PWS
_	86	14	da	ADV	ADV
_	86	15	will	VMFIN	VMFIN
PIAT	86	16	etwas	PIS	PIAT
_	86	17	Stärkeres	NN	NN
VAINF	86	18	haben	VAFIN	VAINF
_	86	19	/	$(	$(
_	86	20	wird	VAFIN	VAFIN
_	86	21	man	PIS	PIS
VVINF	86	22	bekommen	VVINF	VVFIN
_	86	23	in	APPR	APPR
_	86	24	der	ART	ART
_	86	25	Apotheke	NN	NN
_	86	26	.	$.	$.
_	87	1	und	KON	KON
ADV	87	2	nachfolgend	VVPP	ADJD
_	87	3	wird	VAFIN	VAFIN
_	87	4	sich	PRF	PRF
_	87	5	ein	ART	ART
_	87	6	geschickter	ADJA	ADJA
NN	87	7	Barbierer	NE	NN
_	87	8	wohl	ADV	ADV
_	87	9	wissen	VVINF	VVINF
_	87	10	zu	PTKZU	PTKZU
_	87	11	halten	VVINF	VVINF
_	87	12	.	$.	$.
_	88	1	zum	APPRART	APPRART
_	88	2	Beschluss	NN	NN
_	88	3	wird	VAFIN	VAFIN
_	88	4	ein	ART	ART
PIS	88	5	jeder	PIAT	PIAT
_	88	6	Zuflucht	NN	NN
_	88	7	haben	VAFIN	VAFIN
APPR	88	8	zu	PTKZU	APPR
_	88	9	Gott	NN	NN
_	88	10	/	$(	$(
KOUS	88	11	wie	KOKOM	KOUS
_	88	12	David	NE	NE
_	88	13	täte	VVFIN	VVFIN
_	88	14	/	$(	$(
KOUS	88	15	da	ADV	ADV
_	88	16	um	APPR	APPR
_	88	17	seiner	PPOSAT	PPOSAT
_	88	18	Sünden	NN	NN
APPO	88	19	willen	NN	APPO
_	88	20	/	$(	$(
_	88	21	zwischen	APPR	APPR
NE	88	22	Dan	ADV	NE
_	88	23	und	KON	KON
_	88	24	Beerscheba	NE	NE
_	88	25	in	APPR	APPR
_	88	26	drei	CARD	CARD
_	88	27	Tagen	NN	NN
CARD	88	28	siebzigtausend	CARD	NN
NN	88	29	Mann	PIS	NN
_	88	30	an	APPR	APPR
_	88	31	der	ART	ART
_	88	32	Pestilenz	NN	NN
_	88	33	gestorben	VVPP	VVPP
_	88	34	sind	VAFIN	VAFIN
_	88	35	.	$.	$.
_	89	1	aber	KON	KON
KOUS	89	2	da	ADV	KOUS
_	89	3	David	NE	NE
_	89	4	um	APPR	APPR
NN	89	5	Verzeihung	NE	NN
_	89	6	der	ART	ART
_	89	7	Sünden	NN	NN
_	89	8	bat	VVFIN	VVFIN
_	89	9	/	$(	$(
_	89	10	und	KON	KON
_	89	11	Gnade	NN	NN
_	89	12	erlangt	VVFIN	VVFIN
_	89	13	durch	APPR	APPR
PPOSAT	89	14	sein	VAINF	PPOSAT
ADJA	89	15	christliches	ADJD	ADJA
_	89	16	Gebet	NN	NN
_	89	17	/	$(	$(
_	89	18	und	KON	KON
NN	89	19	anrufen	APPR	VVFIN
_	89	20	/	$(	$(
_	89	21	so	ADV	ADV
_	89	22	hatte	VAFIN	VAFIN
_	89	23	die	ART	ART
_	89	24	Pestilenz	NN	NN
_	89	25	ein	ART	ART
_	89	26	Ende	NN	NN
_	89	27	.	$.	$.
ADV	90	1	desgleichen	KOUS	ADV
VAFIN	90	2	werden	VAINF	VAFIN
_	90	3	alle	PIAT	PIAT
_	90	4	frommen	ADJA	ADJA
_	90	5	Christen	NN	NN
_	90	6	tun	VVINF	VVINF
_	90	7	/	$(	$(
_	90	8	und	KON	KON
_	90	9	sich	PRF	PRF
_	90	10	auf	APPR	APPR
_	90	11	die	ART	ART
_	90	12	Zusagung	NN	NN
_	90	13	Gottes	NN	NN
VVINF	90	14	verlassen	NE	VVPP
_	90	15	.	$.	$.
_	91	1	FINIS	NN	NN
_	91	2	.	$.	$.
