	token_ids	tokens	goldlabels	predictions
0	1	wie	PWAV	PWAV
0	2	man	PIS	PIS
0	3	denen	PRELS	PDS
0	4	helfen	VVINF	VVINF
0	5	soll	VMFIN	VMFIN
0	6	/	$(	$(
0	7	welche	ADJA	PRELS
0	8	mit	APPR	APPR
0	9	der	ART	ART
0	10	pestilenzische	NE	ADJA
0	11	Gift	NN	NN
0	12	begriffen	VVPP	VVINF
0	13	sind	VAFIN	VAFIN
0	14	.	$.	$.
1	1	durch	APPR	APPR
1	2	Doctor	NE	NN
1	3	Jodocum	NE	NE
1	4	Willichium	NE	NE
1	5	von	APPR	APPR
1	6	Resell	NE	NE
1	7	.	$.	$.
2	1	gedruckt	VVPP	NE
2	2	zu	PTKZU	APPR
2	3	Frankfurt	NE	NE
2	4	an	APPR	APPR
2	5	der	ART	ART
2	6	Oder	KON	NE
2	7	durch	APPR	APPR
2	8	Johann	NE	NE
2	9	Eichorn.	NN	NE
2	10	M.	NE	NE
2	11	D.	NE	NE
2	12	L.	NE	NE
3	1	wie	PWAV	PWAV
3	2	man	PIS	PIS
3	3	denen	PRELS	PDS
3	4	helfen	VVINF	VVINF
3	5	soll	VMFIN	VMFIN
3	6	/	$(	$(
3	7	welche	PWAT	PRELS
3	8	mit	APPR	APPR
3	9	der	ART	ART
3	10	pestilenzische	NE	ADJA
3	11	Gift	NN	NN
3	12	begriffen	VVPP	VVINF
3	13	sind	VAFIN	VAFIN
3	14	.	$.	$.
4	1	wann	PWAV	PWAV
4	2	einer	ART	PIS
4	3	begriffen	VVPP	VVPP
4	4	ist	VAFIN	VAFIN
4	5	mit	APPR	APPR
4	6	der	ART	ART
4	7	Pestilenz	NN	NN
4	8	/	$(	$(
4	9	soll	VMFIN	VMFIN
4	10	er	PPER	PPER
4	11	zuvoraus	ADV	VVPP
4	12	zu	PTKZU	APPR
4	13	Gott	NN	NN
4	14	laufen	VVFIN	VVPP
4	15	/	$(	$(
4	16	und	KON	KON
4	17	darnach	PAV	PAV
4	18	Gottes	NN	NN
4	19	Gaben	VVFIN	NN
4	20	gebrauchen	VVINF	VVINF
4	21	zur	APPRART	APPRART
4	22	Gesundheit	NN	NN
4	23	/	$(	$(
4	24	und	KON	KON
4	25	alles	PIS	PIS
4	26	in	APPR	APPR
4	27	Gottes	NN	NN
4	28	Willen	NN	NN
4	29	stellen	VVINF	VVPP
4	30	/	$(	$(
4	31	wie	KOKOM	PWAV
4	32	einem	ART	ART
4	33	frommen	ADJA	VVPP
4	34	Christen	NN	NN
4	35	gebührt	VVFIN	VVPP
4	36	und	KON	KON
4	37	geziemt	VVFIN	VVFIN
4	38	.	$.	$.
5	1	also	ADV	ADV
5	2	hat	VAFIN	VAFIN
5	3	Jesus	NE	NE
5	4	Syrach	NE	NE
5	5	am	APPRART	APPRART
5	6	38	XY	ADJA
5	7	Kapitel	NE	NN
5	8	vormahnt	VVFIN	NE
5	9	/	$(	$(
5	10	mit	APPR	APPR
5	11	diesen	PDAT	PDAT
5	12	Worten	NN	NN
5	13	.	$.	$.
6	1	mein	PPOSAT	PPOSAT
6	2	Kind	NN	NN
6	3	/	$(	$(
6	4	wann	PWAV	PWAV
6	5	du	PTKZU	PPER
6	6	krank	ADJD	ADJD
6	7	bist	VAFIN	VAFIN
6	8	/	$(	$(
6	9	so	ADV	ADV
6	10	verachte	VVFIN	VVINF
6	11	dies	PDS	PDS
6	12	nicht	PTKNEG	PTKNEG
6	13	/	$(	$(
6	14	sondern	KON	KON
6	15	bitte	ADV	VVIMP
6	16	den	ART	ART
6	17	Herrn	NN	NN
6	18	/	$(	$(
6	19	so	ADV	ADV
6	20	wird	VAFIN	VAFIN
6	21	er	PPER	PPER
6	22	dich	PPER	PPER
6	23	gesund	ADJD	ADJD
6	24	machen	VVINF	VVINF
6	25	/	$(	$(
6	26	lass	VVFIN	VVIMP
6	27	von	APPR	APPR
6	28	der	ART	ART
6	29	Sünde	NN	NN
6	30	/	$(	$(
6	31	und	KON	KON
6	32	mache	VVFIN	VVIMP
6	33	deine	PPOSAT	PPOSAT
6	34	Hände	NN	NN
6	35	unsträflich	ADJD	VVINF
6	36	/	$(	$(
6	37	und	KON	KON
6	38	reinige	VVFIN	VVINF
6	39	das	ART	ART
6	40	Herz	NN	NN
6	41	von	APPR	APPR
6	42	aller	PIAT	PIAT
6	43	Missetat	NN	NN
6	44	/	$(	$(
6	45	opfer	NN	VVINF
6	46	süßen	ADJA	ADJA
6	47	Geruch	NN	NN
6	48	/	$(	$(
6	49	und	KON	KON
6	50	Semmel	NN	NN
6	51	/	$(	$(
6	52	und	KON	KON
6	53	gedenk	VVIMP	VVIMP
6	54	Opfer	NN	NN
6	55	/	$(	$(
6	56	und	KON	KON
6	57	gib	VVIMP	VVIMP
6	58	ein	ART	ART
6	59	fettes	ADJD	ADJA
6	60	Opfer	NN	NN
6	61	/	$(	$(
6	62	als	KOKOM	KOKOM
6	63	müssest	VVFIN	VMFIN
6	64	du	PPER	PPER
6	65	davon	PAV	PAV
6	66	/	$(	$(
6	67	Darnach	PAV	VVINF
6	68	lass	VVFIN	VVIMP
6	69	den	ART	ART
6	70	Arzt	NN	NN
6	71	zu	PTKZU	APPR
6	72	dir	PPER	PPER
6	73	/	$(	$(
6	74	denn	KON	KON
6	75	der	ART	ART
6	76	Herr	NN	NN
6	77	hat	VAFIN	VAFIN
6	78	ihn	PPER	PPER
6	79	geschaffen	VVPP	VVINF
6	80	/	$(	$(
6	81	und	KON	KON
6	82	lass	ART	VVFIN
6	83	ihn	PPER	PPER
6	84	nicht	PTKNEG	PTKNEG
6	85	von	APPR	APPR
6	86	dir	PPER	PPER
6	87	/	$(	$(
6	88	weil	KOUS	KOUS
6	89	du	PTKZU	PPER
6	90	seiner	VAINF	PPER
6	91	doch	ADV	ADV
6	92	bedarfst	ADJD	VVINF
6	93	.	$.	$.
7	1	es	PPER	PPER
7	2	kann	VMFIN	VMFIN
7	3	die	ART	ART
7	4	Stunde	VVFIN	NN
7	5	kommen	VVFIN	VVINF
7	6	/	$(	$(
7	7	dass	ART	KOUS
7	8	dem	ART	ART
7	9	Kranken	NN	NN
7	10	allein	ADV	ADV
7	11	durch	APPR	APPR
7	12	ihn	PPER	PPER
7	13	geholfen	VVPP	VVINF
7	14	werde	VAFIN	VAFIN
7	15	/	$(	$(
7	16	wenn	KOUS	KOUS
7	17	sie	PPER	PPER
7	18	den	ART	ART
7	19	Herrn	NN	NN
7	20	bitten	VVINF	VVFIN
7	21	/	$(	$(
7	22	dass	ART	KOUS
7	23	mit	APPR	APPR
7	24	ihm	PPER	PPER
7	25	besser	ADJD	ADJD
7	26	werde	VAFIN	VAFIN
7	27	/	$(	$(
7	28	und	KON	KON
7	29	Gesundheit	NN	NN
7	30	kriege	VVFIN	VVINF
7	31	länger	ADJD	ADJD
7	32	zu	PTKZU	PTKZU
7	33	leben	VVFIN	VVINF
7	34	.	$.	$.
8	1	wer	PWS	PWS
8	2	für	APPR	APPR
8	3	seinem	PPOSAT	PPOSAT
8	4	Schöpfer	NN	VVINF
8	5	sündigt	VVFIN	VVINF
8	6	/	$(	$(
8	7	der	ART	PDS
8	8	muss	VMFIN	VMFIN
8	9	dem	ART	ART
8	10	Arzt	NN	NN
8	11	in	APPR	APPR
8	12	die	ART	ART
8	13	Hände	NN	NN
8	14	kommen	VVFIN	VVINF
8	15	.	$.	$.
9	1	aus	APPR	APPR
9	2	diesen	PDAT	PDAT
9	3	Worten	NN	NN
9	4	kann	VMFIN	VMFIN
9	5	man	PIS	PIS
9	6	klärlich	ADV	VVINF
9	7	merken	VVINF	VVINF
9	8	/	$(	$(
9	9	wie	KOKOM	PWAV
9	10	sich	PRF	PRF
9	11	ein	ART	ART
9	12	Kranker	ADJA	VVINF
9	13	halten	VVINF	VVINF
9	14	soll	VMFIN	VMFIN
9	15	.	$.	$.
10	1	zum	APPRART	APPRART
10	2	Ersten	ADJA	NN
10	3	soll	VMFIN	VMFIN
10	4	er	PPER	PPER
10	5	fromm	ADJD	ADJD
10	6	werden	VAINF	VAINF
10	7	/	$(	$(
10	8	so	ADV	ADV
10	9	er	PPER	PPER
10	10	im	APPRART	APPRART
10	11	rechtschaffenem	NE	ADJA
10	12	Glauben	VVFIN	NN
10	13	Gott	NN	NN
10	14	anruft	VVFIN	VVFIN
10	15	/	$(	$(
10	16	und	KON	KON
10	17	im	APPRART	APPRART
10	18	rechten	ADJA	ADJA
10	19	Wege	NN	NN
10	20	nach	APPR	APPR
10	21	Gottes	NN	NN
10	22	Willen	NN	NN
10	23	leben	VVFIN	ADJD
10	24	will	VMFIN	VMFIN
10	25	/	$(	$(
10	26	und	KON	KON
10	27	ihm	PPER	PPER
10	28	mit	APPR	APPR
10	29	reinem	ADJA	ADJA
10	30	Herzen	NN	NN
10	31	dienen	VVINF	ADJD
10	32	/	$(	$(
10	33	und	KON	KON
10	34	dankbar	ADJD	ADJD
10	35	sein	VAINF	VAINF
10	36	.	$.	$.
11	1	zum	APPRART	APPRART
11	2	Anderen	ADJA	PIS
11	3	lass	VVFIN	VVFIN
11	4	für	APPR	APPR
11	5	dich	PPER	PRF
11	6	bitten	VVINF	VVINF
11	7	in	APPR	APPR
11	8	der	ART	ART
11	9	Gemeinde	ADJA	NN
11	10	Gottes	NN	NN
11	11	.	$.	$.
12	1	dann	ADV	ADV
12	2	bei	APPR	APPR
12	3	den	ART	ART
12	4	Christen	NN	NN
12	5	ist	VAFIN	VAFIN
12	6	Opfern	NN	NN
12	7	nichts	PIS	PIS
12	8	anderes	ADV	PIS
12	9	/	$(	$(
12	10	dann	ADV	ADV
12	11	Beten	VVINF	NN
12	12	/	$(	$(
12	13	und	KON	KON
12	14	Gott	NN	NN
12	15	für	APPR	APPR
12	16	seine	PPOSAT	PPOSAT
12	17	Wohltat	VVFIN	NN
12	18	danken	VVINF	NN
12	19	.	$.	$.
13	1	zum	APPRART	APPRART
13	2	Letzten	ADJA	NN
13	3	soll	VMFIN	VMFIN
13	4	er	PPER	PPER
13	5	zum	APPRART	APPRART
13	6	Arzt	NN	NN
13	7	Zuflucht	NN	VVPP
13	8	haben	VAFIN	VAINF
13	9	/	$(	$(
13	10	und	KON	KON
13	11	ihn	PPER	PPER
13	12	nicht	PTKNEG	PTKNEG
13	13	vorachten	VVINF	VVPP
13	14	/	$(	$(
13	15	dieweil	KOUS	KOUS
13	16	ihn	APPR	PPER
13	17	Gott	NN	NN
13	18	geschaffen	VVPP	VVPP
13	19	hat	VAFIN	VAFIN
13	20	.	$.	$.
14	1	darum	PAV	PAV
14	2	sagt	VVFIN	VVFIN
14	3	der	ART	ART
14	4	Jesus	NE	NE
14	5	Syrach	NE	VVFIN
14	6	kurz	ADJD	ADJD
14	7	zuvor	ADV	ADV
14	8	/	$(	$(
14	9	der	ART	ART
14	10	Herr	NN	NN
14	11	lässt	VVIMP	VVFIN
14	12	die	ART	ART
14	13	Arznei	NE	NN
14	14	aus	APPR	APPR
14	15	der	ART	ART
14	16	Erde	NN	NN
14	17	wachsen	VVINF	VVFIN
14	18	/	$(	$(
14	19	und	KON	KON
14	20	ein	ART	ART
14	21	Vornünftiger	NE	NN
14	22	verachtet	NN	VVFIN
14	23	sie	PPER	PPER
14	24	nicht	PTKNEG	PTKNEG
14	25	.	$.	$.
15	1	ward	VAFIN	VAFIN
15	2	doch	ADV	ADV
15	3	das	ART	ART
15	4	bittere	ADJD	ADJA
15	5	Wasser	NN	NN
15	6	süß	ADJA	ADJD
15	7	/	$(	$(
15	8	durch	APPR	APPR
15	9	ein	ART	ART
15	10	Holz	NN	NN
15	11	/	$(	$(
15	12	auf	APPR	APPR
15	13	dass	ART	KOUS
15	14	man	PIS	PIS
15	15	seine	PPOSAT	PPOSAT
15	16	Kraft	NN	NN
15	17	erkennen	VVINF	ADJA
15	18	solle	VMFIN	VMFIN
15	19	.	$.	$.
16	1	und	KON	KON
16	2	er	PPER	PPER
16	3	hat	VAFIN	VAFIN
16	4	solche	PIAT	PIAT
16	5	Kunst	NN	NN
16	6	den	ART	ART
16	7	Menschen	NN	NN
16	8	gegeben	VVPP	VVPP
16	9	/	$(	$(
16	10	dass	ART	KOUS
16	11	er	PPER	PPER
16	12	gepriesen	VVPP	VVPP
16	13	werde	VAFIN	VAFIN
16	14	in	APPR	APPR
16	15	seinen	PPOSAT	PPOSAT
16	16	Wundertaten	NN	NN
16	17	/	$(	$(
16	18	et cetera	ADV	FM
17	1	und	KON	KON
17	2	also	ADV	ADV
17	3	tat	VVFIN	VVFIN
17	4	auch	ADV	ADV
17	5	der	ART	ART
17	6	König	NN	NN
17	7	Hiskia	NE	NE
17	8	/	$(	$(
17	9	welcher	VVIMP	PRELS
17	10	sehr	NE	ADV
17	11	krank	ADJD	ADJD
17	12	war	VAFIN	VAFIN
17	13	/	$(	$(
17	14	und	KON	KON
17	15	der	ART	ART
17	16	Prophet	NN	NN
17	17	Jesaia	NE	NE
17	18	zu	PTKZU	APPR
17	19	ihm	APPRART	PPER
17	20	kam	VVFIN	VVFIN
17	21	/	$(	$(
17	22	und	KON	KON
17	23	sprach	VVFIN	VVFIN
17	24	zu	PTKZU	APPR
17	25	ihm	PPER	PPER
17	26	.	$.	$.
18	1	so	ADV	ADV
18	2	spricht	VVFIN	VVFIN
18	3	der	ART	ART
18	4	Herr	NN	NN
18	5	/	$(	$(
18	6	bestelle	VVFIN	VVINF
18	7	dein	PPOSAT	PPOSAT
18	8	Haus	NN	NN
18	9	/	$(	$(
18	10	denn	KON	KON
18	11	du	PTKZU	PPER
18	12	wirst	VAFIN	VAFIN
18	13	sterben	VVINF	VVINF
18	14	/	$(	$(
18	15	und	KON	KON
18	16	nicht	PTKNEG	PTKNEG
18	17	lebendig	ADJD	ADJD
18	18	bleiben	VVINF	VVINF
18	19	.	$.	$.
19	1	da	ADV	ADV
19	2	wendet	PWS	VVFIN
19	3	Hiskia	NE	NE
19	4	sein	VAINF	PPOSAT
19	5	Angesicht	NN	NN
19	6	zur	APPRART	APPRART
19	7	Wand	VVFIN	NN
19	8	/	$(	$(
19	9	und	KON	KON
19	10	betet	VVFIN	VVFIN
19	11	zum	APPRART	APPRART
19	12	Herrn	NN	NN
19	13	/	$(	$(
19	14	und	KON	KON
19	15	sprach	VVFIN	VVFIN
19	16	.	$.	$.
20	1	gedenk	NE	VVPP
20	2	doch	ADV	ADV
20	3	Herr	NN	NN
20	4	/	$(	$(
20	5	wie	KOKOM	PWAV
20	6	ich	PPER	PPER
20	7	vor	APPR	APPR
20	8	dir	ART	PPER
20	9	gewandelt	VVPP	VVPP
20	10	hab	VAFIN	VAFIN
20	11	in	APPR	APPR
20	12	der	ART	ART
20	13	Wahrheit	NN	NN
20	14	/	$(	$(
20	15	mit	APPR	APPR
20	16	vollkommenem	ADJA	VVPP
20	17	Herzen	NN	NN
20	18	/	$(	$(
20	19	und	KON	KON
20	20	habe	VAFIN	VAFIN
20	21	getan	VVPP	VVPP
20	22	was	PWS	PWS
20	23	dir	PPER	PPER
20	24	gefallen	VVPP	VVPP
20	25	hat	VAFIN	VAFIN
20	26	/	$(	$(
20	27	und	KON	KON
20	28	Hiskia	NE	NE
20	29	weint	VVFIN	VVPP
20	30	sehr	NE	ADV
20	31	.	$.	$.
21	1	da	ADV	ADV
21	2	sprach	VVFIN	VVFIN
21	3	Gott	NN	NN
21	4	der	ART	ART
21	5	Herr	NN	NN
21	6	zu	PTKZU	APPR
21	7	Jesaia	NE	NE
21	8	/	$(	$(
21	9	gehe	NE	VVFIN
21	10	hin	PTKVZ	PTKVZ
21	11	und	KON	KON
21	12	sage	VVFIN	VVFIN
21	13	Hiskia	NE	NE
21	14	/	$(	$(
21	15	so	ADV	ADV
21	16	spricht	VVFIN	VVFIN
21	17	der	ART	ART
21	18	Herr	NN	NN
21	19	der	ART	ART
21	20	Gott	NN	NN
21	21	deines	PPOSAT	PPOSAT
21	22	Vaters	NN	NN
21	23	David	NE	NE
21	24	.	$.	$.
22	1	ich	PPER	PPER
22	2	habe	VAFIN	VAFIN
22	3	dein	PPOSAT	PPOSAT
22	4	Gebet	NN	NN
22	5	gehört	VVFIN	VVPP
22	6	/	$(	$(
22	7	und	KON	KON
22	8	deinen	PPOSAT	PPOSAT
22	9	Tränen	NN	NN
22	10	gesehen	VVPP	VVPP
22	11	.	$.	$.
23	1	sieh	PRF	XY
23	2	ich	PPER	PPER
23	3	will	VMFIN	VMFIN
23	4	deinen	PPOSAT	PPOSAT
23	5	Tagen	NN	NN
23	6	noch	ADV	ADV
23	7	fünfzehn	CARD	CARD
23	8	Jahr	NN	NN
23	9	zulegen	VVINF	VVINF
23	10	/	$(	$(
23	11	und	KON	KON
23	12	will	VMFIN	VMFIN
23	13	dich	PPER	PPER
23	14	samt	APPR	APPR
23	15	dieser	PDAT	PDAT
23	16	stat	APPR	VVINF
23	17	erretten	VVINF	VVINF
23	18	von	APPR	APPR
23	19	der	ART	ART
23	20	Hand	NN	NN
23	21	des	ART	ART
23	22	Königs	NN	NN
23	23	zu	PTKZU	APPR
23	24	Assyrien	NE	NE
23	25	/	$(	$(
23	26	denn	KON	KON
23	27	ich	PPER	PPER
23	28	will	VMFIN	VMFIN
23	29	diese	PDAT	PDAT
23	30	Stadt	APPR	NN
23	31	wohl	ADV	ADV
23	32	verteidigen	NE	VVINF
23	33	.	$.	$.
24	1	bald	ADV	ADV
24	2	darnach	PAV	VVPP
24	3	hat	VAFIN	VAFIN
24	4	der	ART	ART
24	5	Prophet	NN	NN
24	6	befohlen	VVPP	VVPP
24	7	man	PIS	PIS
24	8	soll	VMFIN	VMFIN
24	9	ihm	PPER	PPER
24	10	ein	ART	ART
24	11	Pflaster	NN	NN
24	12	von	APPR	APPR
24	13	Feigen	ADJA	NN
24	14	gemacht	VVPP	VVPP
24	15	auf	APPR	APPR
24	16	das	ART	ART
24	17	Geschwer	NE	NN
24	18	legen	VVINF	VVPP
24	19	/	$(	$(
24	20	dardurch	PAV	PAV
24	21	er	PPER	PPER
24	22	auch	ADV	ADV
24	23	gesund	ADJD	ADJD
24	24	ist	VAFIN	VAFIN
24	25	worden	VAPP	VAPP
24	26	.	$.	$.
25	1	auf	APPR	APPR
25	2	diese	PDAT	PDAT
25	3	Art	NN	NN
25	4	werden	VAINF	VAFIN
25	5	in	APPR	APPR
25	6	dieser	PDAT	PDAT
25	7	fährlichen	ADJA	ADJA
25	8	Zeit	NN	NN
25	9	sich	PRF	PRF
25	10	alle	PIAT	PIAT
25	11	Christen	NN	NN
25	12	schicken	VVINF	VVINF
25	13	/	$(	$(
25	14	und	KON	KON
25	15	zubereiten	VVINF	VVINF
25	16	/	$(	$(
25	17	dann	ADV	ADV
25	18	es	PPER	PPER
25	19	auch	ADV	ADV
25	20	die	ART	ART
25	21	große	ADJA	ADJA
25	22	Not	NN	NN
25	23	erfordert	VVFIN	VVFIN
25	24	/	$(	$(
25	25	und	KON	KON
25	26	Gott	NN	NN
25	27	will	VMFIN	VMFIN
25	28	barmherzig	ADJD	VVINF
25	29	sein	VAINF	VAINF
25	30	/	$(	$(
25	31	denen	PRELS	PDS
25	32	die	ART	PRELS
25	33	ihn	PPER	PPER
25	34	anrufen	VVINF	VVFIN
25	35	/	$(	$(
25	36	mit	APPR	APPR
25	37	rechtschaffenem	ADJA	ADJA
25	38	Glauben	VVFIN	NN
25	39	dann	ADV	ADV
25	40	er	PPER	PPER
25	41	hat	VAFIN	VAFIN
25	42	es	PPER	PPER
25	43	zugesagt	VVPP	VVINF
25	44	/	$(	$(
25	45	dass	ART	KOUS
25	46	er	PPER	PPER
25	47	uns	PPER	PPER
25	48	von	APPR	APPR
25	49	dem	ART	ART
25	50	Übel	ADV	NN
25	51	erretten	VVINF	VVINF
25	52	will	VMFIN	VMFIN
25	53	.	$.	$.
26	1	was	PWS	PWS
26	2	aber	ADV	ADV
26	3	die	ART	ART
26	4	Arznei	NE	NN
26	5	betrifft	VVFIN	VVFIN
26	6	/	$(	$(
26	7	will	VMFIN	VMFIN
26	8	ich	PPER	PPER
26	9	kürzlich	ADV	ADV
26	10	anzeigen	VVINF	VVINF
26	11	so	ADV	ADV
26	12	weit	ADJD	ADJD
26	13	als	KOKOM	KOKOM
26	14	die	ART	ART
26	15	Not	NN	NN
26	16	erfordert	VVFIN	VVFIN
26	17	.	$.	$.
27	1	zum	APPRART	APPRART
27	2	Ersten	ADJA	NN
27	3	soll	VMFIN	VMFIN
27	4	ein	ART	ART
27	5	jeder	PIAT	PIS
27	6	merken	VVINF	VVINF
27	7	die	ART	ART
27	8	Zeichen	NN	NN
27	9	/	$(	$(
27	10	dabei	PAV	PAV
27	11	man	PIS	PIS
27	12	erkennen	VVINF	VVINF
27	13	möchte	VMFIN	VMFIN
27	14	/	$(	$(
27	15	ob	KOUS	KOUS
27	16	einen	ART	PIS
27	17	die	ART	ART
27	18	Gift	NN	NN
27	19	begriffen	VVPP	VVINF
27	20	habe	VAFIN	VAFIN
27	21	/	$(	$(
27	22	oder	KON	KON
27	23	nicht	PTKNEG	PTKNEG
27	24	.	$.	$.
28	1	wann	PWAV	PWAV
28	2	einer	ART	PIS
28	3	plötzlich	ADJD	ADJD
28	4	las	VVFIN	VVFIN
28	5	und	KON	KON
28	6	matt	PTKVZ	ADJD
28	7	würde	VAFIN	VAFIN
28	8	in	APPR	APPR
28	9	allen	PIAT	PIAT
28	10	seinen	PPOSAT	PPOSAT
28	11	Gliedern	NN	NN
28	12	/	$(	$(
28	13	und	KON	KON
28	14	sich	PRF	PRF
28	15	heftig	ADJD	ADJD
28	16	renkt	VVFIN	ADJD
28	17	/	$(	$(
28	18	item	ADV	ADV
28	19	wo	PWAV	PWAV
28	20	ein	ART	ART
28	21	Schauer	VVIMP	NN
28	22	einen	ART	PIS
28	23	bald	ADV	ADV
28	24	ankäme	VVFIN	ADJD
28	25	/	$(	$(
28	26	oder	KON	KON
28	27	eine	ART	ART
28	28	plötzliche	ADJD	ADJA
28	29	Hitze	NN	NN
28	30	/	$(	$(
28	31	oder	KON	KON
28	32	so	ADV	ADV
28	33	er	PPER	PPER
28	34	sich	PRF	PRF
28	35	undäut	NE	VVFIN
28	36	über	APPR	APPR
28	37	die	ART	ART
28	38	Gewohnheit	NN	NN
28	39	/	$(	$(
28	40	oder	KON	KON
28	41	so	ADV	ADV
28	42	ihn	PPER	PPER
28	43	ein	ART	ART
28	44	gewaltiger	ADJA	ADJA
28	45	Schlaf	ADJD	NN
28	46	überfällt	VVFIN	VVFIN
28	47	/	$(	$(
28	48	oder	KON	KON
28	49	eine	ART	ART
28	50	große	ADJA	ADJA
28	51	Traurigkeit	NN	NN
28	52	ihn	APPR	PPER
28	53	ängstigt	VVFIN	ADJD
28	54	/	$(	$(
28	55	und	KON	KON
28	56	der	ART	ART
28	57	Harn	NN	NN
28	58	welcher	PWAT	PRELS
28	59	doch	ADV	ADV
28	60	zu	PTKZU	APPR
28	61	dieser	PDAT	PDAT
28	62	Zeit	NN	NN
28	63	wenig	PIS	PIAT
28	64	Gewisses	ADJA	ADJD
28	65	anzeigt	VVFIN	VVFIN
28	66	/	$(	$(
28	67	ist	VAFIN	VAFIN
28	68	gemeiniglich	ADV	ADJD
28	69	gelblich	ADJD	ADJD
28	70	und	KON	KON
28	71	trüb	ADJD	ADJD
28	72	.	$.	$.
29	1	item	NN	XY
29	2	so	ADV	ADV
29	3	einem	ART	PIS
29	4	braune	ADJA	VVPP
29	5	Flecken	NN	NN
29	6	ausführen	VVINF	VVPP
29	7	/	$(	$(
29	8	und	KON	KON
29	9	sonderlich	ADJD	ADJD
29	10	/	$(	$(
29	11	wann	PWAV	KOUS
29	12	Beulen	VVINF	NN
29	13	und	KON	KON
29	14	Blattern	NN	NN
29	15	aufgefaren	VVPP	VVPP
29	16	wären	VAFIN	VAFIN
29	17	/	$(	$(
29	18	oder	KON	KON
29	19	zum	APPRART	APPRART
29	20	Wenigsten	PIAT	VVPP
29	21	ein	ART	ART
29	22	Gliedmaß	NE	NN
29	23	mehr	ADV	ADV
29	24	beschwert	VVFIN	VVPP
29	25	würde	VAFIN	VAFIN
29	26	/	$(	$(
29	27	dann	ADV	ADV
29	28	die	ART	ART
29	29	anderen	ADJA	PIS
29	30	.	$.	$.
30	1	item	NN	XY
30	2	wann	PWAV	PWAV
30	3	der	ART	ART
30	4	Leib	NN	NN
30	5	inwendig	ADJD	ADV
30	6	heiß	ADJD	ADJD
30	7	ist	VAFIN	VAFIN
30	8	/	$(	$(
30	9	und	KON	KON
30	10	auswendig	ADJD	ADV
30	11	kalt	ADJD	ADJD
30	12	.	$.	$.
31	1	item	NN	XY
31	2	so	ADV	ADV
31	3	ihm	PPER	PPER
31	4	der	ART	ART
31	5	Kopf	NN	NN
31	6	schwer	ADJD	ADJD
31	7	würde	VAFIN	VAFIN
31	8	plötzlich	ADJD	ADJD
31	9	/	$(	$(
31	10	so	ADV	ADV
31	11	ihm	PPER	PPER
31	12	die	ART	ART
31	13	Lust	NN	NN
31	14	zum	APPRART	APPRART
31	15	Essen	VVINF	NN
31	16	vergangen	VVPP	VVPP
31	17	wäre	PWS	VAFIN
31	18	/	$(	$(
31	19	so	ADV	ADV
31	20	ihn	PPER	PPER
31	21	heftiger	ADJA	ADJA
31	22	Durst	NN	NN
31	23	bald	ADV	ADV
31	24	plagt	VVFIN	VVFIN
31	25	/	$(	$(
31	26	so	ADV	ADV
31	27	ihm	PPER	PPER
31	28	der	ART	ART
31	29	Puls	NE	NN
31	30	klein	ADJD	ADJD
31	31	/	$(	$(
31	32	öfter	ADV	ADJD
31	33	und	KON	KON
31	34	tief	ADJD	ADJD
31	35	ist	VAFIN	VAFIN
31	36	/	$(	$(
31	37	vor	APPR	APPR
31	38	allem	PIS	PIS
31	39	soll	VMFIN	VMFIN
31	40	man	PIS	PIS
31	41	Achtung	NE	NN
31	42	haben	VAFIN	VAINF
31	43	/	$(	$(
31	44	so	ADV	ADV
31	45	ein	ART	ART
31	46	Wehtag	NE	NN
31	47	wäre	VAFIN	VAFIN
31	48	an	APPR	APPR
31	49	dem	ART	ART
31	50	Hals	NN	NN
31	51	/	$(	$(
31	52	oder	KON	KON
31	53	bei	APPR	APPR
31	54	den	ART	ART
31	55	Armen	ADJA	NN
31	56	/	$(	$(
31	57	oder	KON	KON
31	58	bei	APPR	APPR
31	59	dem	ART	ART
31	60	Schoß	NN	NN
31	61	und	KON	KON
31	62	Beinen	VVINF	NN
31	63	.	$.	$.
32	1	so	ADV	ADV
32	2	nun	ADV	ADV
32	3	solche	PIAT	PIAT
32	4	Zeichen	NN	NN
32	5	zum	APPRART	APPRART
32	6	Teil	NN	NN
32	7	erscheinen	VVINF	VVPP
32	8	/	$(	$(
32	9	soll	VMFIN	VMFIN
32	10	man	PIS	PIS
32	11	nicht	PTKNEG	PTKNEG
32	12	zweifeln	VVFIN	VVPP
32	13	/	$(	$(
32	14	das	ART	KOUS
32	15	ihn	PPER	PPER
32	16	die	ART	ART
32	17	Gift	NN	NN
32	18	schon	ADV	ADV
32	19	begriffen	VVPP	VVPP
32	20	hat	VAFIN	VAFIN
32	21	.	$.	$.
33	1	darzu	PAV	VVINF
33	2	muss	VMFIN	VMFIN
33	3	man	PIS	PIS
33	4	bald	ADV	ADV
33	5	zur	APPRART	APPRART
33	6	Ader	VVIMP	NN
33	7	lassen	VVINF	VVINF
33	8	/	$(	$(
33	9	und	KON	KON
33	10	in	APPR	APPR
33	11	Demselbigen	PDAT	NE
33	12	nicht	PTKNEG	PTKNEG
33	13	irren	ADJA	VVINF
33	14	/	$(	$(
33	15	welches	PRELS	PRELS
33	16	nicht	PTKNEG	PTKNEG
33	17	ohne	APPR	APPR
33	18	merklichen	ADJA	VVINF
33	19	Schaden	VVINF	NN
33	20	abgehen	VVINF	VVINF
33	21	würde	VAFIN	VAFIN
33	22	.	$.	$.
34	1	derhalben	PAV	VVINF
34	2	sollen	VMFIN	VMFIN
34	3	die	ART	ART
34	4	Barbiere	NE	NN
34	5	aufmerken	VVINF	VVINF
34	6	und	KON	KON
34	7	nicht	PTKNEG	PTKNEG
34	8	törlich	ADJD	VVINF
34	9	eine	ART	ART
34	10	itzliche	NE	ADJA
34	11	Ader	VVINF	NN
34	12	schlagen	VVFIN	VVINF
34	13	.	$.	$.
35	1	es	PPER	PPER
35	2	ist	VAFIN	VAFIN
35	3	wohl	ADV	ADV
35	4	zu	PTKZU	PTKZU
35	5	merken	VVINF	VVINF
35	6	dass	ART	KOUS
35	7	die	ART	ART
35	8	Gift	NN	NN
35	9	sonderlich	ADJD	ADJD
35	10	drei	CARD	CARD
35	11	Gliedmaßen	NE	NN
35	12	begreife	VVFIN	ADV
35	13	/	$(	$(
35	14	als	KOKOM	APPR
35	15	das	ART	ART
35	16	Gehirn	NN	NN
35	17	/	$(	$(
35	18	das	ART	ART
35	19	Herz	NN	NN
35	20	/	$(	$(
35	21	und	KON	KON
35	22	die	ART	ART
35	23	Leber	VVFIN	NN
35	24	/	$(	$(
35	25	doch	ADV	KON
35	26	muss	VMFIN	VMFIN
35	27	allezeit	ADV	ADV
35	28	das	ART	ART
35	29	Herz	NN	NN
35	30	mit	APPR	APPR
35	31	Not	NN	NN
35	32	leiden	VVINF	ADV
35	33	/	$(	$(
35	34	dann	ADV	ADV
35	35	die	ART	ART
35	36	Gift	NN	NN
35	37	dringt	VVFIN	ADV
35	38	mächtig	ADJD	ADJD
35	39	nach	APPR	APPR
35	40	dem	ART	ART
35	41	Herzen	NN	NN
35	42	/	$(	$(
35	43	derhalben	PAV	ADV
35	44	schlagen	NE	ADV
35	45	die	ART	ART
35	46	Blattern	ADJA	NN
35	47	und	KON	KON
35	48	Beulen	VVINF	NN
35	49	gemeiniglich	ADV	ADV
35	50	aus	APPR	PTKVZ
35	51	/	$(	$(
35	52	so	ADV	ADV
35	53	es	PPER	PPER
35	54	im	APPRART	APPRART
35	55	Gehirn	NN	NN
35	56	ist	VAFIN	VAFIN
35	57	/	$(	$(
35	58	um	APPR	APPR
35	59	den	ART	ART
35	60	Kopf	NN	NN
35	61	und	KON	KON
35	62	Hals	NN	NN
35	63	/	$(	$(
35	64	so	ADV	ADV
35	65	die	ART	ART
35	66	Gift	NN	NN
35	67	im	APPRART	APPRART
35	68	Herzen	NN	NN
35	69	ist	VAFIN	VAFIN
35	70	/	$(	$(
35	71	so	ADV	ADV
35	72	erscheinen	VVINF	ADV
35	73	sie	PPER	PPER
35	74	an	APPR	APPR
35	75	dem	ART	ART
35	76	Arm	ADJD	NN
35	77	/	$(	$(
35	78	und	KON	KON
35	79	sonderlich	ADJD	ADJD
35	80	unter	APPR	APPR
35	81	dem	ART	ART
35	82	Achsel	NE	NN
35	83	/	$(	$(
35	84	so	ADV	ADV
35	85	die	ART	PDS
35	86	in	APPR	APPR
35	87	der	ART	ART
35	88	Leber	VVFIN	NN
35	89	ist	VAFIN	VAFIN
35	90	/	$(	$(
35	91	so	ADV	ADV
35	92	sieht	NN	VVFIN
35	93	man	PIS	PIS
35	94	die	ART	ART
35	95	Apostemata	NE	NN
35	96	bei	APPR	APPR
35	97	dem	ART	ART
35	98	Gemächt	VVPP	NN
35	99	/	$(	$(
35	100	und	KON	KON
35	101	Beinen	VVINF	NN
35	102	/	$(	$(
35	103	und	KON	KON
35	104	ja	ADV	ADV
35	105	die	ART	ART
35	106	Geschwüre	NE	NN
35	107	heftiger	ADJA	ADV
35	108	und	KON	KON
35	109	weiter	ADV	ADV
35	110	von	APPR	APPR
35	111	den	ART	ART
35	112	drei	CARD	CARD
35	113	vornehmlichen	ADJA	ADJA
35	114	Gliedmaßen	NE	NN
35	115	getrieben	VVPP	ADV
35	116	werden	VAINF	VAINF
35	117	/	$(	$(
35	118	ja	ADV	ADV
35	119	die	ART	ART
35	120	Kraft	NN	NN
35	121	derselbigen	PDAT	PDS
35	122	noch	ADV	ADV
35	123	stärker	ADJD	ADJD
35	124	ist	VAFIN	VAFIN
35	125	/	$(	$(
35	126	und	KON	KON
35	127	ist	VAFIN	VAFIN
35	128	ein	ART	ART
35	129	gutes	ADJD	ADJA
35	130	Zeichen	NN	NN
35	131	dass	ART	KOUS
35	132	die	ART	ART
35	133	Natur	NN	NN
35	134	noch	ADV	ADV
35	135	kräftig	ADJD	ADJD
35	136	ist	VAFIN	VAFIN
35	137	.	$.	$.
36	1	wiederum	ADV	ADV
36	2	ist	VAFIN	VAFIN
36	3	sie	PPER	PPER
36	4	schwach	ADJD	ADJD
36	5	/	$(	$(
36	6	so	ADV	ADV
36	7	sie	PPER	PPER
36	8	nicht	PTKNEG	PTKNEG
36	9	gewaltig	ADJD	ADJD
36	10	austreibt	VVFIN	VVFIN
36	11	/	$(	$(
36	12	sondern	KON	KON
36	13	allein	ADV	ADV
36	14	denselbigen	PDAT	PDS
36	15	/	$(	$(
36	16	oder	KON	KON
36	17	den	ART	ART
36	18	nächsten	ADJA	ADJA
36	19	Ort	NN	NN
36	20	beschwert	VVINF	VVFIN
36	21	.	$.	$.
37	1	so	ADV	ADV
37	2	muss	VMFIN	VMFIN
37	3	nun	ADV	ADV
37	4	ein	ART	ART
37	5	Barbier	NE	NN
37	6	alle	PIAT	PIAT
37	7	Zeit	NN	NN
37	8	auf	APPR	APPR
37	9	der	ART	ART
37	10	Seite	NN	NN
37	11	die	ART	ART
37	12	Adern	VVINF	NN
37	13	schlagen	VVFIN	VVINF
37	14	/	$(	$(
37	15	in	APPR	APPR
37	16	welcher	PWAT	PRELS
37	17	das	ART	ART
37	18	Geschwür	NN	NN
37	19	/	$(	$(
37	20	oder	KON	KON
37	21	die	ART	ART
37	22	Beschwernis	NN	NN
37	23	ist	VAFIN	VAFIN
37	24	.	$.	$.
38	1	so	ADV	ADV
38	2	dieselbigen	PDAT	ADV
38	3	sind	VAFIN	VAFIN
38	4	an	APPR	APPR
38	5	dem	ART	ART
38	6	Hals	NN	NN
38	7	oder	KON	KON
38	8	am	APPRART	APPRART
38	9	Haupt	NN	NN
38	10	/	$(	$(
38	11	soll	VMFIN	VMFIN
38	12	man	PIS	PIS
38	13	die	ART	ART
38	14	Hauptadern	NN	NN
38	15	lassen	VVINF	VVINF
38	16	schlagen	NE	ADV
38	17	auf	APPR	APPR
38	18	derselbigen	ADJA	ADJA
38	19	Seite	NN	NN
38	20	/	$(	$(
38	21	und	KON	KON
38	22	ziemlich	ADV	ADV
38	23	wohl	ADV	ADV
38	24	lassen	VVINF	VVFIN
38	25	laufen	VVFIN	VVINF
38	26	/	$(	$(
38	27	so	ADV	ADV
38	28	sie	PPER	PPER
38	29	an	APPR	APPR
38	30	dem	ART	ART
38	31	Arm	ADJD	NN
38	32	oder	KON	KON
38	33	hart	ADJD	ADJD
38	34	dabei	PAV	PAV
38	35	erscheinen	VVINF	VVFIN
38	36	/	$(	$(
38	37	soll	VMFIN	VMFIN
38	38	die	ART	ART
38	39	Basilica	NE	NN
38	40	geschlagen	VVPP	ADV
38	41	werden	VAINF	VAINF
38	42	/	$(	$(
38	43	auch	ADV	ADV
38	44	auf	APPR	APPR
38	45	derselbigen	ART	ADJA
38	46	Seite	NN	NN
38	47	/	$(	$(
38	48	und	KON	KON
38	49	so	ADV	ADV
38	50	man	PIS	PIS
38	51	die	ART	PDS
38	52	nicht	PTKNEG	PTKNEG
38	53	finden	VVINF	ADV
38	54	könnte	VVFIN	VMFIN
38	55	/	$(	$(
38	56	so	ADV	ADV
38	57	nehme	ART	ADV
38	58	man	PIS	PIS
38	59	daselbst	NE	ADV
38	60	die	ART	ART
38	61	Median	ADJD	NN
38	62	.	$.	$.
39	1	so	ADV	ADV
39	2	die	ART	ART
39	3	Apostemata	NE	VVPP
39	4	sein	VAINF	VAINF
39	5	bei	APPR	APPR
39	6	dem	ART	ART
39	7	Schoß	NN	NN
39	8	/	$(	$(
39	9	soll	VMFIN	VMFIN
39	10	die	ART	ART
39	11	Ader	VVIMP	NN
39	12	welche	PWAT	PRELS
39	13	man	PIS	PIS
39	14	nennt	VVFIN	VVFIN
39	15	die	ART	ART
39	16	Frauenader	NN	NN
39	17	/	$(	$(
39	18	geschlagen	VVPP	VVPP
39	19	werden	VAINF	VAINF
39	20	.	$.	$.
40	1	dasselbige	PDS	VVINF
40	2	wird	VAFIN	VAFIN
40	3	man	PIS	PIS
40	4	halten	VVINF	VVINF
40	5	/	$(	$(
40	6	so	ADV	ADV
40	7	allein	ADV	ADV
40	8	eine	ART	ART
40	9	Beschwernis	NN	NN
40	10	in	APPR	APPR
40	11	dem	ART	ART
40	12	vor	APPR	ADV
40	13	angezeigten	ADJA	VVINF
40	14	Gliedmaß	NE	NN
40	15	gefühlt	VVPP	VVPP
40	16	würde	VAFIN	VAFIN
40	17	.	$.	$.
41	1	so	ADV	ADV
41	2	etwas	PIS	PIS
41	3	an	APPR	APPR
41	4	der	ART	ART
41	5	Hüfte	NN	NN
41	6	aufgefahren	VVPP	VVPP
41	7	wäre	VAFIN	VAFIN
41	8	/	$(	$(
41	9	soll	VMFIN	VMFIN
41	10	man	PIS	PIS
41	11	schlagen	NE	VVPP
41	12	die	ART	ART
41	13	Sciatica	NE	NE
41	14	/	$(	$(
41	15	oder	KON	KON
41	16	welche	PWAT	PWS
41	17	leitet	VVFIN	VVPP
41	18	zwischen	APPR	APPR
41	19	den	ART	ART
41	20	kleinsten	ADJA	ADJA
41	21	Zehen	CARD	NN
41	22	/	$(	$(
41	23	und	KON	KON
41	24	ihren	PPOSAT	PPOSAT
41	25	nächsten	VVINF	ADJA
41	26	.	$.	$.
42	1	so	ADV	ADV
42	2	aber	ADV	ADV
42	3	der	ART	ART
42	4	Mensch	NN	NN
42	5	durch	APPR	APPR
42	6	Ursachen	NN	NN
42	7	nicht	PTKNEG	PTKNEG
42	8	könnte	VVFIN	VMFIN
42	9	die	ART	ART
42	10	Ader	VVIMP	NN
42	11	lassen	VVINF	VVINF
42	12	schlagen	VVFIN	VVINF
42	13	/	$(	$(
42	14	so	ADV	ADV
42	15	lass	VVFIN	VVFIN
42	16	er	PPER	PPER
42	17	auf	APPR	APPR
42	18	den	ART	ART
42	19	Orten	VVINF	NN
42	20	die	ART	ART
42	21	Köpfe	NN	NN
42	22	hinsetzen	PTKVZ	VVINF
42	23	/	$(	$(
42	24	und	KON	KON
42	25	lasse	VVFIN	VVFIN
42	26	sie	PPER	PPER
42	27	wohl	ADV	ADV
42	28	hauen	VVINF	VVINF
42	29	/	$(	$(
42	30	und	KON	KON
42	31	das	ART	ART
42	32	Blut	NN	NN
42	33	daraus	PAV	PAV
42	34	laufen	VVFIN	VVINF
42	35	.	$.	$.
43	1	zum	APPRART	APPRART
43	2	Anderen	ADJA	PIS
43	3	nach	APPR	APPR
43	4	dem	ART	ART
43	5	Aderschlagen	VVIMP	NN
43	6	/	$(	$(
43	7	soll	VMFIN	VMFIN
43	8	man	PIS	PIS
43	9	den	ART	ART
43	10	Kranken	NN	NN
43	11	zu	PTKZU	APPR
43	12	dem	ART	ART
43	13	Schweiß	NN	NN
43	14	bringen	VVINF	VVINF
43	15	/	$(	$(
43	16	und	KON	KON
43	17	die	ART	ART
43	18	Gift	NN	NN
43	19	austreiben	VVINF	VVINF
43	20	/	$(	$(
43	21	mit	APPR	APPR
43	22	etlichen	ADJA	PIAT
43	23	Arzneien	NN	NN
43	24	/	$(	$(
43	25	der	ART	PRELS
43	26	sonst	ADV	ADV
43	27	viel	ADV	ADV
43	28	gezählt	NN	VVINF
43	29	möchten	VMFIN	VMFIN
43	30	werden	VAINF	VAINF
43	31	.	$.	$.
44	1	aber	KON	KON
44	2	ich	PPER	PPER
44	3	halte	VVFIN	ADJD
44	4	das	ART	ART
44	5	Latwerge	NN	ADJD
44	6	von	APPR	APPR
44	7	dem	ART	ART
44	8	Ei	NE	NN
44	9	welches	PRELS	PRELS
44	10	in	APPR	APPR
44	11	diesem	PDAT	PDAT
44	12	Fall	NN	NN
44	13	der	ART	ART
44	14	Reiser	NN	NN
44	15	Maximilianus	NE	NE
44	16	fleißiglich	ADJD	ADJD
44	17	gebraucht	VVPP	VVPP
44	18	hat	VAFIN	VAFIN
44	19	/	$(	$(
44	20	dasselbige	PDS	ADJD
44	21	ist	VAFIN	VAFIN
44	22	leicht	ADJD	ADJD
44	23	zu	PTKZU	PTKZU
44	24	machen	VVINF	ADJD
44	25	/	$(	$(
44	26	und	KON	KON
44	27	hat	VAFIN	VAFIN
44	28	rechtschaffene	ADJA	ADJA
44	29	Arznei	NN	NN
44	30	/	$(	$(
44	31	welche	PWAT	PRELS
44	32	in	APPR	APPR
44	33	dieser	PDAT	PDAT
44	34	Sache	NN	NN
44	35	viel	ADV	PIS
44	36	tun	VVINF	VVFIN
44	37	/	$(	$(
44	38	ohne	APPR	APPR
44	39	was	PWS	PWS
44	40	die	ART	ART
44	41	Erfahrung	NN	NN
44	42	in	APPR	APPR
44	43	dem	ART	PDS
44	44	getan	VVPP	VVPP
44	45	hat	VAFIN	VAFIN
44	46	.	$.	$.
45	1	davon	ADV	PAV
45	2	soll	VMFIN	VMFIN
45	3	man	PIS	PIS
45	4	geben	VVINF	ADJA
45	5	die	ART	PDS
45	6	eines	ART	ART
45	7	ziemlichen	ADJA	ADJA
45	8	Alters	ADV	NN
45	9	sein	VAINF	VAFIN
45	10	bei	APPR	APPR
45	11	einem	ART	ART
45	12	Quint	NE	NN
45	13	mit	APPR	APPR
45	14	Endivien-	NN	TRUNC
45	15	oder	KON	KON
45	16	Skabiosenwasser	NE	NN
45	17	trinken	VVFIN	ADJA
45	18	/	$(	$(
45	19	derselbige	ART	ADJA
45	20	Trank	VVFIN	NN
45	21	ist	VAFIN	VAFIN
45	22	auch	ADV	ADV
45	23	gut	ADJD	ADJD
45	24	/	$(	$(
45	25	so	ADV	ADV
45	26	man	PIS	PIS
45	27	sich	PRF	PRF
45	28	bewahren	VVINF	ADJA
45	29	wollte	VMFIN	VMFIN
45	30	vor	APPR	APPR
45	31	der	ART	ART
45	32	Pestilenz	NN	NN
45	33	/	$(	$(
45	34	wie	KOKOM	PWAV
45	35	zuvor	ADV	ADV
45	36	angezeigt	VVPP	VVPP
45	37	ist	VAFIN	VAFIN
45	38	worden	VAPP	VAPP
45	39	.	$.	$.
46	1	die	ART	PDS
46	2	aber	ADV	ADV
46	3	noch	ADV	ADV
46	4	sehr	NE	ADV
46	5	jung	ADJD	ADJD
46	6	sein	VAINF	VAINF
46	7	/	$(	$(
46	8	sollen	VMFIN	VMFIN
46	9	allein	ADV	ADV
46	10	zwei	CARD	CARD
46	11	Skrupel	NN	NN
46	12	nehmen	VVINF	VVINF
46	13	/	$(	$(
46	14	mit	APPR	APPR
46	15	den	ART	ART
46	16	vorigen	ADJA	ADJA
46	17	Wassern	VVINF	NN
46	18	.	$.	$.
47	1	item	FM	XY
47	2	das	FM	PDS
47	3	ist	FM	VAFIN
47	4	auch	FM	ADV
47	5	dienstlich	FM	ADJD
47	6	darzu	FM	PAV
47	7	/	$(	$(
47	8	welches	FM	PWS
47	9	muss	FM	VMFIN
47	10	in	FM	APPR
47	11	der	FM	ART
47	12	Apotheke	FM	NN
47	13	fertig	FM	ADJD
47	14	gemacht	FM	ADJD
47	15	werden	VVINF	VAINF
47	16	.	$.	$.
47	17	R.	FM	NE
47	18	diacroci	FM	NE
47	19	scriptula	FM	FM
47	20	duo	FM	FM
47	21	,	$,	$,
47	22	theriacæ	FM	FM
47	23	optimæ	FM	FM
47	24	scriptulum	FM	FM
47	25	1.	FM	NE
47	26	in	FM	NE
47	27	aqua	FM	FM
47	28	acetose	FM	FM
47	29	dissojuantur	FM	FM
47	30	,	$,	$,
47	31	&	$(	XY
47	32	fiat	FM	FM
47	33	potio	FM	FM
47	34	.	$.	$.
48	1	darzu	PAV	PAV
48	2	ist	VAFIN	VAFIN
48	3	auch	ADV	ADV
48	4	gut	ADJD	ADJD
48	5	die	ART	ART
48	6	Latwerge	NN	NN
48	7	/	$(	$(
48	8	welche	PWAT	PRELS
48	9	genannt	VVPP	VVPP
48	10	wird	VAFIN	VAFIN
48	11	in	APPR	APPR
48	12	den	ART	ART
48	13	Apotheken	NN	NN
48	14	de	NE	FM
48	15	nucibus	NE	FM
48	16	,	$,	$,
48	17	und	KON	KON
48	18	dieselbige[12]	ART	PDS
48	19	mag	VMFIN	VMFIN
48	20	man	PIS	PIS
48	21	im	APPRART	APPRART
48	22	Pulver	VVIMP	NN
48	23	gebrauchen	VVINF	PAV
48	24	mit	APPR	APPR
48	25	einem	ART	ART
48	26	starken	ADJA	ADJA
48	27	Wein	NN	NN
48	28	/	$(	$(
48	29	doch	ADV	ADV
48	30	laulich	ADJD	ADJD
48	31	warm	ADJD	ADJD
48	32	.	$.	$.
49	1	es	FM	PPER
49	2	ist	FM	VAFIN
49	3	auch	FM	ADV
49	4	ein	FM	ART
49	5	Pulver	FM	NN
49	6	in	FM	APPR
49	7	dieser	FM	PDAT
49	8	Sache	FM	NN
49	9	sehr	FM	ADV
49	10	dienstlich	FM	ADJD
49	11	/	$(	$(
49	12	welches	FM	PRELS
49	13	ein	FM	ART
49	14	jeder	FM	PIS
49	15	ihm	FM	PPER
49	16	mag	FM	VMFIN
49	17	lassen	FM	VVINF
49	18	bereiten	FM	ADJD
49	19	in	FM	APPR
49	20	der	FM	ART
49	21	Apoteke	NN	NN
49	22	.	$.	$.
49	23	R.	FM	NE
49	24	radicum	FM	NE
49	25	dictamni	FM	NE
49	26	ueri	FM	NE
49	27	tormentillæ	FM	NE
49	28	ana	FM	NE
49	29	℥.	FM	XY
49	30	1.	FM	XY
49	31	santalorum	FM	NE
49	32	rubeorum	FM	NE
49	33	boli	FM	NE
49	34	armeniæ	FM	NE
49	35	præparatæ	FM	NE
49	36	terra	FM	NE
49	37	Leminæ	FM	NE
49	38	,	$,	$,
49	39	quæ	FM	NE
49	40	hodie	FM	NE
49	41	sigillata	FM	NE
49	42	est	FM	NE
49	43	,	$,	$,
49	44	itidem	FM	NE
49	45	præparatæ	FM	NE
49	46	ana	FM	NE
49	47	drach	FM	NE
49	48	.	$.	$.
50	1	2.	FM	XY
50	2	lumbricorum	FM	FM
50	3	lotorum	FM	FM
50	4	optimorum	FM	FM
50	5	,	$,	$,
50	6	exiccatorum	FM	FM
50	7	,	$,	$,
50	8	&	$(	XY
50	9	puluerisatorum.	FM	FM
50	10	z.	FM	XY
50	11	2.	FM	NE
50	12	nucis	FM	FM
50	13	uomicæ	FM	FM
50	14	℥.	FM	XY
50	15	1.	FM	XY
50	16	s.	FM	XY
50	17	theriacæ	FM	FM
50	18	antiquissimæ	FM	NE
50	19	℥.	FM	XY
50	20	s.	FM	XY
50	21	seminis	FM	FM
50	22	acetosæ	FM	FM
50	23	z.	FM	XY
50	24	iij	FM	XY
50	25	.	$.	$.
51	1	Hæc	FM	FM
51	2	omnia	FM	FM
51	3	in	FM	FM
51	4	tenuissimum	FM	FM
51	5	puluisculum	FM	FM
51	6	conterantur	FM	FM
51	7	certis	FM	FM
51	8	rationibus	FM	FM
51	9	,	$,	$,
51	10	quas	FM	FM
51	11	pharmacopolæ	FM	FM
51	12	periti	FM	FM
51	13	non	FM	FM
51	14	ignorant	FM	FM
51	15	.	$.	$.
52	1	das	ART	ART
52	2	Pulver	VVIMP	NN
52	3	mag	VMFIN	VMFIN
52	4	man	PIS	PIS
52	5	gebrauchen	VVINF	ADJD
52	6	sich	PRF	PRF
52	7	zu	PTKZU	PTKZU
52	8	bewahren	VVINF	ADJD
52	9	vor	APPR	APPR
52	10	der	ART	ART
52	11	Pestilenz	NN	NN
52	12	/	$(	$(
52	13	und	KON	KON
52	14	auch	ADV	ADV
52	15	wann	PWAV	PWAV
52	16	es	PPER	PPER
52	17	die	ART	ART
52	18	Not	NN	NN
52	19	erfordert	VVFIN	VVFIN
52	20	/	$(	$(
52	21	als	KOKOM	APPR
52	22	wann	PWAV	PWAV
52	23	einer	ART	PIS
52	24	mit	APPR	APPR
52	25	der	ART	ART
52	26	Gift	NN	NN
52	27	begriffen	VVPP	ADJD
52	28	ist	VAFIN	VAFIN
52	29	/	$(	$(
52	30	so	ADV	ADV
52	31	soll	VMFIN	VMFIN
52	32	er	PPER	PPER
52	33	davon	PAV	PAV
52	34	nehmen	VVINF	ADJD
52	35	als	KOKOM	KOKOM
52	36	möchte	VMFIN	VMFIN
52	37	ein	ART	ART
52	38	Quint	NE	NN
52	39	schwer	ADJD	ADJD
52	40	sein	VAINF	VAINF
52	41	/	$(	$(
52	42	der	ART	PRELS
52	43	über	APPR	ADV
52	44	dreißig	CARD	CARD
52	45	Jahre	NE	NN
52	46	alt	ADJD	ADJD
52	47	ist	VAFIN	VAFIN
52	48	/	$(	$(
52	49	oder	KON	KON
52	50	ja	ADV	ADV
52	51	nicht	PTKNEG	PTKNEG
52	52	weit	ADJD	ADJD
52	53	davon	PAV	PAV
52	54	/	$(	$(
52	55	man	PIS	PIS
52	56	soll	VMFIN	VMFIN
52	57	es	PPER	PPER
52	58	aber	ADV	ADV
52	59	gebrauchen	VVINF	ADJD
52	60	mit	APPR	APPR
52	61	Melissenwasser	NN	NN
52	63	/	$(	$(
52	64	oder	KON	KON
52	65	mit	APPR	APPR
52	66	einem	ART	ART
52	67	guten	ADJA	ADJA
52	68	Weinessig	NN	NN
52	69	laulich	ADJD	ADJD
52	70	warm	ADJD	ADJD
52	71	oder	KON	KON
52	72	so	ADV	ADV
52	73	er	PPER	PPER
52	74	Lust	NN	NN
52	75	hat	VAFIN	VAFIN
52	76	/	$(	$(
52	77	und	KON	KON
52	78	wollte	VMFIN	VMFIN
52	79	es	PPER	PPER
52	80	stärker	ADJD	ADJD
52	81	haben	VAFIN	VAINF
52	82	/	$(	$(
52	83	so	ADV	ADV
52	84	lass	VVFIN	VVFIN
52	85	er	PPER	PPER
52	86	dasselbige	PDAT	ADJA
52	87	Pulver	VVIMP	NN
52	88	mit	APPR	APPR
52	89	einem	ART	ART
52	90	guten	ADJA	ADJA
52	91	Theriak	NN	NN
52	92	/	$(	$(
52	93	oder	KON	KON
52	94	Metridat	NE	NN
52	95	/	$(	$(
52	96	welche	PWAT	PRELS
52	97	man	PIS	PIS
52	98	beides	PIS	PIS
52	99	gewöhnlich	ADJD	ADJD
52	100	in	APPR	APPR
52	101	der	ART	ART
52	102	Apoteken	NN	NN
52	103	findet	VVFIN	VVFIN
52	104	/	$(	$(
52	105	vermischen	VVINF	ADJD
52	106	/	$(	$(
52	107	und	KON	KON
52	108	also	ADV	ADV
52	109	gebrauchen	VVINF	ADJD
52	110	/	$(	$(
52	111	ungefährlich	NE	ADJD
52	112	bei	APPR	APPR
52	113	einer	ART	ART
52	114	kleinen	ADJA	ADJA
52	115	Kastanie	NN	NN
52	116	groß	ADJD	ADJD
52	117	.	$.	$.
53	1	ich	PPER	PPER
53	2	hab	VAFIN	VAFIN
53	3	auch	ADV	ADV
53	4	lassen	VVINF	VVINF
53	5	machen	VVINF	VVINF
53	6	in	APPR	APPR
53	7	unserer	PPOSAT	PPOSAT
53	8	Apotheke	NN	NN
53	9	eine	ART	ART
53	10	sonderliche	ADJA	ADJA
53	11	harte	ADJA	ADJA
53	12	Latwerge	NN	NN
53	13	/	$(	$(
53	14	davon	ADV	PAV
53	15	soll	VMFIN	VMFIN
53	16	man	PIS	PIS
53	17	nehmen	VVINF	VVINF
53	18	bei	APPR	APPR
53	19	einem	ART	ART
53	20	Quint	NE	NN
53	21	/	$(	$(
53	22	und	KON	KON
53	23	dieselbige	PDAT	PIS
53	24	zergehen	NE	VVINF
53	25	lassen	VVINF	VVINF
53	26	in	APPR	APPR
53	27	einem	ART	ART
53	28	Essig	NN	NN
53	29	laulich	ADJD	ADJD
53	30	warm	ADJD	ADJD
53	31	/	$(	$(
53	32	und	KON	KON
53	33	also	ADV	ADV
53	34	austrinken	VVINF	VVINF
53	35	.	$.	$.
54	1	ich	PPER	PPER
54	2	weiß	VVFIN	VVFIN
54	3	auch	ADV	ADV
54	4	wohl	ADV	ADV
54	5	dass	ART	KOUS
54	6	Galenus	NN	NE
54	7	zu	PTKZU	APPR
54	8	Rom	NE	NE
54	9	viele	ADV	PIAT
54	10	Leute	NN	NN
54	11	geredet	VVPP	VVPP
54	12	hat	VAFIN	VAFIN
54	13	von	APPR	APPR
54	14	der	ART	ART
54	15	Pestilenz	NN	NN
54	16	/	$(	$(
54	17	und	KON	KON
54	18	wenn	KOUS	KOUS
54	19	sie	PPER	PPER
54	20	schon	ADV	ADV
54	21	begriffen	VVPP	VVPP
54	22	sind	VAFIN	VAFIN
54	23	gewesen	VAPP	VAPP
54	24	/	$(	$(
54	25	allein	ADV	ADV
54	26	mit	APPR	APPR
54	27	dem	ART	ART
54	28	bolo	NE	FM
54	29	Armenia	NE	NE
54	30	.	$.	$.
55	1	ich	PPER	PPER
55	2	bekenne	VVFIN	VVFIN
55	3	auch	ADV	ADV
55	4	dass	ART	KOUS
55	5	derselbige	ART	VVFIN
55	6	ganz	ADV	ADV
55	7	nützlich	ADJD	ADJD
55	8	wäre	VAFIN	VAFIN
55	9	/	$(	$(
55	10	so	ADV	ADV
55	11	man	PIS	PIS
55	12	rechtschaffene	ADJD	NN
55	13	haben	VAFIN	VAINF
55	14	möchte	VMFIN	VMFIN
55	15	.	$.	$.
56	1	ich	PPER	PPER
56	2	verwundere	ADJA	VVFIN
56	3	mich	PPER	PRF
56	4	dass	ART	KOUS
56	5	man	PIS	PIS
56	6	so	ADV	ADV
56	7	gar	ADV	ADV
56	8	keinen	PIAT	PIAT
56	9	Fleiß	NN	NN
56	10	darauf	PAV	PAV
56	11	wendet	VVFIN	VVFIN
56	12	/	$(	$(
56	13	welches	PRELS	PWS
56	14	viel	ADV	ADV
56	15	besser	ADJD	ADJD
56	16	wäre	VAFIN	VAFIN
56	17	/	$(	$(
56	18	dann	ADV	ADV
56	19	viel	ADV	PIAT
56	20	Gutes	NN	NN
56	21	/	$(	$(
56	22	ich	PPER	PPER
56	23	geschweige	KON	ADV
56	24	etwas	PIS	PIAT
56	25	anderes	ADV	PIS
56	26	.	$.	$.
57	1	dieweil	FM	VVPP
57	2	in	FM	APPR
57	3	Demselbigen	FM	VVPP
57	4	viel	FM	PIAT
57	5	Betrugs	FM	NN
57	6	ist	FM	VAFIN
57	7	/	$(	$(
57	8	so	FM	ADV
57	9	will	FM	VMFIN
57	10	ich	FM	PPER
57	11	ein	FM	ART
57	12	Pulver	FM	NN
57	13	anzeigen	FM	VVPP
57	14	/	$(	$(
57	15	welches	FM	PWS
57	16	möchte	FM	VMFIN
57	17	für	FM	APPR
57	18	dasselbige	FM	PDS
57	19	gebraucht	FM	VVPP
57	20	werden	FM	VAINF
57	21	zur	FM	APPRART
57	22	Not	NN	NN
57	23	.	$.	$.
57	24	R.	FM	NE
57	25	radicum	FM	NE
57	26	dictamni	FM	NE
57	27	,	$,	$,
57	28	tormentillæ	FM	NE
57	29	,	$,	$,
57	30	pimpinellæ	FM	NE
57	31	,	$,	$,
57	32	zecaoriæ	FM	NE
57	33	,	$,	$,
57	34	gentianæ	FM	NE
57	35	,	$,	$,
57	36	tunicæ	FM	NE
57	37	,	$,	$,
57	38	serpentariæ	FM	NE
57	39	,	$,	$,
57	40	angelicæ	FM	NE
57	41	ana	FM	NE
57	42	℥	FM	$(
57	43	.	$.	XY
57	44	s	FM	XY
57	45	.	$.	XY
57	46	boli	FM	XY
57	47	Armeniæ	FM	NE
57	48	uulgaris	FM	NE
57	49	præparatæ	FM	NE
57	50	℥.	FM	XY
57	51	1.	FM	NE
57	52	terræ	FM	NE
57	53	Leminæ	FM	NE
57	54	z	FM	XY
57	55	3.	FM	CARD
57	56	aloes	FM	NE
57	57	hepaticæ	FM	NE
57	58	,	$,	$,
57	59	mirhæ	FM	NE
57	60	ana.	FM	NE
57	61	℥.	FM	XY
57	62	s.	FM	NE
57	63	croci	FM	NE
57	64	z.	FM	APPRART
57	65	1.	FM	ADJA
57	66	mastiches	FM	NE
57	67	z.	FM	APPRART
57	68	2.	FM	ADJA
57	69	Rhapontici	FM	NE
57	70	&	$(	KON
57	71	rhabarbaræ	FM	NE
57	72	ana	FM	XY
57	73	z.	FM	APPRART
57	74	1.	FM	ADJA
57	75	s.	FM	XY
57	76	hæc	FM	XY
57	77	omnia	FM	NE
57	78	qua̍m	FM	$(
57	79	subtilissime̍	FM	$(
57	80	trita	FM	NE
57	81	commisceantur	FM	NE
57	82	.	$.	$.
58	1	davon	PAV	PAV
58	2	wann	PWAV	PWAV
58	3	einer	ART	PIS
58	4	sich	PRF	PRF
58	5	bewahren	VVINF	VVINF
58	6	will	VMFIN	VMFIN
58	7	/	$(	$(
58	8	soll	VMFIN	VMFIN
58	9	er	PPER	PPER
58	10	nehmen	VVINF	VVINF
58	11	bei	APPR	APPR
58	12	einem	ART	ART
58	13	Quentin	NN	NN
58	14	/	$(	$(
58	15	um	APPR	APPR
58	16	den	ART	ART
58	17	dritten	ADJA	ADJA
58	18	Tag	NN	NN
58	19	des	ART	ART
58	20	Morgens	ADV	NN
58	21	/	$(	$(
58	22	mit	APPR	APPR
58	23	einem	ART	ART
58	24	warmen	ADJA	ADJA
58	25	Wein	NN	NN
58	26	.	$.	$.
59	1	dasselbige	PDAT	PDS
59	2	mag	VMFIN	VMFIN
59	3	er	PPER	PPER
59	4	auch	ADV	ADV
59	5	tun	VVINF	VVPP
59	6	/	$(	$(
59	7	so	ADV	ADV
59	8	er	PPER	PPER
59	9	mit	APPR	APPR
59	10	der	ART	ART
59	11	Gift	NN	NN
59	12	begriffen	VVPP	VVPP
59	13	ist	VAFIN	VAFIN
59	14	.	$.	$.
60	1	doch	KON	KON
60	2	wird	VAFIN	VAFIN
60	3	ein	ART	ART
60	4	jedermann	PIS	VVINF
60	5	eines	ART	ART
60	6	guten	ADJA	ADJA
60	7	Arztes	NN	NN
60	8	in	APPR	APPR
60	9	dieser	PDAT	PDAT
60	10	Sache	NN	NN
60	11	wohl	ADV	ADV
60	12	bedürfen	VVFIN	VVINF
60	13	.	$.	$.
61	1	wann	PWAV	PWAV
61	2	einer	ART	PIS
61	3	auf	APPR	APPR
61	4	dies	PDS	PDAT
61	5	Mal	NN	NN
61	6	eine	ART	ART
61	7	Arznei	NE	NN
61	8	gebraucht	VVPP	VVINF
61	9	hat	VAFIN	VAFIN
61	10	/	$(	$(
61	11	wie	KOKOM	PWAV
61	12	zuvor	ADV	ADV
61	13	angezeigt	VVPP	VVPP
61	14	/	$(	$(
61	15	soll	VMFIN	VMFIN
61	16	er	PPER	PPER
61	17	keinerlei	PIAT	PIAT
61	18	Weise	VVFIN	NN
61	19	schlafen	VVINF	VVINF
61	20	/	$(	$(
61	21	sondern	APPR	KON
61	22	allen	PIAT	PIAT
61	23	Fleiß	NN	NN
61	24	darzu	PTKVZ	VVINF
61	25	tun	VVINF	VVINF
61	26	dass	ART	KOUS
61	27	er	PPER	PPER
61	28	wohl	ADV	ADV
61	29	möchte	VMFIN	VMFIN
61	30	schwitzen	VVINF	VVINF
61	31	.	$.	$.
62	1	dann	ADV	ADV
62	2	das	ART	PDS
62	3	ist	VAFIN	VAFIN
62	4	nicht	PTKNEG	PTKNEG
62	5	ein	ART	ART
62	6	kleiner	ADJA	ADJA
62	7	Vorteil	NN	NN
62	8	/	$(	$(
62	9	und	KON	KON
62	10	das	ART	PDS
62	11	soll	VMFIN	VMFIN
62	12	er	PPER	PPER
62	13	auch	ADV	ADV
62	14	tun	VVINF	VVPP
62	15	/	$(	$(
62	16	so	ADV	ADV
62	17	er	PPER	PPER
62	18	sich	PRF	PRF
62	19	vermutet	VVFIN	VVFIN
62	20	/	$(	$(
62	21	dass	ART	KOUS
62	22	er	PPER	PPER
62	23	möchte	VMFIN	VMFIN
62	24	vergiftet	NN	VVPP
62	25	sein	VAINF	VAINF
62	26	.	$.	$.
63	1	dieweil	KOUS	VVPP
63	2	solche	PIAT	PIAT
63	3	Arznei	NN	NN
63	4	auch	ADV	ADV
63	5	in	APPR	APPR
63	6	etlichen	ADJA	PIAT
63	7	Fiebern	NN	NN
63	8	dienen	VVINF	VVPP
63	9	möchten	VMFIN	VMFIN
63	10	/	$(	$(
63	11	so	ADV	ADV
63	12	sie	PPER	PPER
63	13	ordentlich	ADJD	ADJD
63	14	gegeben	VVPP	VVPP
63	15	werden	VAINF	VAFIN
63	16	.	$.	$.
64	1	so	ADV	ADV
64	2	aber	ADV	ADV
64	3	einer	ART	PIS
64	4	nicht	PTKNEG	PTKNEG
64	5	bald	ADV	ADV
64	6	schwitzen	VVINF	VVFIN
64	7	könnte	VMFIN	VMFIN
64	8	/	$(	$(
64	9	so	ADV	ADV
64	10	lege	VVFIN	VVFIN
64	11	man	PIS	PIS
64	12	den	ART	ART
64	13	Kranken	NN	NN
64	14	in	APPR	APPR
64	15	ein	ART	ART
64	16	neu	ADJA	ADJD
64	17	gewaschenes	ADJA	VVFIN
64	18	Bett	NN	NN
64	19	/	$(	$(
64	20	und	KON	KON
64	21	decke	VVFIN	VVFIN
64	22	ihn	APPR	PPER
64	23	wohl	ADV	ADV
64	24	warm	ADJD	ADJD
64	25	zu	PTKZU	PTKVZ
64	26	/	$(	$(
64	27	und	KON	KON
64	28	lege	VVFIN	VVFIN
64	29	ihm	PPER	PPER
64	30	zu	PTKZU	APPR
64	31	den	ART	ART
64	32	Füßen	NN	NN
64	33	warme	ADJA	ADJA
64	34	Ziegel	VVIMP	NN
64	35	/	$(	$(
64	36	als	KOKOM	APPR
64	37	warm	ADJD	ADJD
64	38	er	PPER	PPER
64	39	sie	PPER	PPER
64	40	leiden	VVINF	VVFIN
64	41	kann	VMFIN	VMFIN
64	42	in	APPR	APPR
64	43	nasse	ADJA	ADJA
64	44	Tüchlein	NN	NN
64	45	gewickelt	VVPP	VVPP
64	46	/	$(	$(
64	47	darauf	PAV	PAV
64	48	soll	VMFIN	VMFIN
64	49	der	ART	ART
64	50	Kranke	ADJD	NN
64	51	die	ART	ART
64	52	Füße	NE	NN
64	53	halten	VVINF	VVFIN
64	54	/	$(	$(
64	55	welches	PRELS	PWS
64	56	nicht	PTKNEG	PTKNEG
64	57	allein	ADV	ADV
64	58	zum	APPRART	APPRART
64	59	Schweiß	NN	NN
64	60	hilft	VVFIN	VVFIN
64	61	/	$(	$(
64	62	sondern	KON	KON
64	63	auch	ADV	ADV
64	64	die	ART	ART
64	65	Gift	NN	NN
64	66	vom	APPRART	APPRART
64	67	Herzen	NN	NN
64	68	abzieht	NN	VVFIN
64	69	.	$.	$.
65	1	Es	PPER	PPER
65	2	kommt	VVFIN	VVFIN
65	3	aber	ADV	ADV
65	4	oftmals	ADV	ADV
65	5	/	$(	$(
65	6	dass	ART	KOUS
65	7	der	ART	ART
65	8	Kranke	NN	VVFIN
65	9	die	ART	ART
65	10	Arznei	NE	NN
65	11	von	APPR	APPR
65	12	sich	PRF	PRF
65	13	gibt	VVFIN	VVFIN
65	14	/	$(	$(
65	15	und	KON	KON
65	16	undäut	NE	VVFIN
65	17	sich	PRF	PRF
65	18	/	$(	$(
65	19	so	ADV	ADV
65	20	soll	VMFIN	VMFIN
65	21	man	PIS	PIS
65	22	ihm	PPER	PPER
65	23	zum	APPRART	APPRART
65	24	Anderen	ADJA	PIS
65	25	/	$(	$(
65	26	auch	ADV	ADV
65	27	so	ADV	ADV
65	28	es	PPER	PPER
65	29	von	APPR	APPR
65	30	Nöten	VVINF	VVFIN
65	31	sein	VAINF	VAINF
65	32	wird	VAFIN	VAFIN
65	33	zum	APPRART	APPRART
65	34	dritten	CARD	ADJA
65	35	Mal	NN	NN
65	36	neue	ADJA	ADJA
65	37	Arznei	NE	NN
65	38	geben	VVINF	VVFIN
65	39	von	APPR	APPR
65	40	den	ART	ART
65	41	Vorigen	ADJA	NN
65	42	/	$(	$(
65	43	so	ADV	ADV
65	44	lang	ADJD	ADJD
65	45	er	PPER	PPER
65	46	es	PPER	PPER
65	47	bei	APPR	APPR
65	48	ihm	APPRART	PPER
65	49	behalten	VVINF	VVFIN
65	50	könnte	VVFIN	VMFIN
65	51	/	$(	$(
65	52	dann	ADV	ADV
65	53	wo	PWAV	PWAV
65	54	die	ART	ART
65	55	Arznei	NE	NN
65	56	bei	APPR	APPR
65	57	ihm	PPER	PPER
65	58	bleibt	VVFIN	VVFIN
65	59	/	$(	$(
65	60	ist	VVFIN	VAFIN
65	61	es	PPER	PPER
65	62	eine	ART	ART
65	63	gute	ADJA	ADJA
65	64	Hoffnung	NN	NN
65	65	/	$(	$(
65	66	das	ART	ART
65	67	Gegenteil	NN	NN
65	68	aber	ADV	ADV
65	69	soll	VMFIN	VMFIN
65	70	man	PIS	PIS
65	71	halten	VVINF	VVFIN
65	72	wo	PWAV	PWAV
65	73	nichts	PIS	PIS
65	74	bei	APPR	APPR
65	75	ihm	PPER	PPER
65	76	bleibt	VVFIN	VVFIN
65	77	.	$.	$.
66	1	dann	ADV	ADV
66	2	die	ART	ART
66	3	Gift	NN	NN
66	4	ist	VAFIN	VAFIN
66	5	zu	PTKZU	PTKA
66	6	gewaltig	ADJD	ADJD
66	7	/	$(	$(
66	8	und	KON	KON
66	9	die	ART	ART
66	10	Arzenei	NE	NN
66	11	zu	PTKZU	PTKA
66	12	schwach	VVIMP	ADJD
66	13	.	$.	$.
67	1	so	ADV	ADV
67	2	er	PPER	PPER
67	3	aber	ADV	ADV
67	4	wohl	ADV	ADV
67	5	schwitzt	VVFIN	VVPP
67	6	/	$(	$(
67	7	schaue	NN	VVPP
67	8	man	PIS	PIS
67	9	darauf	PAV	PAV
67	10	/	$(	$(
67	11	dass	ART	KOUS
67	12	er	PPER	PPER
67	13	nicht	PTKNEG	PTKNEG
67	14	kalt	ADJD	ADJD
67	15	werde	VAFIN	VAFIN
67	16	/	$(	$(
67	17	dann	ADV	ADV
67	18	der	ART	ART
67	19	Schweiß	NN	NN
67	20	so	ADV	ADV
67	21	über	APPR	ADV
67	22	vier	CARD	CARD
67	23	Stunden	NN	NN
67	24	währt	VAFIN	VVPP
67	25	/	$(	$(
67	26	und	KON	KON
67	27	etwas	PIS	ADV
67	28	länger	ADJD	ADJD
67	29	/	$(	$(
67	30	nach	APPR	APPR
67	31	der	ART	ART
67	32	Gelegenheit	NN	NN
67	33	/	$(	$(
67	34	und	KON	KON
67	35	Kraft	NN	NN
67	36	des	ART	ART
67	37	Kranken	NN	NN
67	38	/	$(	$(
67	39	dann	ADV	ADV
67	40	man	PIS	PIS
67	41	muss	VMFIN	VMFIN
67	42	ihm	PPER	PPER
67	43	helfen	VVINF	VVPP
67	44	mit	APPR	APPR
67	45	Herzwassern	NN	NN
67	46	,	$,	$,
67	47	/	$(	$(
67	48	als	KOKOM	APPR
67	49	Boragen-	ADJA	TRUNC
67	50	/	$(	$(
67	51	und	KON	KON
67	52	Ochsenzungenwasser	NN	NN
67	53	/	$(	$(
67	54	mit	APPR	APPR
67	55	einem	ART	ART
67	56	roten	ADJA	ADJA
67	57	Scharlach	NN	NN
67	58	/	$(	$(
67	59	oder	KON	KON
67	60	mit	APPR	APPR
67	61	einem	ART	ART
67	62	Leinentüchlein	NN	NN
67	63	auflegen	VVINF	VVPP
67	64	/	$(	$(
67	65	und	KON	KON
67	66	wann	PWAV	PWAV
67	67	es	PPER	PPER
67	68	trucken	VVINF	VVPP
67	69	ist	VAFIN	VAFIN
67	70	worden	VAPP	VAPP
67	71	/	$(	$(
67	72	soll	VMFIN	VMFIN
67	73	man	PIS	PIS
67	74	es	PPER	PPER
67	75	wiederum	ADV	ADV
67	76	netzen	VVINF	VVPP
67	77	.	$.	$.
68	1	inwendig	ADJD	ADJD
68	2	sind	VAFIN	VAFIN
68	3	auch	ADV	ADV
68	4	gut	ADJD	ADJD
68	5	zu	PTKZU	PTKZU
68	6	Stärkung	NN	NN
68	7	manus	NE	FM
68	8	Christi	NE	NE
68	9	perlatae	NE	ADJD
68	10	,	$,	$,
68	11	eingemachte	ADJA	ADJA
68	12	Violen	NN	NN
68	13	/	$(	$(
68	14	Rosen	NN	NN
68	15	/	$(	$(
68	16	Boragenblumen	NN	NN
68	17	/	$(	$(
68	18	und	KON	KON
68	19	dergleichen	PIS	PIS
68	20	/	$(	$(
68	21	damit	PAV	KOUS
68	22	man	PIS	PIS
68	23	dem	ART	ART
68	24	Kranken	NN	NN
68	25	in	APPR	APPR
68	26	seinem	PPOSAT	PPOSAT
68	27	Schweißbad	NN	NN
68	28	hilflich	ADJD	ADJD
68	29	mag	VMFIN	VMFIN
68	30	sein	VAINF	VAINF
68	31	.	$.	$.
69	1	darzu	PAV	PAV
69	2	dienen	VVINF	PAV
69	3	auch	ADV	ADV
69	4	in	APPR	APPR
69	5	der	ART	ART
69	6	Speise	VVIMP	NN
69	7	weiche	ADJA	PAV
69	8	Eier	VVIMP	NN
69	9	/	$(	$(
69	10	Hühnersuppen	NE	NN
69	11	/	$(	$(
69	12	ein	ART	ART
69	13	gestoßenes	VVPP	ADJA
69	14	junges	ADJD	ADJA
69	15	Huhn	NE	NN
69	16	/	$(	$(
69	17	et cetera	ADV	FM
70	1	auch	FM	ADV
70	2	mag	FM	VMFIN
70	3	man	FM	PIS
70	4	solches	FM	PIS
70	5	in	FM	APPR
70	6	der	FM	ART
70	7	Apotheke	FM	NN
70	8	machen	FM	VVINF
70	9	lassen	VVINF	VVINF
70	10	.	$.	$.
70	11	R.	FM	NE
70	12	florum	FM	NE
70	13	rosarum	FM	FM
70	14	purpurearum	FM	NE
70	15	,	$,	$,
70	16	uiolarum	FM	FM
70	17	,	$,	$,
70	18	nenufaris	FM	NE
70	19	ana	FM	NE
70	20	z	FM	XY
70	21	2.	FM	NE
70	22	santalorum	FM	NE
70	23	alborum	FM	NE
70	24	&	$(	XY
70	25	rubeorum	FM	NE
70	26	,	$,	$,
70	27	coralli	FM	NE
70	28	rubei	FM	NE
70	29	,	$,	$,
70	30	cinnamomi	FM	NE
70	31	,	$,	$,
70	32	charyophyllorum	FM	NE
70	33	ana	FM	NE
70	34	z	FM	XY
70	35	3.	FM	NE
70	36	ossis	FM	NE
70	37	de	FM	NE
70	38	cornu	FM	NE
70	39	cerui	FM	NE
70	40	,	$,	$,
70	41	agallo	FM	NE
70	42	chi	FM	NE
70	43	,	$,	$,
70	44	croci	FM	NE
70	45	,	$,	$,
70	46	ana	FM	NE
70	47	z	FM	XY
70	48	s.	FM	XY
70	49	demi.	FM	NE
70	50	Acesosæ	FM	NE
70	51	scrip	FM	FM
70	52	.	$.	$.
71	1	2.	FM	NE
71	2	caphiuræ	FM	NE
71	3	grana	FM	NE
71	4	2	FM	CARD
71	5	horum	FM	NE
71	6	pulueres	FM	NE
71	7	aquarum	FM	NE
71	8	boraginis	FM	NE
71	9	,	$,	$,
71	10	et	FM	NE
71	11	buglossæ	FM	NE
71	12	lib.	FM	NE
71	13	2.	FM	NE
71	14	&	$(	XY
71	15	aceti	FM	NE
71	16	rosacei	FM	NE
71	17	1.	FM	NE
71	18	commisceantur	FM	NE
71	19	.	$.	$.
72	1	darein	PAV	VVINF
72	2	soll	VMFIN	VMFIN
72	3	man	PIS	PIS
72	4	tauchen	VVFIN	VVINF
72	5	seidene	ADJA	ADJA
72	6	Tüchlein	NN	NN
72	7	und	KON	KON
72	8	laulich	ADJD	ADJD
72	9	warm	ADJD	ADJD
72	10	auf	APPR	APPR
72	11	das	ART	ART
72	12	Herz	NN	NN
72	13	legen	VVINF	VVINF
72	14	.	$.	$.
73	1	man	PIS	PIS
73	2	soll	VMFIN	VMFIN
73	3	auch	ADV	ADV
73	4	Achtung	NN	NN
73	5	haben	VAFIN	VAINF
73	6	/	$(	$(
73	7	dass	ART	KOUS
73	8	der	ART	ART
73	9	Leib	NN	NN
73	10	nicht	PTKNEG	PTKNEG
73	11	gestopft	VVPP	VVINF
73	12	bleibe	VVFIN	VVFIN
73	13	/	$(	$(
73	14	sondern	KON	KON
73	15	muss	VMFIN	VMFIN
73	16	ihm	PPER	PPER
73	17	zur	PTKZU	APPRART
73	18	Hilfe	NN	NN
73	19	kommen	VVFIN	VVINF
73	20	mit	APPR	APPR
73	21	Zäpflein	NE	NN
73	22	/	$(	$(
73	23	mit	APPR	APPR
73	24	Klistieren	VVINF	NN
73	25	/	$(	$(
73	26	und	KON	KON
73	27	auf	APPR	APPR
73	28	andere	ADJA	ADJA
73	29	Weise	VVFIN	NN
73	30	/	$(	$(
73	31	wie	KOKOM	PWAV
73	32	man	PIS	PIS
73	33	gewöhnlich	ADJD	ADJD
73	34	pflegt	VVFIN	VVFIN
73	35	.	$.	$.
74	1	über	APPR	APPR
74	2	das	ART	ART
74	3	alles	PIS	PIS
74	4	ist	VAFIN	VAFIN
74	5	zu	PTKZU	PTKZU
74	6	merken	VVINF	VVINF
74	7	/	$(	$(
74	8	wie	KOKOM	PWAV
74	9	man	PIS	PIS
74	10	mit	APPR	APPR
74	11	den	ART	ART
74	12	Beulen	VVINF	NN
74	13	fortfaren	PTKVZ	VVINF
74	14	soll	VMFIN	VMFIN
74	15	/	$(	$(
74	16	welche	PWAT	PRELS
74	17	doch	ADV	ADV
74	18	nicht	PTKNEG	PTKNEG
74	19	einerlei	PIS	VVINF
74	20	Art	NN	NN
74	21	seien	VAINF	VAFIN
74	22	.	$.	$.
75	1	dieweil	KOUS	ADV
75	2	auch	ADV	ADV
75	3	die	ART	ART
75	4	Feuchtigkeiten	NN	NN
75	5	mancherlei	PIAT	ADV
75	6	sind	VAFIN	VAFIN
75	7	/	$(	$(
75	8	doch	ADV	KON
75	9	sind	VAFIN	VAFIN
75	10	gemeiniglich	ADJD	ADV
75	11	die	ART	ART
75	12	Farben	NN	NN
75	13	der	ART	ART
75	14	Beulen	VVINF	NN
75	15	den	ART	ART
75	16	Feuchtigkeiten	NN	NN
75	17	gleichmäßig	ADJD	ADV
75	18	/	$(	$(
75	19	und	KON	KON
75	20	daraus	PAV	PAV
75	21	zu	PTKZU	PTKZU
75	22	merken	VVINF	VVINF
75	23	ist	VAFIN	VAFIN
75	24	/	$(	$(
75	25	dass	ART	KOUS
75	26	nicht	PTKNEG	PTKNEG
75	27	allerlei	PIAT	PIAT
75	28	Beulen	VVINF	NN
75	29	gleich	ADV	ADV
75	30	bald	ADV	ADV
75	31	zu	PTKZU	PTKZU
75	32	ärzneien	NN	ADV
75	33	sind	VAFIN	VAFIN
75	34	.	$.	$.
76	1	das	ART	PDS
76	2	muss	VMFIN	VMFIN
76	3	man	PIS	PIS
76	4	aber	ADV	ADV
76	5	merken	VVINF	VVINF
76	6	/	$(	$(
76	7	dass	ART	KOUS
76	8	man	PIS	PIS
76	9	nicht	PTKNEG	PTKNEG
76	10	säumen	VVFIN	VVINF
76	11	muss	VMFIN	VMFIN
76	12	mit	APPR	APPR
76	13	der	ART	ART
76	14	Eröffnung	NN	NN
76	15	/	$(	$(
76	16	sondern	KON	KON
76	17	mit	APPR	APPR
76	18	allem	PIS	PIAT
76	19	Fleiß	NN	NN
76	20	eröffnen	VVINF	VVINF
76	21	/	$(	$(
76	22	und	KON	KON
76	23	keinerlei	PIAT	PIAT
76	24	Weise	VVFIN	NN
76	25	auflegen	VVINF	VVINF
76	26	/	$(	$(
76	27	was	PWS	PWS
76	28	zurücktreiben	PTKZU	VVINF
76	29	möchte	VMFIN	VMFIN
76	30	.	$.	$.
77	1	darum	PAV	PAV
77	2	sind	VAFIN	VAFIN
77	3	die	ART	PDS
77	4	nicht	PTKNEG	PTKNEG
77	5	närrisch	ADJD	VVINF
77	6	die	ART	PRELS
77	7	die	ART	ART
77	8	Beulen	VVINF	NN
77	9	mit	APPR	APPR
77	10	einem	ART	ART
77	11	las	VVFIN	NN
77	12	Eisen	VVINF	NN
77	13	aufreißen	VVINF	VVINF
77	14	/	$(	$(
77	15	und	KON	KON
77	16	um	APPR	APPR
77	17	die	ART	ART
77	18	Geschwulst	NN	NN
77	19	hacken	VVINF	VVINF
77	20	/	$(	$(
77	21	und	KON	KON
77	22	darauf	PAV	PAV
77	23	einen	ART	ART
77	24	Kopf	NN	NN
77	25	setzen	VVINF	VVINF
77	26	lassen	VVINF	VVFIN
77	27	/	$(	$(
77	28	welches	PRELS	PWS
77	29	mit	APPR	APPR
77	30	Macht	VVFIN	NN
77	31	die	ART	ART
77	32	Gift	NN	NN
77	33	zu	PTKZU	APPR
77	34	sich	PRF	PRF
77	35	ziehen	VVINF	VVINF
77	36	mag	VMFIN	VMFIN
77	37	.	$.	$.
78	1	zudem	APPR	PAV
78	2	soll	VMFIN	VMFIN
78	3	man	PIS	PIS
78	4	ezliche	PIAT	ADJA
78	5	Arznei	NE	NN
78	6	gebrauchen	VVINF	ADJA
78	7	/	$(	$(
78	8	wie	KOKOM	PWAV
78	9	folgt	VVFIN	VVFIN
78	10	.	$.	$.
79	1	man	PIS	PIS
79	2	soll	VMFIN	VMFIN
79	3	eine	ART	ART
79	4	Zwiebel	NE	NN
79	5	oder	KON	KON
79	6	zwei	NE	CARD
79	7	nehmen	VVINF	VVPP
79	8	/	$(	$(
79	9	davon	PAV	PAV
79	10	schneide	VVFIN	VVPP
79	11	man	PIS	PIS
79	12	die	ART	ART
79	13	Köpfe	NN	NN
79	14	/	$(	$(
79	15	und	KON	KON
79	16	daselbst	NE	VVPP
79	17	sollen	VMFIN	VMFIN
79	18	sie	PPER	PPER
79	19	ein	ART	ART
79	20	wenig	PIS	PIS
79	21	ausgehöhlt	VVPP	VVPP
79	22	werden	VAINF	VAINF
79	23	/	$(	$(
79	24	und	KON	KON
79	25	darein	PAV	PAV
79	26	einen	ART	ART
79	27	guten	ADJA	ADJA
79	28	Theriak	NN	NN
79	29	einfüllen	VVINF	VVPP
79	30	/	$(	$(
79	31	und	KON	KON
79	32	wiederum	ADV	ADV
79	33	mit	APPR	APPR
79	34	dem	ART	ART
79	35	vorigen	ADJA	ADJA
79	36	abgeschnittenem	ADJA	ADJA
79	37	Teil	NN	NN
79	38	zustopfen	VVINF	VVPP
79	39	/	$(	$(
79	40	und	KON	KON
79	41	soll	VMFIN	VMFIN
79	42	also	ADV	ADV
79	43	in	APPR	APPR
79	44	der	ART	ART
79	45	Asche	NN	NN
79	46	gebraten	VVPP	VVPP
79	47	/	$(	$(
79	48	darnach	PAV	PAV
79	49	zerstoßen	NE	VVPP
79	50	und	KON	KON
79	51	auf	APPR	APPR
79	52	die	ART	ART
79	53	Beule	VVFIN	NN
79	54	wie	KOKOM	KOKOM
79	55	ein	ART	ART
79	56	Pflaster	NN	NN
79	57	gelegt	VVPP	VVPP
79	58	werden	VAINF	VAINF
79	59	.	$.	$.
80	1	denn	KON	KON
80	2	der	ART	ART
80	3	thiriack	NN	FM
80	4	treibt	VVFIN	VVFIN
80	5	nicht	PTKNEG	PTKNEG
80	6	zurück	VVINF	PTKVZ
80	7	die	ART	ART
80	8	Gift	NN	NN
80	9	/	$(	$(
80	10	sondern	KON	KON
80	11	er	PPER	PPER
80	12	zieht	VVFIN	VVFIN
80	13	zu	PTKZU	APPR
80	14	sich	PRF	PRF
80	15	wie	KOKOM	PWAV
80	16	man	PIS	PIS
80	17	sonst	ADV	ADV
80	18	weitläufig	ADJD	VVFIN
80	19	in	APPR	APPR
80	20	der	ART	ART
80	21	Schule	VVINF	NN
80	22	pflegt	VVFIN	VVFIN
80	23	zu	PTKZU	PTKZU
80	24	disputieren	VVINF	VVFIN
80	25	.	$.	$.
81	1	auch	ADV	ADV
81	2	mögen	VMFIN	VMFIN
81	3	die	ART	ART
81	4	armen	ADJA	ADJA
81	5	Leute	NN	NN
81	6	ein	ART	ART
81	7	Pflaster	NN	NN
81	8	machen	VVINF	NN
81	9	von	APPR	APPR
81	10	saurem	ADJA	ADJA
81	11	Teig	NN	NN
81	12	/	$(	$(
81	13	altem	ADJD	ADJA
81	14	Schmer	NN	NN
81	15	/	$(	$(
81	16	Vitriol	NN	NN
81	17	/[28]|/[29]	XY	$(
81	18	Kalk	VVIMP	NN
81	19	/	$(	$(
81	20	Pech	VVIMP	NN
81	21	/	$(	$(
81	22	ein	ART	ART
81	23	jedes	PIAT	PIS
81	24	ein	ART	ART
81	25	wenig	PIS	PIS
81	26	.	$.	$.
82	1	die	ART	PDS
82	2	mögen	VMFIN	VMFIN
82	3	auch	ADV	ADV
82	4	Schnitteln	VVINF	NN
82	5	von	APPR	APPR
82	6	dem	ART	ART
82	7	Rettich	NN	NN
82	8	auflegen	VVINF	VVINF
82	9	/	$(	$(
82	10	und	KON	KON
82	11	oftmals	ADV	ADV
82	12	dieselbigen	PDAT	PDS
82	13	verneuern	ADJA	VVINF
82	14	/	$(	$(
82	15	dann	ADV	ADV
82	16	es	PPER	PPER
82	17	zieht	VVFIN	VVINF
82	18	wohl	ADV	ADV
82	19	aus	APPR	PTKVZ
82	20	.	$.	$.
83	1	man	PIS	PIS
83	2	soll	VMFIN	VMFIN
83	3	auch	ADV	ADV
83	4	Kamillenblumen	NN	NN
83	5	/	$(	$(
83	6	Foenumgraecumsamen	NE	NN
83	8	gepulvert	VVPP	VVPP
83	9	ein	ART	ART
83	10	itzliches	NE	ADJA
83	11	zwei	CARD	CARD
83	12	Lot	NN	NN
83	13	nehmen	VVINF	VVINF
83	14	und	KON	KON
83	15	darzu	PAV	PAV
83	16	tue	VVFIN	VVFIN
83	17	man	PIS	PIS
83	18	auch	ADV	ADV
83	19	Leinsamen	VVIMP	NN
83	20	/	$(	$(
83	21	große	ADJD	ADJA
83	22	Pappelwurz	NN	NN
83	23	/	$(	$(
83	24	jedes	PIAT	PIAT
83	25	zwei	CARD	CARD
83	26	Lot	NN	NN
83	27	/	$(	$(
83	28	Sauerteig	ADJD	NN
83	29	von	APPR	APPR
83	30	Roggenmehl	VVINF	NN
83	31	2	NE	CARD
83	32	Lot	NN	NN
83	33	.	$.	$.
83	34	Tormentillwurz	NE	NN
83	35	/	$(	$(
83	36	das	ART	ART
83	37	Kraut	NN	NN
83	38	Valerian	NE	NE
83	39	/	$(	$(
83	40	Diptam	NE	NE
83	41	/	$(	$(
83	42	jedes	PIAT	PIAT
83	43	3	XY	CARD
83	44	Quent	NN	NN
83	45	/	$(	$(
83	46	Senfsamen	NN	NN
83	47	/	$(	$(
83	48	Taubenkot	NN	NN
83	49	ein	ART	ART
83	50	jedes	PIAT	PIAT
83	51	1	NE	CARD
83	52	Lot	NN	NN
83	53	weiße	VVFIN	ADJA
83	54	Lilien	NN	NN
83	55	und	KON	KON
83	56	Kamillenöl	NN	NN
83	57	jedes	PIAT	PIAT
83	58	vier	CARD	CARD
83	59	Lot	NN	NN
83	60	/	$(	$(
83	61	aus	APPR	APPR
83	62	dem	ART	PDS
83	63	mag	VMFIN	VMFIN
83	64	man	PIS	PIS
83	65	ein	ART	ART
83	66	Pflaster	NN	NN
83	67	machen	VVINF	VVINF
83	68	/	$(	$(
83	69	und	KON	KON
83	70	darauf	PAV	PAV
83	71	legen	VVINF	VVINF
83	72	/	$(	$(
83	73	denn	KON	KON
83	74	es	PPER	PPER
83	75	tut	VVFIN	VVFIN
83	76	in	APPR	APPR
83	77	diesen	PDAT	PDAT
83	78	giftigen	ADJA	VVINF
83	79	Beulen	VVINF	NN
83	80	sehr	ADV	ADV
83	81	viel	ADV	PIS
83	82	.	$.	$.
84	1	in	APPR	APPR
84	2	der	ART	ART
84	3	Eile	NN	NN
84	4	aber	ADV	ADV
84	5	mag	VMFIN	VMFIN
84	6	man	PIS	PIS
84	7	nehmen	VVINF	VVPP
84	8	das	ART	ART
84	9	Pflaster	NN	NN
84	10	in	APPR	APPR
84	11	der	ART	ART
84	12	Apotheke	NN	NN
84	13	genannt	VVPP	VVPP
84	14	diachylon	NE	NE
84	15	simplex	NE	VVPP
84	16	,	$,	$,
84	17	bei	APPR	APPR
84	18	2	NE	CARD
84	19	Unzen	NN	NN
84	20	/	$(	$(
84	21	darzu	PAV	VVPP
84	22	soll	VMFIN	VMFIN
84	23	vermischt	VVFIN	VVPP
84	24	werden	VAINF	VAINF
84	25	Ammoniacum	NE	NN
84	26	und	KON	KON
84	27	Galbanum	NE	NN
84	28	/	$(	$(
84	29	jedes	PIAT	PIS
84	30	bei	APPR	APPR
84	31	einer	ART	ART
84	32	Unze	NN	NN
84	33	.	$.	$.
85	1	es	PPER	PPER
85	2	ist	VAFIN	VAFIN
85	3	auch	ADV	ADV
85	4	gut	ADJD	ADJD
85	5	der	ART	ART
85	6	Gänsemist	NN	NN
85	7	/	$(	$(
85	8	mit	APPR	APPR
85	9	gemeinem	ADJA	ADJA
85	10	Öl	NN	NN
85	11	aufgelegt	VVPP	ADJA
85	12	.	$.	$.
85	13	wer	PWS	PWS
85	14	da	ADV	ADV
85	15	will	VMFIN	VMFIN
85	16	etwas	PIS	PIAT
85	17	Stärkeres	NN	ADJA
85	18	haben	VAFIN	VAINF
85	19	/	$(	$(
85	20	wird	VAFIN	VAFIN
85	21	man	PIS	PIS
85	22	bekommen	VVINF	ADJA
85	23	in	APPR	APPR
85	24	der	ART	ART
85	25	Apotheke	NN	NN
85	26	.	$.	$.
86	1	und	KON	KON
86	2	nachfolgend	VVPP	VVINF
86	3	wird	VAFIN	VAFIN
86	4	sich	PRF	PRF
86	5	ein	ART	ART
86	6	geschickter	ADJA	VVINF
86	7	Barbierer	NE	NN
86	8	wohl	ADV	ADV
86	9	wissen	VVINF	VVINF
86	10	zu	PTKZU	PTKZU
86	11	halten	VVINF	VVINF
86	12	.	$.	$.
87	1	zum	APPRART	APPRART
87	2	Beschluss	NN	NN
87	3	wird	VAFIN	VAFIN
87	4	ein	ART	ART
87	5	jeder	PIAT	PIS
87	6	Zuflucht	NN	NN
87	7	haben	VAFIN	VAINF
87	8	zu	PTKZU	APPR
87	9	Gott	NN	NN
87	10	/	$(	$(
87	11	wie	KOKOM	PWAV
87	12	David	NE	NE
87	13	täte	VVFIN	VVFIN
87	14	/	$(	$(
87	15	da	ADV	KOUS
87	16	um	APPR	APPR
87	17	seiner	PPOSAT	PPOSAT
87	18	Sünden	NN	NN
87	19	willen	NN	APZR
87	20	/	$(	$(
87	21	zwischen	APPR	APPR
87	22	Dan	ADV	NE
87	23	und	KON	KON
87	24	Beerscheba	NE	NE
87	25	in	APPR	APPR
87	26	drei	CARD	CARD
87	27	Tagen	NN	NN
87	28	siebzigtausend	CARD	NN
87	29	Mann	PIS	NN
87	30	an	APPR	APPR
87	31	der	ART	ART
87	32	Pestilenz	NN	NN
87	33	gestorben	VVPP	NN
87	34	sind	VAFIN	VAFIN
87	35	.	$.	$.
88	1	aber	KON	KON
88	2	da	ADV	KOUS
88	3	David	NE	NE
88	4	um	APPR	APPR
88	5	Verzeihung	NE	NN
88	6	der	ART	ART
88	7	Sünden	NN	NN
88	8	bat	VVFIN	VVFIN
88	9	/	$(	$(
88	10	und	KON	KON
88	11	Gnade	NN	NN
88	12	erlangt	VVFIN	VVFIN
88	13	durch	APPR	APPR
88	14	sein	VAINF	PPOSAT
88	15	christliches	ADJD	ADJA
88	16	Gebet	NN	NN
88	17	/	$(	$(
88	18	und	KON	KON
88	19	anrufen	APPR	VVFIN
88	20	/	$(	$(
88	21	so	ADV	ADV
88	22	hatte	VAFIN	VAFIN
88	23	die	ART	ART
88	24	Pestilenz	NN	NN
88	25	ein	ART	ART
88	26	Ende	NN	NN
88	27	.	$.	$.
89	1	desgleichen	KOUS	VVINF
89	2	werden	VAINF	VAFIN
89	3	alle	PIAT	PIAT
89	4	frommen	ADJA	VVINF
89	5	Christen	NN	NN
89	6	tun	VVINF	VVINF
89	7	/	$(	$(
89	8	und	KON	KON
89	9	sich	PRF	PRF
89	10	auf	APPR	APPR
89	11	die	ART	ART
89	12	Zusagung	NN	NN
89	13	Gottes	NN	NN
89	14	verlassen	NE	VVINF
89	15	.	$.	$.
90	1	FINIS	NN	NE
90	2	.	$.	$.
